ISO-10303-21;
HEADER;
/* Generated by software containing ST-Developer
 * from STEP Tools, Inc. (www.steptools.com) 
 */

FILE_DESCRIPTION(
/* description */ ('KiCad electronic assembly'),
/* implementation_level */ '2;1');

FILE_NAME(
/* name */ '3acfc45d-afc2-40f0-82cd-cd1100d8769d.stp',
/* time_stamp */ '2026-06-06T04:33:03Z',
/* author */ (''),
/* organization */ (''),
/* preprocessor_version */ 'ST-DEVELOPER v20.1',
/* originating_system */ 'Autodesk Translation Framework v15.8.0.0',
/* authorisation */ '');

FILE_SCHEMA (('AUTOMOTIVE_DESIGN { 1 0 10303 214 3 1 1 }'));
ENDSEC;

DATA;
#10=MECHANICAL_DESIGN_GEOMETRIC_PRESENTATION_REPRESENTATION('',(#17),#7369);
#11=ITEM_DEFINED_TRANSFORMATION($,$,#3757,#3887);
#12=(
REPRESENTATION_RELATIONSHIP($,$,#7380,#7379)
REPRESENTATION_RELATIONSHIP_WITH_TRANSFORMATION(#11)
SHAPE_REPRESENTATION_RELATIONSHIP()
);
#13=CONTEXT_DEPENDENT_SHAPE_REPRESENTATION(#12,#7378);
#14=NEXT_ASSEMBLY_USAGE_OCCURRENCE('Body (1):1','Body (1):1',
'Body (1):1',#7382,#7383,'Body (1):1');
#15=SHAPE_REPRESENTATION_RELATIONSHIP('SRR','None',#7380,#16);
#16=ADVANCED_BREP_SHAPE_REPRESENTATION('',(#18),#7368);
#17=STYLED_ITEM('',(#7394),#18);
#18=MANIFOLD_SOLID_BREP('Body',#3743);
#19=CIRCLE('',#3824,1.);
#20=CIRCLE('',#3825,1.);
#21=CIRCLE('',#3827,0.499999999999972);
#22=CIRCLE('',#3828,0.499999999999972);
#23=CIRCLE('',#3830,1.);
#24=CIRCLE('',#3831,1.);
#25=CIRCLE('',#3832,1.);
#26=CIRCLE('',#3833,2.25);
#27=CIRCLE('',#3834,2.25000000000001);
#28=CIRCLE('',#3835,2.25000000000001);
#29=CIRCLE('',#3836,2.25);
#30=CIRCLE('',#3838,1.);
#31=CIRCLE('',#3841,1.);
#32=CIRCLE('',#3844,1.);
#33=CIRCLE('',#3848,0.499999999999972);
#34=CIRCLE('',#3851,0.499999999999972);
#35=CIRCLE('',#3853,2.25);
#36=CIRCLE('',#3855,1.50000002235174);
#37=CIRCLE('',#3857,2.25000000000001);
#38=CIRCLE('',#3859,1.50000002235174);
#39=CIRCLE('',#3861,2.25000000000001);
#40=CIRCLE('',#3863,1.50000002235174);
#41=CIRCLE('',#3865,2.25);
#42=CIRCLE('',#3867,1.49999963119631);
#43=CIRCLE('',#3869,1.50000002235174);
#44=CIRCLE('',#3872,1.50000002235174);
#45=CIRCLE('',#3875,1.50000002235174);
#46=CIRCLE('',#3878,1.49999963119631);
#47=CYLINDRICAL_SURFACE('',#3823,1.);
#48=CYLINDRICAL_SURFACE('',#3837,1.);
#49=CYLINDRICAL_SURFACE('',#3840,1.);
#50=CYLINDRICAL_SURFACE('',#3843,1.);
#51=CYLINDRICAL_SURFACE('',#3847,0.499999999999972);
#52=CYLINDRICAL_SURFACE('',#3850,0.499999999999972);
#53=CYLINDRICAL_SURFACE('',#3852,2.25);
#54=CYLINDRICAL_SURFACE('',#3856,2.25000000000001);
#55=CYLINDRICAL_SURFACE('',#3860,2.25000000000001);
#56=CYLINDRICAL_SURFACE('',#3864,2.25);
#57=CYLINDRICAL_SURFACE('',#3868,1.50000002235174);
#58=CYLINDRICAL_SURFACE('',#3871,1.50000002235174);
#59=CYLINDRICAL_SURFACE('',#3874,1.50000002235174);
#60=CYLINDRICAL_SURFACE('',#3877,1.49999963119631);
#61=FACE_BOUND('',#638,.T.);
#62=FACE_BOUND('',#639,.T.);
#63=FACE_BOUND('',#678,.T.);
#64=FACE_BOUND('',#731,.T.);
#65=FACE_BOUND('',#760,.T.);
#66=FACE_BOUND('',#782,.T.);
#67=FACE_BOUND('',#783,.T.);
#68=FACE_BOUND('',#784,.T.);
#69=FACE_BOUND('',#785,.T.);
#70=FACE_BOUND('',#790,.T.);
#71=FACE_BOUND('',#791,.T.);
#72=FACE_BOUND('',#792,.T.);
#73=FACE_BOUND('',#793,.T.);
#74=FACE_BOUND('',#794,.T.);
#75=FACE_BOUND('',#795,.T.);
#76=FACE_BOUND('',#796,.T.);
#77=FACE_BOUND('',#797,.T.);
#78=FACE_BOUND('',#798,.T.);
#79=FACE_BOUND('',#807,.T.);
#80=FACE_BOUND('',#810,.T.);
#81=FACE_BOUND('',#813,.T.);
#82=FACE_BOUND('',#816,.T.);
#83=B_SPLINE_CURVE_WITH_KNOTS('',3,(#4482,#4483,#4484,#4485,#4486),
 .UNSPECIFIED.,.F.,.F.,(4,1,4),(0.,0.0183446981711697,0.0459406649610005),
 .UNSPECIFIED.);
#84=B_SPLINE_CURVE_WITH_KNOTS('',3,(#4489,#4490,#4491,#4492,#4493),
 .UNSPECIFIED.,.F.,.F.,(4,1,4),(0.,0.0183446981711697,0.0459406649610005),
 .UNSPECIFIED.);
#85=B_SPLINE_CURVE_WITH_KNOTS('',3,(#4505,#4506,#4507,#4508,#4509),
 .UNSPECIFIED.,.F.,.F.,(4,1,4),(0.,0.0129671062867847,0.0261456359355277),
 .UNSPECIFIED.);
#86=B_SPLINE_CURVE_WITH_KNOTS('',3,(#4512,#4513,#4514,#4515,#4516),
 .UNSPECIFIED.,.F.,.F.,(4,1,4),(0.,0.0129671062867847,0.0261456359355277),
 .UNSPECIFIED.);
#87=B_SPLINE_CURVE_WITH_KNOTS('',3,(#4528,#4529,#4530,#4531,#4532),
 .UNSPECIFIED.,.F.,.F.,(4,1,4),(0.,0.0141316448704011,0.0274399428904371),
 .UNSPECIFIED.);
#88=B_SPLINE_CURVE_WITH_KNOTS('',3,(#4535,#4536,#4537,#4538,#4539),
 .UNSPECIFIED.,.F.,.F.,(4,1,4),(0.,0.0141316448704011,0.0274399428904371),
 .UNSPECIFIED.);
#89=B_SPLINE_CURVE_WITH_KNOTS('',3,(#4551,#4552,#4553,#4554,#4555),
 .UNSPECIFIED.,.F.,.F.,(4,1,4),(0.,0.0131327748886072,0.0276901897769602),
 .UNSPECIFIED.);
#90=B_SPLINE_CURVE_WITH_KNOTS('',3,(#4558,#4559,#4560,#4561,#4562),
 .UNSPECIFIED.,.F.,.F.,(4,1,4),(0.,0.0131327748886072,0.0276901897769602),
 .UNSPECIFIED.);
#91=B_SPLINE_CURVE_WITH_KNOTS('',3,(#4574,#4575,#4576,#4577,#4578),
 .UNSPECIFIED.,.F.,.F.,(4,1,4),(0.,0.0145395723539382,0.0275677405024155),
 .UNSPECIFIED.);
#92=B_SPLINE_CURVE_WITH_KNOTS('',3,(#4581,#4582,#4583,#4584,#4585),
 .UNSPECIFIED.,.F.,.F.,(4,1,4),(0.,0.0145395723539382,0.0275677405024155),
 .UNSPECIFIED.);
#93=B_SPLINE_CURVE_WITH_KNOTS('',3,(#4597,#4598,#4599,#4600,#4601),
 .UNSPECIFIED.,.F.,.F.,(4,1,4),(0.,0.0226804233694319,0.0380972009139052),
 .UNSPECIFIED.);
#94=B_SPLINE_CURVE_WITH_KNOTS('',3,(#4604,#4605,#4606,#4607,#4608),
 .UNSPECIFIED.,.F.,.F.,(4,1,4),(0.,0.0226804233694319,0.0380972009139052),
 .UNSPECIFIED.);
#95=B_SPLINE_CURVE_WITH_KNOTS('',3,(#4638,#4639,#4640,#4641,#4642),
 .UNSPECIFIED.,.F.,.F.,(4,1,4),(0.,0.0189130895732998,0.0442182785297395),
 .UNSPECIFIED.);
#96=B_SPLINE_CURVE_WITH_KNOTS('',3,(#4645,#4646,#4647,#4648,#4649),
 .UNSPECIFIED.,.F.,.F.,(4,1,4),(0.,0.0189130895732998,0.0442182785297395),
 .UNSPECIFIED.);
#97=B_SPLINE_CURVE_WITH_KNOTS('',3,(#4661,#4662,#4663,#4664,#4665),
 .UNSPECIFIED.,.F.,.F.,(4,1,4),(0.,0.0147611272681771,0.0300216287512666),
 .UNSPECIFIED.);
#98=B_SPLINE_CURVE_WITH_KNOTS('',3,(#4668,#4669,#4670,#4671,#4672),
 .UNSPECIFIED.,.F.,.F.,(4,1,4),(0.,0.0147611272681771,0.0300216287512666),
 .UNSPECIFIED.);
#99=B_SPLINE_CURVE_WITH_KNOTS('',3,(#4684,#4685,#4686,#4687,#4688),
 .UNSPECIFIED.,.F.,.F.,(4,1,4),(0.,0.0158016061321996,0.0306748995081069),
 .UNSPECIFIED.);
#100=B_SPLINE_CURVE_WITH_KNOTS('',3,(#4691,#4692,#4693,#4694,#4695),
 .UNSPECIFIED.,.F.,.F.,(4,1,4),(0.,0.0158016061321996,0.0306748995081069),
 .UNSPECIFIED.);
#101=B_SPLINE_CURVE_WITH_KNOTS('',3,(#4707,#4708,#4709,#4710,#4711),
 .UNSPECIFIED.,.F.,.F.,(4,1,4),(0.,0.0126761143872517,0.0262635004280686),
 .UNSPECIFIED.);
#102=B_SPLINE_CURVE_WITH_KNOTS('',3,(#4714,#4715,#4716,#4717,#4718),
 .UNSPECIFIED.,.F.,.F.,(4,1,4),(0.,0.0126761143872517,0.0262635004280686),
 .UNSPECIFIED.);
#103=B_SPLINE_CURVE_WITH_KNOTS('',3,(#4730,#4731,#4732,#4733,#4734),
 .UNSPECIFIED.,.F.,.F.,(4,1,4),(0.,0.0109324819854704,0.0226426775158287),
 .UNSPECIFIED.);
#104=B_SPLINE_CURVE_WITH_KNOTS('',3,(#4737,#4738,#4739,#4740,#4741),
 .UNSPECIFIED.,.F.,.F.,(4,1,4),(0.,0.0109324819854704,0.0226426775158287),
 .UNSPECIFIED.);
#105=B_SPLINE_CURVE_WITH_KNOTS('',3,(#4753,#4754,#4755,#4756,#4757),
 .UNSPECIFIED.,.F.,.F.,(4,1,4),(0.,0.0130042197853813,0.0244461595905065),
 .UNSPECIFIED.);
#106=B_SPLINE_CURVE_WITH_KNOTS('',3,(#4760,#4761,#4762,#4763,#4764),
 .UNSPECIFIED.,.F.,.F.,(4,1,4),(0.,0.0130042197853813,0.0244461595905065),
 .UNSPECIFIED.);
#107=B_SPLINE_CURVE_WITH_KNOTS('',3,(#4776,#4777,#4778,#4779,#4780),
 .UNSPECIFIED.,.F.,.F.,(4,1,4),(0.,0.0163749875039833,0.0270702737929475),
 .UNSPECIFIED.);
#108=B_SPLINE_CURVE_WITH_KNOTS('',3,(#4783,#4784,#4785,#4786,#4787),
 .UNSPECIFIED.,.F.,.F.,(4,1,4),(0.,0.0163749875039833,0.0270702737929475),
 .UNSPECIFIED.);
#109=B_SPLINE_CURVE_WITH_KNOTS('',3,(#4809,#4810,#4811,#4812,#4813),
 .UNSPECIFIED.,.F.,.F.,(4,1,4),(0.,0.0222039703434017,0.0486308696239003),
 .UNSPECIFIED.);
#110=B_SPLINE_CURVE_WITH_KNOTS('',3,(#4817,#4818,#4819,#4820,#4821),
 .UNSPECIFIED.,.F.,.F.,(4,1,4),(0.,0.0222039703434017,0.0486308696239003),
 .UNSPECIFIED.);
#111=B_SPLINE_CURVE_WITH_KNOTS('',3,(#4834,#4835,#4836,#4837,#4838),
 .UNSPECIFIED.,.F.,.F.,(4,1,4),(0.,0.0171275470720941,0.0363484478308448),
 .UNSPECIFIED.);
#112=B_SPLINE_CURVE_WITH_KNOTS('',3,(#4841,#4842,#4843,#4844,#4845),
 .UNSPECIFIED.,.F.,.F.,(4,1,4),(0.,0.0171275470720941,0.0363484478308448),
 .UNSPECIFIED.);
#113=B_SPLINE_CURVE_WITH_KNOTS('',3,(#4857,#4858,#4859,#4860,#4861),
 .UNSPECIFIED.,.F.,.F.,(4,1,4),(0.,0.0187688743213663,0.035663112521195),
 .UNSPECIFIED.);
#114=B_SPLINE_CURVE_WITH_KNOTS('',3,(#4864,#4865,#4866,#4867,#4868),
 .UNSPECIFIED.,.F.,.F.,(4,1,4),(0.,0.0187688743213663,0.035663112521195),
 .UNSPECIFIED.);
#115=B_SPLINE_CURVE_WITH_KNOTS('',3,(#4880,#4881,#4882,#4883,#4884),
 .UNSPECIFIED.,.F.,.F.,(4,1,4),(0.,0.0204855641654531,0.0405831674778777),
 .UNSPECIFIED.);
#116=B_SPLINE_CURVE_WITH_KNOTS('',3,(#4887,#4888,#4889,#4890,#4891),
 .UNSPECIFIED.,.F.,.F.,(4,1,4),(0.,0.0204855641654531,0.0405831674778777),
 .UNSPECIFIED.);
#117=B_SPLINE_CURVE_WITH_KNOTS('',3,(#4903,#4904,#4905,#4906,#4907),
 .UNSPECIFIED.,.F.,.F.,(4,1,4),(0.,0.0237082923135805,0.0484384520804254),
 .UNSPECIFIED.);
#118=B_SPLINE_CURVE_WITH_KNOTS('',3,(#4910,#4911,#4912,#4913,#4914),
 .UNSPECIFIED.,.F.,.F.,(4,1,4),(0.,0.0237082923135805,0.0484384520804254),
 .UNSPECIFIED.);
#119=B_SPLINE_CURVE_WITH_KNOTS('',3,(#4926,#4927,#4928,#4929,#4930),
 .UNSPECIFIED.,.F.,.F.,(4,1,4),(0.,0.0263569385965251,0.0505028157008104),
 .UNSPECIFIED.);
#120=B_SPLINE_CURVE_WITH_KNOTS('',3,(#4933,#4934,#4935,#4936,#4937),
 .UNSPECIFIED.,.F.,.F.,(4,1,4),(0.,0.0263569385965251,0.0505028157008104),
 .UNSPECIFIED.);
#121=B_SPLINE_CURVE_WITH_KNOTS('',3,(#4949,#4950,#4951,#4952,#4953),
 .UNSPECIFIED.,.F.,.F.,(4,1,4),(0.,0.0201763710960566,0.0421985619195243),
 .UNSPECIFIED.);
#122=B_SPLINE_CURVE_WITH_KNOTS('',3,(#4956,#4957,#4958,#4959,#4960),
 .UNSPECIFIED.,.F.,.F.,(4,1,4),(0.,0.0201763710960566,0.0421985619195243),
 .UNSPECIFIED.);
#123=B_SPLINE_CURVE_WITH_KNOTS('',3,(#4972,#4973,#4974,#4975,#4976),
 .UNSPECIFIED.,.F.,.F.,(4,1,4),(0.,0.0188546712089795,0.0380690384474269),
 .UNSPECIFIED.);
#124=B_SPLINE_CURVE_WITH_KNOTS('',3,(#4979,#4980,#4981,#4982,#4983),
 .UNSPECIFIED.,.F.,.F.,(4,1,4),(0.,0.0188546712089795,0.0380690384474269),
 .UNSPECIFIED.);
#125=B_SPLINE_CURVE_WITH_KNOTS('',3,(#4995,#4996,#4997,#4998,#4999),
 .UNSPECIFIED.,.F.,.F.,(4,1,4),(0.,0.0212423411639217,0.0416670761052186),
 .UNSPECIFIED.);
#126=B_SPLINE_CURVE_WITH_KNOTS('',3,(#5002,#5003,#5004,#5005,#5006),
 .UNSPECIFIED.,.F.,.F.,(4,1,4),(0.,0.0212423411639217,0.0416670761052186),
 .UNSPECIFIED.);
#127=B_SPLINE_CURVE_WITH_KNOTS('',3,(#5018,#5019,#5020,#5021,#5022),
 .UNSPECIFIED.,.F.,.F.,(4,1,4),(0.,0.0218490377189617,0.0434852689665109),
 .UNSPECIFIED.);
#128=B_SPLINE_CURVE_WITH_KNOTS('',3,(#5025,#5026,#5027,#5028,#5029),
 .UNSPECIFIED.,.F.,.F.,(4,1,4),(0.,0.0218490377189617,0.0434852689665109),
 .UNSPECIFIED.);
#129=B_SPLINE_CURVE_WITH_KNOTS('',3,(#5041,#5042,#5043,#5044,#5045),
 .UNSPECIFIED.,.F.,.F.,(4,1,4),(0.,0.0310370897062945,0.0561035108836177),
 .UNSPECIFIED.);
#130=B_SPLINE_CURVE_WITH_KNOTS('',3,(#5048,#5049,#5050,#5051,#5052),
 .UNSPECIFIED.,.F.,.F.,(4,1,4),(0.,0.0310370897062945,0.0561035108836177),
 .UNSPECIFIED.);
#131=B_SPLINE_CURVE_WITH_KNOTS('',3,(#5081,#5082,#5083,#5084,#5085),
 .UNSPECIFIED.,.F.,.F.,(4,1,4),(0.,0.0160785744106463,0.037514693598166),
 .UNSPECIFIED.);
#132=B_SPLINE_CURVE_WITH_KNOTS('',3,(#5089,#5090,#5091,#5092,#5093),
 .UNSPECIFIED.,.F.,.F.,(4,1,4),(0.,0.0160785744106463,0.037514693598166),
 .UNSPECIFIED.);
#133=B_SPLINE_CURVE_WITH_KNOTS('',3,(#5106,#5107,#5108,#5109,#5110),
 .UNSPECIFIED.,.F.,.F.,(4,1,4),(0.,0.0181634445478105,0.0357458301201578),
 .UNSPECIFIED.);
#134=B_SPLINE_CURVE_WITH_KNOTS('',3,(#5113,#5114,#5115,#5116,#5117),
 .UNSPECIFIED.,.F.,.F.,(4,1,4),(0.,0.0181634445478105,0.0357458301201578),
 .UNSPECIFIED.);
#135=B_SPLINE_CURVE_WITH_KNOTS('',3,(#5129,#5130,#5131,#5132,#5133),
 .UNSPECIFIED.,.F.,.F.,(4,1,4),(0.,0.020237096686248,0.0392856634754939),
 .UNSPECIFIED.);
#136=B_SPLINE_CURVE_WITH_KNOTS('',3,(#5136,#5137,#5138,#5139,#5140),
 .UNSPECIFIED.,.F.,.F.,(4,1,4),(0.,0.020237096686248,0.0392856634754939),
 .UNSPECIFIED.);
#137=B_SPLINE_CURVE_WITH_KNOTS('',3,(#5152,#5153,#5154,#5155,#5156),
 .UNSPECIFIED.,.F.,.F.,(4,1,4),(0.,0.0156547742731864,0.0347425178898031),
 .UNSPECIFIED.);
#138=B_SPLINE_CURVE_WITH_KNOTS('',3,(#5159,#5160,#5161,#5162,#5163),
 .UNSPECIFIED.,.F.,.F.,(4,1,4),(0.,0.0156547742731864,0.0347425178898031),
 .UNSPECIFIED.);
#139=B_SPLINE_CURVE_WITH_KNOTS('',3,(#5175,#5176,#5177,#5178,#5179),
 .UNSPECIFIED.,.F.,.F.,(4,1,4),(0.,0.0137857890181126,0.0275989031844547),
 .UNSPECIFIED.);
#140=B_SPLINE_CURVE_WITH_KNOTS('',3,(#5182,#5183,#5184,#5185,#5186),
 .UNSPECIFIED.,.F.,.F.,(4,1,4),(0.,0.0137857890181126,0.0275989031844547),
 .UNSPECIFIED.);
#141=B_SPLINE_CURVE_WITH_KNOTS('',3,(#5198,#5199,#5200,#5201,#5202),
 .UNSPECIFIED.,.F.,.F.,(4,1,4),(0.,0.00908657348173006,0.0183330261853745),
 .UNSPECIFIED.);
#142=B_SPLINE_CURVE_WITH_KNOTS('',3,(#5205,#5206,#5207,#5208,#5209),
 .UNSPECIFIED.,.F.,.F.,(4,1,4),(0.,0.00908657348173006,0.0183330261853745),
 .UNSPECIFIED.);
#143=B_SPLINE_CURVE_WITH_KNOTS('',3,(#5221,#5222,#5223,#5224,#5225),
 .UNSPECIFIED.,.F.,.F.,(4,1,4),(0.,0.00975659119943941,0.0191077919790291),
 .UNSPECIFIED.);
#144=B_SPLINE_CURVE_WITH_KNOTS('',3,(#5228,#5229,#5230,#5231,#5232),
 .UNSPECIFIED.,.F.,.F.,(4,1,4),(0.,0.00975659119943941,0.0191077919790291),
 .UNSPECIFIED.);
#145=B_SPLINE_CURVE_WITH_KNOTS('',3,(#5244,#5245,#5246,#5247,#5248),
 .UNSPECIFIED.,.F.,.F.,(4,1,4),(0.,0.0196991199819453,0.0330179845476122),
 .UNSPECIFIED.);
#146=B_SPLINE_CURVE_WITH_KNOTS('',3,(#5251,#5252,#5253,#5254,#5255),
 .UNSPECIFIED.,.F.,.F.,(4,1,4),(0.,0.0196991199819453,0.0330179845476122),
 .UNSPECIFIED.);
#147=B_SPLINE_CURVE_WITH_KNOTS('',3,(#5267,#5268,#5269,#5270,#5271),
 .UNSPECIFIED.,.F.,.F.,(4,1,4),(0.,0.0261867433001942,0.0618509914038741),
 .UNSPECIFIED.);
#148=B_SPLINE_CURVE_WITH_KNOTS('',3,(#5274,#5275,#5276,#5277,#5278),
 .UNSPECIFIED.,.F.,.F.,(4,1,4),(0.,0.0261867433001942,0.0618509914038741),
 .UNSPECIFIED.);
#149=B_SPLINE_CURVE_WITH_KNOTS('',3,(#5302,#5303,#5304,#5305,#5306),
 .UNSPECIFIED.,.F.,.F.,(4,1,4),(0.,0.0137257623536847,0.027736110602528),
 .UNSPECIFIED.);
#150=B_SPLINE_CURVE_WITH_KNOTS('',3,(#5309,#5310,#5311,#5312,#5313),
 .UNSPECIFIED.,.F.,.F.,(4,1,4),(0.,0.0137257623536847,0.027736110602528),
 .UNSPECIFIED.);
#151=B_SPLINE_CURVE_WITH_KNOTS('',3,(#5325,#5326,#5327,#5328,#5329),
 .UNSPECIFIED.,.F.,.F.,(4,1,4),(0.,0.0419546563127097,0.0651403601365294),
 .UNSPECIFIED.);
#152=B_SPLINE_CURVE_WITH_KNOTS('',3,(#5332,#5333,#5334,#5335,#5336),
 .UNSPECIFIED.,.F.,.F.,(4,1,4),(0.,0.0419546563127097,0.0651403601365294),
 .UNSPECIFIED.);
#153=B_SPLINE_CURVE_WITH_KNOTS('',3,(#5354,#5355,#5356,#5357,#5358),
 .UNSPECIFIED.,.F.,.F.,(4,1,4),(0.,0.0132712580909198,0.0340471641259214),
 .UNSPECIFIED.);
#154=B_SPLINE_CURVE_WITH_KNOTS('',3,(#5361,#5362,#5363,#5364,#5365),
 .UNSPECIFIED.,.F.,.F.,(4,1,4),(0.,0.0132712580909198,0.0340471641259214),
 .UNSPECIFIED.);
#155=B_SPLINE_CURVE_WITH_KNOTS('',3,(#5377,#5378,#5379,#5380,#5381),
 .UNSPECIFIED.,.F.,.F.,(4,1,4),(0.,0.0131451420797136,0.0276733929427936),
 .UNSPECIFIED.);
#156=B_SPLINE_CURVE_WITH_KNOTS('',3,(#5384,#5385,#5386,#5387,#5388),
 .UNSPECIFIED.,.F.,.F.,(4,1,4),(0.,0.0131451420797136,0.0276733929427936),
 .UNSPECIFIED.);
#157=B_SPLINE_CURVE_WITH_KNOTS('',3,(#5400,#5401,#5402,#5403,#5404),
 .UNSPECIFIED.,.F.,.F.,(4,1,4),(0.,0.0168166511963766,0.0307397847072183),
 .UNSPECIFIED.);
#158=B_SPLINE_CURVE_WITH_KNOTS('',3,(#5407,#5408,#5409,#5410,#5411),
 .UNSPECIFIED.,.F.,.F.,(4,1,4),(0.,0.0168166511963766,0.0307397847072183),
 .UNSPECIFIED.);
#159=B_SPLINE_CURVE_WITH_KNOTS('',3,(#5423,#5424,#5425,#5426,#5427),
 .UNSPECIFIED.,.F.,.F.,(4,1,4),(0.,0.0252747804221509,0.045872318631662),
 .UNSPECIFIED.);
#160=B_SPLINE_CURVE_WITH_KNOTS('',3,(#5430,#5431,#5432,#5433,#5434),
 .UNSPECIFIED.,.F.,.F.,(4,1,4),(0.,0.0252747804221509,0.045872318631662),
 .UNSPECIFIED.);
#161=B_SPLINE_CURVE_WITH_KNOTS('',3,(#5446,#5447,#5448,#5449,#5450),
 .UNSPECIFIED.,.F.,.F.,(4,1,4),(0.,0.0236994459593977,0.0501182912760881),
 .UNSPECIFIED.);
#162=B_SPLINE_CURVE_WITH_KNOTS('',3,(#5453,#5454,#5455,#5456,#5457),
 .UNSPECIFIED.,.F.,.F.,(4,1,4),(0.,0.0236994459593977,0.0501182912760881),
 .UNSPECIFIED.);
#163=B_SPLINE_CURVE_WITH_KNOTS('',3,(#5469,#5470,#5471,#5472,#5473),
 .UNSPECIFIED.,.F.,.F.,(4,1,4),(0.,0.0186834182110237,0.0396182728124495),
 .UNSPECIFIED.);
#164=B_SPLINE_CURVE_WITH_KNOTS('',3,(#5476,#5477,#5478,#5479,#5480),
 .UNSPECIFIED.,.F.,.F.,(4,1,4),(0.,0.0186834182110237,0.0396182728124495),
 .UNSPECIFIED.);
#165=B_SPLINE_CURVE_WITH_KNOTS('',3,(#5492,#5493,#5494,#5495,#5496),
 .UNSPECIFIED.,.F.,.F.,(4,1,4),(0.,0.0218609690522016,0.0408742567543102),
 .UNSPECIFIED.);
#166=B_SPLINE_CURVE_WITH_KNOTS('',3,(#5499,#5500,#5501,#5502,#5503),
 .UNSPECIFIED.,.F.,.F.,(4,1,4),(0.,0.0218609690522016,0.0408742567543102),
 .UNSPECIFIED.);
#167=B_SPLINE_CURVE_WITH_KNOTS('',3,(#5521,#5522,#5523,#5524,#5525),
 .UNSPECIFIED.,.F.,.F.,(4,1,4),(0.,0.0164751859370624,0.0374629685832116),
 .UNSPECIFIED.);
#168=B_SPLINE_CURVE_WITH_KNOTS('',3,(#5528,#5529,#5530,#5531,#5532),
 .UNSPECIFIED.,.F.,.F.,(4,1,4),(0.,0.0164751859370624,0.0374629685832116),
 .UNSPECIFIED.);
#169=B_SPLINE_CURVE_WITH_KNOTS('',3,(#5544,#5545,#5546,#5547,#5548),
 .UNSPECIFIED.,.F.,.F.,(4,1,4),(0.,0.0227294622466648,0.0400275412678699),
 .UNSPECIFIED.);
#170=B_SPLINE_CURVE_WITH_KNOTS('',3,(#5551,#5552,#5553,#5554,#5555),
 .UNSPECIFIED.,.F.,.F.,(4,1,4),(0.,0.0227294622466648,0.0400275412678699),
 .UNSPECIFIED.);
#171=B_SPLINE_CURVE_WITH_KNOTS('',3,(#5567,#5568,#5569,#5570,#5571),
 .UNSPECIFIED.,.F.,.F.,(4,1,4),(0.,0.0198890849562978,0.0444909150973638),
 .UNSPECIFIED.);
#172=B_SPLINE_CURVE_WITH_KNOTS('',3,(#5574,#5575,#5576,#5577,#5578),
 .UNSPECIFIED.,.F.,.F.,(4,1,4),(0.,0.0198890849562978,0.0444909150973638),
 .UNSPECIFIED.);
#173=B_SPLINE_CURVE_WITH_KNOTS('',3,(#5590,#5591,#5592,#5593,#5594),
 .UNSPECIFIED.,.F.,.F.,(4,1,4),(0.,0.0193614653414322,0.0341388861584782),
 .UNSPECIFIED.);
#174=B_SPLINE_CURVE_WITH_KNOTS('',3,(#5597,#5598,#5599,#5600,#5601),
 .UNSPECIFIED.,.F.,.F.,(4,1,4),(0.,0.0193614653414322,0.0341388861584782),
 .UNSPECIFIED.);
#175=B_SPLINE_CURVE_WITH_KNOTS('',3,(#5613,#5614,#5615,#5616,#5617),
 .UNSPECIFIED.,.F.,.F.,(4,1,4),(0.,0.00619221730372442,0.00962028309787732),
 .UNSPECIFIED.);
#176=B_SPLINE_CURVE_WITH_KNOTS('',3,(#5620,#5621,#5622,#5623,#5624),
 .UNSPECIFIED.,.F.,.F.,(4,1,4),(0.,0.00619221730372442,0.00962028309787732),
 .UNSPECIFIED.);
#177=B_SPLINE_CURVE_WITH_KNOTS('',3,(#5636,#5637,#5638,#5639,#5640),
 .UNSPECIFIED.,.F.,.F.,(4,1,4),(0.,0.0391645650333375,0.0669835650751826),
 .UNSPECIFIED.);
#178=B_SPLINE_CURVE_WITH_KNOTS('',3,(#5643,#5644,#5645,#5646,#5647),
 .UNSPECIFIED.,.F.,.F.,(4,1,4),(0.,0.0391645650333375,0.0669835650751826),
 .UNSPECIFIED.);
#179=B_SPLINE_CURVE_WITH_KNOTS('',3,(#5659,#5660,#5661,#5662,#5663),
 .UNSPECIFIED.,.F.,.F.,(4,1,4),(0.,0.0138963049349133,0.0332211613396366),
 .UNSPECIFIED.);
#180=B_SPLINE_CURVE_WITH_KNOTS('',3,(#5666,#5667,#5668,#5669,#5670),
 .UNSPECIFIED.,.F.,.F.,(4,1,4),(0.,0.0138963049349133,0.0332211613396366),
 .UNSPECIFIED.);
#181=B_SPLINE_CURVE_WITH_KNOTS('',3,(#5682,#5683,#5684,#5685,#5686),
 .UNSPECIFIED.,.F.,.F.,(4,1,4),(0.,0.0144053225439168,0.0293099627392187),
 .UNSPECIFIED.);
#182=B_SPLINE_CURVE_WITH_KNOTS('',3,(#5689,#5690,#5691,#5692,#5693),
 .UNSPECIFIED.,.F.,.F.,(4,1,4),(0.,0.0144053225439168,0.0293099627392187),
 .UNSPECIFIED.);
#183=B_SPLINE_CURVE_WITH_KNOTS('',3,(#5705,#5706,#5707,#5708,#5709),
 .UNSPECIFIED.,.F.,.F.,(4,1,4),(0.,0.014648220704569,0.0287494303017285),
 .UNSPECIFIED.);
#184=B_SPLINE_CURVE_WITH_KNOTS('',3,(#5712,#5713,#5714,#5715,#5716),
 .UNSPECIFIED.,.F.,.F.,(4,1,4),(0.,0.014648220704569,0.0287494303017285),
 .UNSPECIFIED.);
#185=B_SPLINE_CURVE_WITH_KNOTS('',3,(#5728,#5729,#5730,#5731,#5732),
 .UNSPECIFIED.,.F.,.F.,(4,1,4),(0.,0.0153503482389458,0.0301712001015462),
 .UNSPECIFIED.);
#186=B_SPLINE_CURVE_WITH_KNOTS('',3,(#5735,#5736,#5737,#5738,#5739),
 .UNSPECIFIED.,.F.,.F.,(4,1,4),(0.,0.0153503482389458,0.0301712001015462),
 .UNSPECIFIED.);
#187=B_SPLINE_CURVE_WITH_KNOTS('',3,(#5751,#5752,#5753,#5754,#5755),
 .UNSPECIFIED.,.F.,.F.,(4,1,4),(0.,0.0246632635387021,0.0499374165107752),
 .UNSPECIFIED.);
#188=B_SPLINE_CURVE_WITH_KNOTS('',3,(#5758,#5759,#5760,#5761,#5762),
 .UNSPECIFIED.,.F.,.F.,(4,1,4),(0.,0.0246632635387021,0.0499374165107752),
 .UNSPECIFIED.);
#189=B_SPLINE_CURVE_WITH_KNOTS('',3,(#5774,#5775,#5776,#5777,#5778),
 .UNSPECIFIED.,.F.,.F.,(4,1,4),(0.,0.0319650039812994,0.0587383301758745),
 .UNSPECIFIED.);
#190=B_SPLINE_CURVE_WITH_KNOTS('',3,(#5781,#5782,#5783,#5784,#5785),
 .UNSPECIFIED.,.F.,.F.,(4,1,4),(0.,0.0319650039812994,0.0587383301758745),
 .UNSPECIFIED.);
#191=B_SPLINE_CURVE_WITH_KNOTS('',3,(#5797,#5798,#5799,#5800,#5801),
 .UNSPECIFIED.,.F.,.F.,(4,1,4),(0.,0.0202678206183596,0.0413195201219076),
 .UNSPECIFIED.);
#192=B_SPLINE_CURVE_WITH_KNOTS('',3,(#5804,#5805,#5806,#5807,#5808),
 .UNSPECIFIED.,.F.,.F.,(4,1,4),(0.,0.0202678206183596,0.0413195201219076),
 .UNSPECIFIED.);
#193=B_SPLINE_CURVE_WITH_KNOTS('',3,(#5820,#5821,#5822,#5823,#5824),
 .UNSPECIFIED.,.F.,.F.,(4,1,4),(0.,0.0249871008553534,0.0466766797189992),
 .UNSPECIFIED.);
#194=B_SPLINE_CURVE_WITH_KNOTS('',3,(#5827,#5828,#5829,#5830,#5831),
 .UNSPECIFIED.,.F.,.F.,(4,1,4),(0.,0.0249871008553534,0.0466766797189992),
 .UNSPECIFIED.);
#195=B_SPLINE_CURVE_WITH_KNOTS('',3,(#5842,#5843,#5844,#5845,#5846),
 .UNSPECIFIED.,.F.,.F.,(4,1,4),(0.,0.013292949418439,0.0279128574648578),
 .UNSPECIFIED.);
#196=B_SPLINE_CURVE_WITH_KNOTS('',3,(#5847,#5848,#5849,#5850,#5851),
 .UNSPECIFIED.,.F.,.F.,(4,1,4),(0.,0.013292949418439,0.0279128574648578),
 .UNSPECIFIED.);
#197=B_SPLINE_CURVE_WITH_KNOTS('',3,(#5873,#5874,#5875,#5876,#5877),
 .UNSPECIFIED.,.F.,.F.,(4,1,4),(0.,0.0210753129287707,0.0435357258091952),
 .UNSPECIFIED.);
#198=B_SPLINE_CURVE_WITH_KNOTS('',3,(#5880,#5881,#5882,#5883,#5884),
 .UNSPECIFIED.,.F.,.F.,(4,1,4),(0.,0.0210753129287707,0.0435357258091952),
 .UNSPECIFIED.);
#199=B_SPLINE_CURVE_WITH_KNOTS('',3,(#5896,#5897,#5898,#5899,#5900),
 .UNSPECIFIED.,.F.,.F.,(4,1,4),(0.,0.0119044146156587,0.0246044777872128),
 .UNSPECIFIED.);
#200=B_SPLINE_CURVE_WITH_KNOTS('',3,(#5903,#5904,#5905,#5906,#5907),
 .UNSPECIFIED.,.F.,.F.,(4,1,4),(0.,0.0119044146156587,0.0246044777872128),
 .UNSPECIFIED.);
#201=B_SPLINE_CURVE_WITH_KNOTS('',3,(#5919,#5920,#5921,#5922,#5923),
 .UNSPECIFIED.,.F.,.F.,(4,1,4),(0.,0.0116068816370646,0.0232352515925602),
 .UNSPECIFIED.);
#202=B_SPLINE_CURVE_WITH_KNOTS('',3,(#5926,#5927,#5928,#5929,#5930),
 .UNSPECIFIED.,.F.,.F.,(4,1,4),(0.,0.0116068816370646,0.0232352515925602),
 .UNSPECIFIED.);
#203=B_SPLINE_CURVE_WITH_KNOTS('',3,(#5942,#5943,#5944,#5945,#5946),
 .UNSPECIFIED.,.F.,.F.,(4,1,4),(0.,0.0147731198645125,0.028425754201384),
 .UNSPECIFIED.);
#204=B_SPLINE_CURVE_WITH_KNOTS('',3,(#5949,#5950,#5951,#5952,#5953),
 .UNSPECIFIED.,.F.,.F.,(4,1,4),(0.,0.0147731198645125,0.028425754201384),
 .UNSPECIFIED.);
#205=B_SPLINE_CURVE_WITH_KNOTS('',3,(#5971,#5972,#5973,#5974,#5975),
 .UNSPECIFIED.,.F.,.F.,(4,1,4),(0.,0.0190086055122729,0.0400653186187899),
 .UNSPECIFIED.);
#206=B_SPLINE_CURVE_WITH_KNOTS('',3,(#5978,#5979,#5980,#5981,#5982),
 .UNSPECIFIED.,.F.,.F.,(4,1,4),(0.,0.0190086055122729,0.0400653186187899),
 .UNSPECIFIED.);
#207=B_SPLINE_CURVE_WITH_KNOTS('',3,(#5994,#5995,#5996,#5997,#5998),
 .UNSPECIFIED.,.F.,.F.,(4,1,4),(0.,0.0126300958648953,0.0251469370209206),
 .UNSPECIFIED.);
#208=B_SPLINE_CURVE_WITH_KNOTS('',3,(#6001,#6002,#6003,#6004,#6005),
 .UNSPECIFIED.,.F.,.F.,(4,1,4),(0.,0.0126300958648953,0.0251469370209206),
 .UNSPECIFIED.);
#209=B_SPLINE_CURVE_WITH_KNOTS('',3,(#6017,#6018,#6019,#6020,#6021),
 .UNSPECIFIED.,.F.,.F.,(4,1,4),(0.,0.0227225452501222,0.0386038488860361),
 .UNSPECIFIED.);
#210=B_SPLINE_CURVE_WITH_KNOTS('',3,(#6024,#6025,#6026,#6027,#6028),
 .UNSPECIFIED.,.F.,.F.,(4,1,4),(0.,0.0227225452501222,0.0386038488860361),
 .UNSPECIFIED.);
#211=B_SPLINE_CURVE_WITH_KNOTS('',3,(#6108,#6109,#6110,#6111,#6112),
 .UNSPECIFIED.,.F.,.F.,(4,1,4),(0.,0.0256823660131656,0.0517166112248353),
 .UNSPECIFIED.);
#212=B_SPLINE_CURVE_WITH_KNOTS('',3,(#6115,#6116,#6117,#6118,#6119),
 .UNSPECIFIED.,.F.,.F.,(4,1,4),(0.,0.0256823660131656,0.0517166112248353),
 .UNSPECIFIED.);
#213=B_SPLINE_CURVE_WITH_KNOTS('',3,(#6131,#6132,#6133,#6134,#6135),
 .UNSPECIFIED.,.F.,.F.,(4,1,4),(0.,0.0268077161977902,0.0515880042375414),
 .UNSPECIFIED.);
#214=B_SPLINE_CURVE_WITH_KNOTS('',3,(#6138,#6139,#6140,#6141,#6142),
 .UNSPECIFIED.,.F.,.F.,(4,1,4),(0.,0.0268077161977902,0.0515880042375414),
 .UNSPECIFIED.);
#215=B_SPLINE_CURVE_WITH_KNOTS('',3,(#6177,#6178,#6179,#6180,#6181),
 .UNSPECIFIED.,.F.,.F.,(4,1,4),(0.,0.0231117859407468,0.0470096524485459),
 .UNSPECIFIED.);
#216=B_SPLINE_CURVE_WITH_KNOTS('',3,(#6185,#6186,#6187,#6188,#6189),
 .UNSPECIFIED.,.F.,.F.,(4,1,4),(0.,0.0231117859407468,0.0470096524485459),
 .UNSPECIFIED.);
#217=B_SPLINE_CURVE_WITH_KNOTS('',3,(#6202,#6203,#6204,#6205,#6206),
 .UNSPECIFIED.,.F.,.F.,(4,1,4),(0.,0.0247614994153072,0.0485170791663355),
 .UNSPECIFIED.);
#218=B_SPLINE_CURVE_WITH_KNOTS('',3,(#6209,#6210,#6211,#6212,#6213),
 .UNSPECIFIED.,.F.,.F.,(4,1,4),(0.,0.0247614994153072,0.0485170791663355),
 .UNSPECIFIED.);
#219=B_SPLINE_CURVE_WITH_KNOTS('',3,(#6225,#6226,#6227,#6228,#6229),
 .UNSPECIFIED.,.F.,.F.,(4,1,4),(0.,0.0389146880572044,0.0686612872128174),
 .UNSPECIFIED.);
#220=B_SPLINE_CURVE_WITH_KNOTS('',3,(#6232,#6233,#6234,#6235,#6236),
 .UNSPECIFIED.,.F.,.F.,(4,1,4),(0.,0.0389146880572044,0.0686612872128174),
 .UNSPECIFIED.);
#221=B_SPLINE_CURVE_WITH_KNOTS('',3,(#6248,#6249,#6250,#6251,#6252),
 .UNSPECIFIED.,.F.,.F.,(4,1,4),(0.,0.0280736091766692,0.0636789915467583),
 .UNSPECIFIED.);
#222=B_SPLINE_CURVE_WITH_KNOTS('',3,(#6255,#6256,#6257,#6258,#6259),
 .UNSPECIFIED.,.F.,.F.,(4,1,4),(0.,0.0280736091766692,0.0636789915467583),
 .UNSPECIFIED.);
#223=B_SPLINE_CURVE_WITH_KNOTS('',3,(#6271,#6272,#6273,#6274,#6275),
 .UNSPECIFIED.,.F.,.F.,(4,1,4),(0.,0.022839906614109,0.0465859529866663),
 .UNSPECIFIED.);
#224=B_SPLINE_CURVE_WITH_KNOTS('',3,(#6278,#6279,#6280,#6281,#6282),
 .UNSPECIFIED.,.F.,.F.,(4,1,4),(0.,0.022839906614109,0.0465859529866663),
 .UNSPECIFIED.);
#225=B_SPLINE_CURVE_WITH_KNOTS('',3,(#6294,#6295,#6296,#6297,#6298),
 .UNSPECIFIED.,.F.,.F.,(4,1,4),(0.,0.0246647602616353,0.0476108580777309),
 .UNSPECIFIED.);
#226=B_SPLINE_CURVE_WITH_KNOTS('',3,(#6301,#6302,#6303,#6304,#6305),
 .UNSPECIFIED.,.F.,.F.,(4,1,4),(0.,0.0246647602616353,0.0476108580777309),
 .UNSPECIFIED.);
#227=B_SPLINE_CURVE_WITH_KNOTS('',3,(#6317,#6318,#6319,#6320,#6321),
 .UNSPECIFIED.,.F.,.F.,(4,1,4),(0.,0.0367411799975707,0.0658442971637299),
 .UNSPECIFIED.);
#228=B_SPLINE_CURVE_WITH_KNOTS('',3,(#6324,#6325,#6326,#6327,#6328),
 .UNSPECIFIED.,.F.,.F.,(4,1,4),(0.,0.0367411799975707,0.0658442971637299),
 .UNSPECIFIED.);
#229=B_SPLINE_CURVE_WITH_KNOTS('',3,(#6339,#6340,#6341,#6342,#6343),
 .UNSPECIFIED.,.F.,.F.,(4,1,4),(0.,0.0286048161994654,0.0662257933540684),
 .UNSPECIFIED.);
#230=B_SPLINE_CURVE_WITH_KNOTS('',3,(#6344,#6345,#6346,#6347,#6348),
 .UNSPECIFIED.,.F.,.F.,(4,1,4),(0.,0.0286048161994654,0.0662257933540684),
 .UNSPECIFIED.);
#231=B_SPLINE_CURVE_WITH_KNOTS('',3,(#6381,#6382,#6383,#6384,#6385),
 .UNSPECIFIED.,.F.,.F.,(4,1,4),(0.,0.0168291291612688,0.0331586569314704),
 .UNSPECIFIED.);
#232=B_SPLINE_CURVE_WITH_KNOTS('',3,(#6388,#6389,#6390,#6391,#6392),
 .UNSPECIFIED.,.F.,.F.,(4,1,4),(0.,0.0168291291612688,0.0331586569314704),
 .UNSPECIFIED.);
#233=B_SPLINE_CURVE_WITH_KNOTS('',3,(#6404,#6405,#6406,#6407,#6408),
 .UNSPECIFIED.,.F.,.F.,(4,1,4),(0.,0.0186889814889627,0.0362755716642861),
 .UNSPECIFIED.);
#234=B_SPLINE_CURVE_WITH_KNOTS('',3,(#6411,#6412,#6413,#6414,#6415),
 .UNSPECIFIED.,.F.,.F.,(4,1,4),(0.,0.0186889814889627,0.0362755716642861),
 .UNSPECIFIED.);
#235=B_SPLINE_CURVE_WITH_KNOTS('',3,(#6427,#6428,#6429,#6430,#6431),
 .UNSPECIFIED.,.F.,.F.,(4,1,4),(0.,0.0252942829036227,0.0510657370217271),
 .UNSPECIFIED.);
#236=B_SPLINE_CURVE_WITH_KNOTS('',3,(#6434,#6435,#6436,#6437,#6438),
 .UNSPECIFIED.,.F.,.F.,(4,1,4),(0.,0.0252942829036227,0.0510657370217271),
 .UNSPECIFIED.);
#237=B_SPLINE_CURVE_WITH_KNOTS('',3,(#6450,#6451,#6452,#6453,#6454),
 .UNSPECIFIED.,.F.,.F.,(4,1,4),(0.,0.0271148938095531,0.0527565663988482),
 .UNSPECIFIED.);
#238=B_SPLINE_CURVE_WITH_KNOTS('',3,(#6457,#6458,#6459,#6460,#6461),
 .UNSPECIFIED.,.F.,.F.,(4,1,4),(0.,0.0271148938095531,0.0527565663988482),
 .UNSPECIFIED.);
#239=B_SPLINE_CURVE_WITH_KNOTS('',3,(#6473,#6474,#6475,#6476,#6477),
 .UNSPECIFIED.,.F.,.F.,(4,1,4),(0.,0.031121070811658,0.0602145344466513),
 .UNSPECIFIED.);
#240=B_SPLINE_CURVE_WITH_KNOTS('',3,(#6480,#6481,#6482,#6483,#6484),
 .UNSPECIFIED.,.F.,.F.,(4,1,4),(0.,0.031121070811658,0.0602145344466513),
 .UNSPECIFIED.);
#241=B_SPLINE_CURVE_WITH_KNOTS('',3,(#6496,#6497,#6498,#6499,#6500),
 .UNSPECIFIED.,.F.,.F.,(4,1,4),(0.,0.0290736416071569,0.0606763958113712),
 .UNSPECIFIED.);
#242=B_SPLINE_CURVE_WITH_KNOTS('',3,(#6503,#6504,#6505,#6506,#6507),
 .UNSPECIFIED.,.F.,.F.,(4,1,4),(0.,0.0290736416071569,0.0606763958113712),
 .UNSPECIFIED.);
#243=B_SPLINE_CURVE_WITH_KNOTS('',3,(#6519,#6520,#6521,#6522,#6523),
 .UNSPECIFIED.,.F.,.F.,(4,1,4),(0.,0.0258016220560116,0.052781460220055),
 .UNSPECIFIED.);
#244=B_SPLINE_CURVE_WITH_KNOTS('',3,(#6526,#6527,#6528,#6529,#6530),
 .UNSPECIFIED.,.F.,.F.,(4,1,4),(0.,0.0258016220560116,0.052781460220055),
 .UNSPECIFIED.);
#245=B_SPLINE_CURVE_WITH_KNOTS('',3,(#6542,#6543,#6544,#6545,#6546),
 .UNSPECIFIED.,.F.,.F.,(4,1,4),(0.,0.0252214200813241,0.0505339279827189),
 .UNSPECIFIED.);
#246=B_SPLINE_CURVE_WITH_KNOTS('',3,(#6549,#6550,#6551,#6552,#6553),
 .UNSPECIFIED.,.F.,.F.,(4,1,4),(0.,0.0252214200813241,0.0505339279827189),
 .UNSPECIFIED.);
#247=B_SPLINE_CURVE_WITH_KNOTS('',3,(#6565,#6566,#6567,#6568,#6569),
 .UNSPECIFIED.,.F.,.F.,(4,1,4),(0.,0.0352102200278875,0.0713741544289119),
 .UNSPECIFIED.);
#248=B_SPLINE_CURVE_WITH_KNOTS('',3,(#6572,#6573,#6574,#6575,#6576),
 .UNSPECIFIED.,.F.,.F.,(4,1,4),(0.,0.0352102200278875,0.0713741544289119),
 .UNSPECIFIED.);
#249=B_SPLINE_CURVE_WITH_KNOTS('',3,(#6607,#6608,#6609,#6610,#6611),
 .UNSPECIFIED.,.F.,.F.,(4,1,4),(0.,0.0283647634159468,0.0520042590027512),
 .UNSPECIFIED.);
#250=B_SPLINE_CURVE_WITH_KNOTS('',3,(#6614,#6615,#6616,#6617,#6618),
 .UNSPECIFIED.,.F.,.F.,(4,1,4),(0.,0.0283647634159468,0.0520042590027512),
 .UNSPECIFIED.);
#251=B_SPLINE_CURVE_WITH_KNOTS('',3,(#6630,#6631,#6632,#6633,#6634),
 .UNSPECIFIED.,.F.,.F.,(4,1,4),(0.,0.0331137885413587,0.0646496722187436),
 .UNSPECIFIED.);
#252=B_SPLINE_CURVE_WITH_KNOTS('',3,(#6637,#6638,#6639,#6640,#6641),
 .UNSPECIFIED.,.F.,.F.,(4,1,4),(0.,0.0331137885413587,0.0646496722187436),
 .UNSPECIFIED.);
#253=B_SPLINE_CURVE_WITH_KNOTS('',3,(#6659,#6660,#6661,#6662,#6663),
 .UNSPECIFIED.,.F.,.F.,(4,1,4),(0.,0.0232361580848881,0.0431473742147617),
 .UNSPECIFIED.);
#254=B_SPLINE_CURVE_WITH_KNOTS('',3,(#6666,#6667,#6668,#6669,#6670),
 .UNSPECIFIED.,.F.,.F.,(4,1,4),(0.,0.0232361580848881,0.0431473742147617),
 .UNSPECIFIED.);
#255=B_SPLINE_CURVE_WITH_KNOTS('',3,(#6682,#6683,#6684,#6685,#6686),
 .UNSPECIFIED.,.F.,.F.,(4,1,4),(0.,0.0199525240443594,0.0432957760409571),
 .UNSPECIFIED.);
#256=B_SPLINE_CURVE_WITH_KNOTS('',3,(#6689,#6690,#6691,#6692,#6693),
 .UNSPECIFIED.,.F.,.F.,(4,1,4),(0.,0.0199525240443594,0.0432957760409571),
 .UNSPECIFIED.);
#257=B_SPLINE_CURVE_WITH_KNOTS('',3,(#6722,#6723,#6724,#6725,#6726),
 .UNSPECIFIED.,.F.,.F.,(4,1,4),(0.,0.0257956576584471,0.0515495208600006),
 .UNSPECIFIED.);
#258=B_SPLINE_CURVE_WITH_KNOTS('',3,(#6730,#6731,#6732,#6733,#6734),
 .UNSPECIFIED.,.F.,.F.,(4,1,4),(0.,0.0257956576584471,0.0515495208600006),
 .UNSPECIFIED.);
#259=B_SPLINE_CURVE_WITH_KNOTS('',3,(#6747,#6748,#6749,#6750,#6751),
 .UNSPECIFIED.,.F.,.F.,(4,1,4),(0.,0.0257651380598883,0.0512705443433465),
 .UNSPECIFIED.);
#260=B_SPLINE_CURVE_WITH_KNOTS('',3,(#6754,#6755,#6756,#6757,#6758),
 .UNSPECIFIED.,.F.,.F.,(4,1,4),(0.,0.0257651380598883,0.0512705443433465),
 .UNSPECIFIED.);
#261=B_SPLINE_CURVE_WITH_KNOTS('',3,(#6770,#6771,#6772,#6773,#6774),
 .UNSPECIFIED.,.F.,.F.,(4,1,4),(0.,0.0357006345299739,0.0647717319674804),
 .UNSPECIFIED.);
#262=B_SPLINE_CURVE_WITH_KNOTS('',3,(#6777,#6778,#6779,#6780,#6781),
 .UNSPECIFIED.,.F.,.F.,(4,1,4),(0.,0.0357006345299739,0.0647717319674804),
 .UNSPECIFIED.);
#263=B_SPLINE_CURVE_WITH_KNOTS('',3,(#6793,#6794,#6795,#6796,#6797),
 .UNSPECIFIED.,.F.,.F.,(4,1,4),(0.,0.0296776380819347,0.0672498900296932),
 .UNSPECIFIED.);
#264=B_SPLINE_CURVE_WITH_KNOTS('',3,(#6800,#6801,#6802,#6803,#6804),
 .UNSPECIFIED.,.F.,.F.,(4,1,4),(0.,0.0296776380819347,0.0672498900296932),
 .UNSPECIFIED.);
#265=B_SPLINE_CURVE_WITH_KNOTS('',3,(#6816,#6817,#6818,#6819,#6820),
 .UNSPECIFIED.,.F.,.F.,(4,1,4),(0.,0.0256556054804371,0.0514614188901333),
 .UNSPECIFIED.);
#266=B_SPLINE_CURVE_WITH_KNOTS('',3,(#6823,#6824,#6825,#6826,#6827),
 .UNSPECIFIED.,.F.,.F.,(4,1,4),(0.,0.0256556054804371,0.0514614188901333),
 .UNSPECIFIED.);
#267=B_SPLINE_CURVE_WITH_KNOTS('',3,(#6839,#6840,#6841,#6842,#6843),
 .UNSPECIFIED.,.F.,.F.,(4,1,4),(0.,0.025753881139698,0.0515495387981451),
 .UNSPECIFIED.);
#268=B_SPLINE_CURVE_WITH_KNOTS('',3,(#6846,#6847,#6848,#6849,#6850),
 .UNSPECIFIED.,.F.,.F.,(4,1,4),(0.,0.025753881139698,0.0515495387981451),
 .UNSPECIFIED.);
#269=B_SPLINE_CURVE_WITH_KNOTS('',3,(#6862,#6863,#6864,#6865,#6866),
 .UNSPECIFIED.,.F.,.F.,(4,1,4),(0.,0.0368106450669335,0.0662613761684787),
 .UNSPECIFIED.);
#270=B_SPLINE_CURVE_WITH_KNOTS('',3,(#6869,#6870,#6871,#6872,#6873),
 .UNSPECIFIED.,.F.,.F.,(4,1,4),(0.,0.0368106450669335,0.0662613761684787),
 .UNSPECIFIED.);
#271=B_SPLINE_CURVE_WITH_KNOTS('',3,(#6884,#6885,#6886,#6887,#6888),
 .UNSPECIFIED.,.F.,.F.,(4,1,4),(0.,0.0293148558700167,0.0660747534264223),
 .UNSPECIFIED.);
#272=B_SPLINE_CURVE_WITH_KNOTS('',3,(#6889,#6890,#6891,#6892,#6893),
 .UNSPECIFIED.,.F.,.F.,(4,1,4),(0.,0.0293148558700167,0.0660747534264223),
 .UNSPECIFIED.);
#273=B_SPLINE_CURVE_WITH_KNOTS('',3,(#6906,#6907,#6908,#6909,#6910),
 .UNSPECIFIED.,.F.,.F.,(4,1,4),(0.,0.0419289814424981,0.081219153039024),
 .UNSPECIFIED.);
#274=B_SPLINE_CURVE_WITH_KNOTS('',3,(#6914,#6915,#6916,#6917,#6918),
 .UNSPECIFIED.,.F.,.F.,(4,1,4),(0.,0.0419289814424981,0.081219153039024),
 .UNSPECIFIED.);
#275=B_SPLINE_CURVE_WITH_KNOTS('',3,(#6931,#6932,#6933,#6934,#6935),
 .UNSPECIFIED.,.F.,.F.,(4,1,4),(0.,0.0269803515406896,0.0545011873767281),
 .UNSPECIFIED.);
#276=B_SPLINE_CURVE_WITH_KNOTS('',3,(#6938,#6939,#6940,#6941,#6942),
 .UNSPECIFIED.,.F.,.F.,(4,1,4),(0.,0.0269803515406896,0.0545011873767281),
 .UNSPECIFIED.);
#277=B_SPLINE_CURVE_WITH_KNOTS('',3,(#6954,#6955,#6956,#6957,#6958),
 .UNSPECIFIED.,.F.,.F.,(4,1,4),(0.,0.0262692052386268,0.0528312878618231),
 .UNSPECIFIED.);
#278=B_SPLINE_CURVE_WITH_KNOTS('',3,(#6961,#6962,#6963,#6964,#6965),
 .UNSPECIFIED.,.F.,.F.,(4,1,4),(0.,0.0262692052386268,0.0528312878618231),
 .UNSPECIFIED.);
#279=B_SPLINE_CURVE_WITH_KNOTS('',3,(#6977,#6978,#6979,#6980,#6981),
 .UNSPECIFIED.,.F.,.F.,(4,1,4),(0.,0.0376339027258236,0.0677736893416908),
 .UNSPECIFIED.);
#280=B_SPLINE_CURVE_WITH_KNOTS('',3,(#6984,#6985,#6986,#6987,#6988),
 .UNSPECIFIED.,.F.,.F.,(4,1,4),(0.,0.0376339027258236,0.0677736893416908),
 .UNSPECIFIED.);
#281=B_SPLINE_CURVE_WITH_KNOTS('',3,(#7000,#7001,#7002,#7003,#7004),
 .UNSPECIFIED.,.F.,.F.,(4,1,4),(0.,0.0408961314393219,0.0875868169261425),
 .UNSPECIFIED.);
#282=B_SPLINE_CURVE_WITH_KNOTS('',3,(#7007,#7008,#7009,#7010,#7011),
 .UNSPECIFIED.,.F.,.F.,(4,1,4),(0.,0.0408961314393219,0.0875868169261425),
 .UNSPECIFIED.);
#283=B_SPLINE_CURVE_WITH_KNOTS('',3,(#7023,#7024,#7025,#7026,#7027),
 .UNSPECIFIED.,.F.,.F.,(4,1,4),(0.,0.041384022272094,0.0807177536763302),
 .UNSPECIFIED.);
#284=B_SPLINE_CURVE_WITH_KNOTS('',3,(#7030,#7031,#7032,#7033,#7034),
 .UNSPECIFIED.,.F.,.F.,(4,1,4),(0.,0.041384022272094,0.0807177536763302),
 .UNSPECIFIED.);
#285=B_SPLINE_CURVE_WITH_KNOTS('',3,(#7046,#7047,#7048,#7049,#7050),
 .UNSPECIFIED.,.F.,.F.,(4,1,4),(0.,0.0359932977267977,0.073723575198256),
 .UNSPECIFIED.);
#286=B_SPLINE_CURVE_WITH_KNOTS('',3,(#7053,#7054,#7055,#7056,#7057),
 .UNSPECIFIED.,.F.,.F.,(4,1,4),(0.,0.0359932977267977,0.073723575198256),
 .UNSPECIFIED.);
#287=B_SPLINE_CURVE_WITH_KNOTS('',3,(#7069,#7070,#7071,#7072,#7073),
 .UNSPECIFIED.,.F.,.F.,(4,1,4),(0.,0.0532066197629198,0.0978623965726895),
 .UNSPECIFIED.);
#288=B_SPLINE_CURVE_WITH_KNOTS('',3,(#7076,#7077,#7078,#7079,#7080),
 .UNSPECIFIED.,.F.,.F.,(4,1,4),(0.,0.0532066197629198,0.0978623965726895),
 .UNSPECIFIED.);
#289=B_SPLINE_CURVE_WITH_KNOTS('',3,(#7091,#7092,#7093,#7094,#7095),
 .UNSPECIFIED.,.F.,.F.,(4,1,4),(0.,0.0414400519379763,0.0905444611387116),
 .UNSPECIFIED.);
#290=B_SPLINE_CURVE_WITH_KNOTS('',3,(#7096,#7097,#7098,#7099,#7100),
 .UNSPECIFIED.,.F.,.F.,(4,1,4),(0.,0.0414400519379763,0.0905444611387116),
 .UNSPECIFIED.);
#291=B_SPLINE_CURVE_WITH_KNOTS('',3,(#7164,#7165,#7166,#7167,#7168),
 .UNSPECIFIED.,.F.,.F.,(4,1,4),(0.,0.0249174227775181,0.0472935310400399),
 .UNSPECIFIED.);
#292=B_SPLINE_CURVE_WITH_KNOTS('',3,(#7171,#7172,#7173,#7174,#7175),
 .UNSPECIFIED.,.F.,.F.,(4,1,4),(0.,0.0249174227775181,0.0472935310400399),
 .UNSPECIFIED.);
#293=B_SPLINE_SURFACE_WITH_KNOTS('',3,1,((#4471,#4472),(#4473,#4474),(#4475,
#4476),(#4477,#4478),(#4479,#4480)),.UNSPECIFIED.,.F.,.F.,.F.,(4,1,4),(2,
2),(0.,0.0183446981711697,0.0459406649610005),(0.,0.0500000000000007),
 .UNSPECIFIED.);
#294=B_SPLINE_SURFACE_WITH_KNOTS('',3,1,((#4494,#4495),(#4496,#4497),(#4498,
#4499),(#4500,#4501),(#4502,#4503)),.UNSPECIFIED.,.F.,.F.,.F.,(4,1,4),(2,
2),(0.,0.0129671062867847,0.0261456359355277),(0.,0.0500000000000007),
 .UNSPECIFIED.);
#295=B_SPLINE_SURFACE_WITH_KNOTS('',3,1,((#4517,#4518),(#4519,#4520),(#4521,
#4522),(#4523,#4524),(#4525,#4526)),.UNSPECIFIED.,.F.,.F.,.F.,(4,1,4),(2,
2),(0.,0.0141316448704011,0.0274399428904371),(0.,0.0500000000000007),
 .UNSPECIFIED.);
#296=B_SPLINE_SURFACE_WITH_KNOTS('',3,1,((#4540,#4541),(#4542,#4543),(#4544,
#4545),(#4546,#4547),(#4548,#4549)),.UNSPECIFIED.,.F.,.F.,.F.,(4,1,4),(2,
2),(0.,0.0131327748886072,0.0276901897769602),(0.,0.0500000000000007),
 .UNSPECIFIED.);
#297=B_SPLINE_SURFACE_WITH_KNOTS('',3,1,((#4563,#4564),(#4565,#4566),(#4567,
#4568),(#4569,#4570),(#4571,#4572)),.UNSPECIFIED.,.F.,.F.,.F.,(4,1,4),(2,
2),(0.,0.0145395723539382,0.0275677405024155),(0.,0.0500000000000007),
 .UNSPECIFIED.);
#298=B_SPLINE_SURFACE_WITH_KNOTS('',3,1,((#4586,#4587),(#4588,#4589),(#4590,
#4591),(#4592,#4593),(#4594,#4595)),.UNSPECIFIED.,.F.,.F.,.F.,(4,1,4),(2,
2),(0.,0.0226804233694319,0.0380972009139052),(0.,0.0500000000000007),
 .UNSPECIFIED.);
#299=B_SPLINE_SURFACE_WITH_KNOTS('',3,1,((#4627,#4628),(#4629,#4630),(#4631,
#4632),(#4633,#4634),(#4635,#4636)),.UNSPECIFIED.,.F.,.F.,.F.,(4,1,4),(2,
2),(0.,0.0189130895732998,0.0442182785297395),(0.,0.0500000000000007),
 .UNSPECIFIED.);
#300=B_SPLINE_SURFACE_WITH_KNOTS('',3,1,((#4650,#4651),(#4652,#4653),(#4654,
#4655),(#4656,#4657),(#4658,#4659)),.UNSPECIFIED.,.F.,.F.,.F.,(4,1,4),(2,
2),(0.,0.0147611272681771,0.0300216287512666),(0.,0.0500000000000007),
 .UNSPECIFIED.);
#301=B_SPLINE_SURFACE_WITH_KNOTS('',3,1,((#4673,#4674),(#4675,#4676),(#4677,
#4678),(#4679,#4680),(#4681,#4682)),.UNSPECIFIED.,.F.,.F.,.F.,(4,1,4),(2,
2),(0.,0.0158016061321996,0.0306748995081069),(0.,0.0500000000000007),
 .UNSPECIFIED.);
#302=B_SPLINE_SURFACE_WITH_KNOTS('',3,1,((#4696,#4697),(#4698,#4699),(#4700,
#4701),(#4702,#4703),(#4704,#4705)),.UNSPECIFIED.,.F.,.F.,.F.,(4,1,4),(2,
2),(0.,0.0126761143872517,0.0262635004280686),(0.,0.0500000000000007),
 .UNSPECIFIED.);
#303=B_SPLINE_SURFACE_WITH_KNOTS('',3,1,((#4719,#4720),(#4721,#4722),(#4723,
#4724),(#4725,#4726),(#4727,#4728)),.UNSPECIFIED.,.F.,.F.,.F.,(4,1,4),(2,
2),(0.,0.0109324819854704,0.0226426775158287),(0.,0.0500000000000007),
 .UNSPECIFIED.);
#304=B_SPLINE_SURFACE_WITH_KNOTS('',3,1,((#4742,#4743),(#4744,#4745),(#4746,
#4747),(#4748,#4749),(#4750,#4751)),.UNSPECIFIED.,.F.,.F.,.F.,(4,1,4),(2,
2),(0.,0.0130042197853813,0.0244461595905065),(0.,0.0500000000000007),
 .UNSPECIFIED.);
#305=B_SPLINE_SURFACE_WITH_KNOTS('',3,1,((#4765,#4766),(#4767,#4768),(#4769,
#4770),(#4771,#4772),(#4773,#4774)),.UNSPECIFIED.,.F.,.F.,.F.,(4,1,4),(2,
2),(0.,0.0163749875039833,0.0270702737929475),(0.,0.0500000000000007),
 .UNSPECIFIED.);
#306=B_SPLINE_SURFACE_WITH_KNOTS('',3,1,((#4797,#4798),(#4799,#4800),(#4801,
#4802),(#4803,#4804),(#4805,#4806)),.UNSPECIFIED.,.F.,.F.,.F.,(4,1,4),(2,
2),(0.,0.0222039703434017,0.0486308696239003),(0.,0.0500000000000007),
 .UNSPECIFIED.);
#307=B_SPLINE_SURFACE_WITH_KNOTS('',3,1,((#4823,#4824),(#4825,#4826),(#4827,
#4828),(#4829,#4830),(#4831,#4832)),.UNSPECIFIED.,.F.,.F.,.F.,(4,1,4),(2,
2),(0.,0.0171275470720941,0.0363484478308448),(0.,0.0500000000000007),
 .UNSPECIFIED.);
#308=B_SPLINE_SURFACE_WITH_KNOTS('',3,1,((#4846,#4847),(#4848,#4849),(#4850,
#4851),(#4852,#4853),(#4854,#4855)),.UNSPECIFIED.,.F.,.F.,.F.,(4,1,4),(2,
2),(0.,0.0187688743213663,0.035663112521195),(0.,0.0500000000000007),
 .UNSPECIFIED.);
#309=B_SPLINE_SURFACE_WITH_KNOTS('',3,1,((#4869,#4870),(#4871,#4872),(#4873,
#4874),(#4875,#4876),(#4877,#4878)),.UNSPECIFIED.,.F.,.F.,.F.,(4,1,4),(2,
2),(0.,0.0204855641654531,0.0405831674778777),(0.,0.0500000000000007),
 .UNSPECIFIED.);
#310=B_SPLINE_SURFACE_WITH_KNOTS('',3,1,((#4892,#4893),(#4894,#4895),(#4896,
#4897),(#4898,#4899),(#4900,#4901)),.UNSPECIFIED.,.F.,.F.,.F.,(4,1,4),(2,
2),(0.,0.0237082923135805,0.0484384520804254),(0.,0.0500000000000007),
 .UNSPECIFIED.);
#311=B_SPLINE_SURFACE_WITH_KNOTS('',3,1,((#4915,#4916),(#4917,#4918),(#4919,
#4920),(#4921,#4922),(#4923,#4924)),.UNSPECIFIED.,.F.,.F.,.F.,(4,1,4),(2,
2),(0.,0.0263569385965251,0.0505028157008104),(0.,0.0500000000000007),
 .UNSPECIFIED.);
#312=B_SPLINE_SURFACE_WITH_KNOTS('',3,1,((#4938,#4939),(#4940,#4941),(#4942,
#4943),(#4944,#4945),(#4946,#4947)),.UNSPECIFIED.,.F.,.F.,.F.,(4,1,4),(2,
2),(0.,0.0201763710960566,0.0421985619195243),(0.,0.0500000000000007),
 .UNSPECIFIED.);
#313=B_SPLINE_SURFACE_WITH_KNOTS('',3,1,((#4961,#4962),(#4963,#4964),(#4965,
#4966),(#4967,#4968),(#4969,#4970)),.UNSPECIFIED.,.F.,.F.,.F.,(4,1,4),(2,
2),(0.,0.0188546712089795,0.0380690384474269),(0.,0.0500000000000007),
 .UNSPECIFIED.);
#314=B_SPLINE_SURFACE_WITH_KNOTS('',3,1,((#4984,#4985),(#4986,#4987),(#4988,
#4989),(#4990,#4991),(#4992,#4993)),.UNSPECIFIED.,.F.,.F.,.F.,(4,1,4),(2,
2),(0.,0.0212423411639217,0.0416670761052186),(0.,0.0500000000000007),
 .UNSPECIFIED.);
#315=B_SPLINE_SURFACE_WITH_KNOTS('',3,1,((#5007,#5008),(#5009,#5010),(#5011,
#5012),(#5013,#5014),(#5015,#5016)),.UNSPECIFIED.,.F.,.F.,.F.,(4,1,4),(2,
2),(0.,0.0218490377189617,0.0434852689665109),(0.,0.0500000000000007),
 .UNSPECIFIED.);
#316=B_SPLINE_SURFACE_WITH_KNOTS('',3,1,((#5030,#5031),(#5032,#5033),(#5034,
#5035),(#5036,#5037),(#5038,#5039)),.UNSPECIFIED.,.F.,.F.,.F.,(4,1,4),(2,
2),(0.,0.0310370897062945,0.0561035108836177),(0.,0.0500000000000007),
 .UNSPECIFIED.);
#317=B_SPLINE_SURFACE_WITH_KNOTS('',3,1,((#5069,#5070),(#5071,#5072),(#5073,
#5074),(#5075,#5076),(#5077,#5078)),.UNSPECIFIED.,.F.,.F.,.F.,(4,1,4),(2,
2),(0.,0.0160785744106463,0.037514693598166),(0.,0.0500000000000007),
 .UNSPECIFIED.);
#318=B_SPLINE_SURFACE_WITH_KNOTS('',3,1,((#5095,#5096),(#5097,#5098),(#5099,
#5100),(#5101,#5102),(#5103,#5104)),.UNSPECIFIED.,.F.,.F.,.F.,(4,1,4),(2,
2),(0.,0.0181634445478105,0.0357458301201578),(0.,0.0500000000000007),
 .UNSPECIFIED.);
#319=B_SPLINE_SURFACE_WITH_KNOTS('',3,1,((#5118,#5119),(#5120,#5121),(#5122,
#5123),(#5124,#5125),(#5126,#5127)),.UNSPECIFIED.,.F.,.F.,.F.,(4,1,4),(2,
2),(0.,0.020237096686248,0.0392856634754939),(0.,0.0500000000000007),
 .UNSPECIFIED.);
#320=B_SPLINE_SURFACE_WITH_KNOTS('',3,1,((#5141,#5142),(#5143,#5144),(#5145,
#5146),(#5147,#5148),(#5149,#5150)),.UNSPECIFIED.,.F.,.F.,.F.,(4,1,4),(2,
2),(0.,0.0156547742731864,0.0347425178898031),(0.,0.0500000000000007),
 .UNSPECIFIED.);
#321=B_SPLINE_SURFACE_WITH_KNOTS('',3,1,((#5164,#5165),(#5166,#5167),(#5168,
#5169),(#5170,#5171),(#5172,#5173)),.UNSPECIFIED.,.F.,.F.,.F.,(4,1,4),(2,
2),(0.,0.0137857890181126,0.0275989031844547),(0.,0.0500000000000007),
 .UNSPECIFIED.);
#322=B_SPLINE_SURFACE_WITH_KNOTS('',3,1,((#5187,#5188),(#5189,#5190),(#5191,
#5192),(#5193,#5194),(#5195,#5196)),.UNSPECIFIED.,.F.,.F.,.F.,(4,1,4),(2,
2),(0.,0.00908657348173006,0.0183330261853745),(0.,0.0500000000000007),
 .UNSPECIFIED.);
#323=B_SPLINE_SURFACE_WITH_KNOTS('',3,1,((#5210,#5211),(#5212,#5213),(#5214,
#5215),(#5216,#5217),(#5218,#5219)),.UNSPECIFIED.,.F.,.F.,.F.,(4,1,4),(2,
2),(0.,0.00975659119943941,0.0191077919790291),(0.,0.0500000000000007),
 .UNSPECIFIED.);
#324=B_SPLINE_SURFACE_WITH_KNOTS('',3,1,((#5233,#5234),(#5235,#5236),(#5237,
#5238),(#5239,#5240),(#5241,#5242)),.UNSPECIFIED.,.F.,.F.,.F.,(4,1,4),(2,
2),(0.,0.0196991199819453,0.0330179845476122),(0.,0.0500000000000007),
 .UNSPECIFIED.);
#325=B_SPLINE_SURFACE_WITH_KNOTS('',3,1,((#5256,#5257),(#5258,#5259),(#5260,
#5261),(#5262,#5263),(#5264,#5265)),.UNSPECIFIED.,.F.,.F.,.F.,(4,1,4),(2,
2),(0.,0.0261867433001942,0.0618509914038741),(0.,0.0500000000000007),
 .UNSPECIFIED.);
#326=B_SPLINE_SURFACE_WITH_KNOTS('',3,1,((#5291,#5292),(#5293,#5294),(#5295,
#5296),(#5297,#5298),(#5299,#5300)),.UNSPECIFIED.,.F.,.F.,.F.,(4,1,4),(2,
2),(0.,0.0137257623536847,0.027736110602528),(0.,0.0500000000000007),
 .UNSPECIFIED.);
#327=B_SPLINE_SURFACE_WITH_KNOTS('',3,1,((#5314,#5315),(#5316,#5317),(#5318,
#5319),(#5320,#5321),(#5322,#5323)),.UNSPECIFIED.,.F.,.F.,.F.,(4,1,4),(2,
2),(0.,0.0419546563127097,0.0651403601365294),(0.,0.0500000000000007),
 .UNSPECIFIED.);
#328=B_SPLINE_SURFACE_WITH_KNOTS('',3,1,((#5343,#5344),(#5345,#5346),(#5347,
#5348),(#5349,#5350),(#5351,#5352)),.UNSPECIFIED.,.F.,.F.,.F.,(4,1,4),(2,
2),(0.,0.0132712580909198,0.0340471641259214),(0.,0.0500000000000007),
 .UNSPECIFIED.);
#329=B_SPLINE_SURFACE_WITH_KNOTS('',3,1,((#5366,#5367),(#5368,#5369),(#5370,
#5371),(#5372,#5373),(#5374,#5375)),.UNSPECIFIED.,.F.,.F.,.F.,(4,1,4),(2,
2),(0.,0.0131451420797136,0.0276733929427936),(0.,0.0500000000000007),
 .UNSPECIFIED.);
#330=B_SPLINE_SURFACE_WITH_KNOTS('',3,1,((#5389,#5390),(#5391,#5392),(#5393,
#5394),(#5395,#5396),(#5397,#5398)),.UNSPECIFIED.,.F.,.F.,.F.,(4,1,4),(2,
2),(0.,0.0168166511963766,0.0307397847072183),(0.,0.0500000000000007),
 .UNSPECIFIED.);
#331=B_SPLINE_SURFACE_WITH_KNOTS('',3,1,((#5412,#5413),(#5414,#5415),(#5416,
#5417),(#5418,#5419),(#5420,#5421)),.UNSPECIFIED.,.F.,.F.,.F.,(4,1,4),(2,
2),(0.,0.0252747804221509,0.045872318631662),(0.,0.0500000000000007),
 .UNSPECIFIED.);
#332=B_SPLINE_SURFACE_WITH_KNOTS('',3,1,((#5435,#5436),(#5437,#5438),(#5439,
#5440),(#5441,#5442),(#5443,#5444)),.UNSPECIFIED.,.F.,.F.,.F.,(4,1,4),(2,
2),(0.,0.0236994459593977,0.0501182912760881),(0.,0.0500000000000007),
 .UNSPECIFIED.);
#333=B_SPLINE_SURFACE_WITH_KNOTS('',3,1,((#5458,#5459),(#5460,#5461),(#5462,
#5463),(#5464,#5465),(#5466,#5467)),.UNSPECIFIED.,.F.,.F.,.F.,(4,1,4),(2,
2),(0.,0.0186834182110237,0.0396182728124495),(0.,0.0500000000000007),
 .UNSPECIFIED.);
#334=B_SPLINE_SURFACE_WITH_KNOTS('',3,1,((#5481,#5482),(#5483,#5484),(#5485,
#5486),(#5487,#5488),(#5489,#5490)),.UNSPECIFIED.,.F.,.F.,.F.,(4,1,4),(2,
2),(0.,0.0218609690522016,0.0408742567543102),(0.,0.0500000000000007),
 .UNSPECIFIED.);
#335=B_SPLINE_SURFACE_WITH_KNOTS('',3,1,((#5510,#5511),(#5512,#5513),(#5514,
#5515),(#5516,#5517),(#5518,#5519)),.UNSPECIFIED.,.F.,.F.,.F.,(4,1,4),(2,
2),(0.,0.0164751859370624,0.0374629685832116),(0.,0.0500000000000007),
 .UNSPECIFIED.);
#336=B_SPLINE_SURFACE_WITH_KNOTS('',3,1,((#5533,#5534),(#5535,#5536),(#5537,
#5538),(#5539,#5540),(#5541,#5542)),.UNSPECIFIED.,.F.,.F.,.F.,(4,1,4),(2,
2),(0.,0.0227294622466648,0.0400275412678699),(0.,0.0500000000000007),
 .UNSPECIFIED.);
#337=B_SPLINE_SURFACE_WITH_KNOTS('',3,1,((#5556,#5557),(#5558,#5559),(#5560,
#5561),(#5562,#5563),(#5564,#5565)),.UNSPECIFIED.,.F.,.F.,.F.,(4,1,4),(2,
2),(0.,0.0198890849562978,0.0444909150973638),(0.,0.0500000000000007),
 .UNSPECIFIED.);
#338=B_SPLINE_SURFACE_WITH_KNOTS('',3,1,((#5579,#5580),(#5581,#5582),(#5583,
#5584),(#5585,#5586),(#5587,#5588)),.UNSPECIFIED.,.F.,.F.,.F.,(4,1,4),(2,
2),(0.,0.0193614653414322,0.0341388861584782),(0.,0.0500000000000007),
 .UNSPECIFIED.);
#339=B_SPLINE_SURFACE_WITH_KNOTS('',3,1,((#5602,#5603),(#5604,#5605),(#5606,
#5607),(#5608,#5609),(#5610,#5611)),.UNSPECIFIED.,.F.,.F.,.F.,(4,1,4),(2,
2),(0.,0.00619221730372442,0.00962028309787732),(0.,0.0500000000000007),
 .UNSPECIFIED.);
#340=B_SPLINE_SURFACE_WITH_KNOTS('',3,1,((#5625,#5626),(#5627,#5628),(#5629,
#5630),(#5631,#5632),(#5633,#5634)),.UNSPECIFIED.,.F.,.F.,.F.,(4,1,4),(2,
2),(0.,0.0391645650333375,0.0669835650751826),(0.,0.0500000000000007),
 .UNSPECIFIED.);
#341=B_SPLINE_SURFACE_WITH_KNOTS('',3,1,((#5648,#5649),(#5650,#5651),(#5652,
#5653),(#5654,#5655),(#5656,#5657)),.UNSPECIFIED.,.F.,.F.,.F.,(4,1,4),(2,
2),(0.,0.0138963049349133,0.0332211613396366),(0.,0.0500000000000007),
 .UNSPECIFIED.);
#342=B_SPLINE_SURFACE_WITH_KNOTS('',3,1,((#5671,#5672),(#5673,#5674),(#5675,
#5676),(#5677,#5678),(#5679,#5680)),.UNSPECIFIED.,.F.,.F.,.F.,(4,1,4),(2,
2),(0.,0.0144053225439168,0.0293099627392187),(0.,0.0500000000000007),
 .UNSPECIFIED.);
#343=B_SPLINE_SURFACE_WITH_KNOTS('',3,1,((#5694,#5695),(#5696,#5697),(#5698,
#5699),(#5700,#5701),(#5702,#5703)),.UNSPECIFIED.,.F.,.F.,.F.,(4,1,4),(2,
2),(0.,0.014648220704569,0.0287494303017285),(0.,0.0500000000000007),
 .UNSPECIFIED.);
#344=B_SPLINE_SURFACE_WITH_KNOTS('',3,1,((#5717,#5718),(#5719,#5720),(#5721,
#5722),(#5723,#5724),(#5725,#5726)),.UNSPECIFIED.,.F.,.F.,.F.,(4,1,4),(2,
2),(0.,0.0153503482389458,0.0301712001015462),(0.,0.0500000000000007),
 .UNSPECIFIED.);
#345=B_SPLINE_SURFACE_WITH_KNOTS('',3,1,((#5740,#5741),(#5742,#5743),(#5744,
#5745),(#5746,#5747),(#5748,#5749)),.UNSPECIFIED.,.F.,.F.,.F.,(4,1,4),(2,
2),(0.,0.0246632635387021,0.0499374165107752),(0.,0.0500000000000007),
 .UNSPECIFIED.);
#346=B_SPLINE_SURFACE_WITH_KNOTS('',3,1,((#5763,#5764),(#5765,#5766),(#5767,
#5768),(#5769,#5770),(#5771,#5772)),.UNSPECIFIED.,.F.,.F.,.F.,(4,1,4),(2,
2),(0.,0.0319650039812994,0.0587383301758745),(0.,0.0500000000000007),
 .UNSPECIFIED.);
#347=B_SPLINE_SURFACE_WITH_KNOTS('',3,1,((#5786,#5787),(#5788,#5789),(#5790,
#5791),(#5792,#5793),(#5794,#5795)),.UNSPECIFIED.,.F.,.F.,.F.,(4,1,4),(2,
2),(0.,0.0202678206183596,0.0413195201219076),(0.,0.0500000000000007),
 .UNSPECIFIED.);
#348=B_SPLINE_SURFACE_WITH_KNOTS('',3,1,((#5809,#5810),(#5811,#5812),(#5813,
#5814),(#5815,#5816),(#5817,#5818)),.UNSPECIFIED.,.F.,.F.,.F.,(4,1,4),(2,
2),(0.,0.0249871008553534,0.0466766797189992),(0.,0.0500000000000007),
 .UNSPECIFIED.);
#349=B_SPLINE_SURFACE_WITH_KNOTS('',3,1,((#5832,#5833),(#5834,#5835),(#5836,
#5837),(#5838,#5839),(#5840,#5841)),.UNSPECIFIED.,.F.,.F.,.F.,(4,1,4),(2,
2),(0.,0.013292949418439,0.0279128574648578),(0.,0.0500000000000007),
 .UNSPECIFIED.);
#350=B_SPLINE_SURFACE_WITH_KNOTS('',3,1,((#5862,#5863),(#5864,#5865),(#5866,
#5867),(#5868,#5869),(#5870,#5871)),.UNSPECIFIED.,.F.,.F.,.F.,(4,1,4),(2,
2),(0.,0.0210753129287707,0.0435357258091952),(0.,0.0500000000000007),
 .UNSPECIFIED.);
#351=B_SPLINE_SURFACE_WITH_KNOTS('',3,1,((#5885,#5886),(#5887,#5888),(#5889,
#5890),(#5891,#5892),(#5893,#5894)),.UNSPECIFIED.,.F.,.F.,.F.,(4,1,4),(2,
2),(0.,0.0119044146156587,0.0246044777872128),(0.,0.0500000000000007),
 .UNSPECIFIED.);
#352=B_SPLINE_SURFACE_WITH_KNOTS('',3,1,((#5908,#5909),(#5910,#5911),(#5912,
#5913),(#5914,#5915),(#5916,#5917)),.UNSPECIFIED.,.F.,.F.,.F.,(4,1,4),(2,
2),(0.,0.0116068816370646,0.0232352515925602),(0.,0.0500000000000007),
 .UNSPECIFIED.);
#353=B_SPLINE_SURFACE_WITH_KNOTS('',3,1,((#5931,#5932),(#5933,#5934),(#5935,
#5936),(#5937,#5938),(#5939,#5940)),.UNSPECIFIED.,.F.,.F.,.F.,(4,1,4),(2,
2),(0.,0.0147731198645125,0.028425754201384),(0.,0.0500000000000007),
 .UNSPECIFIED.);
#354=B_SPLINE_SURFACE_WITH_KNOTS('',3,1,((#5960,#5961),(#5962,#5963),(#5964,
#5965),(#5966,#5967),(#5968,#5969)),.UNSPECIFIED.,.F.,.F.,.F.,(4,1,4),(2,
2),(0.,0.0190086055122729,0.0400653186187899),(0.,0.0500000000000007),
 .UNSPECIFIED.);
#355=B_SPLINE_SURFACE_WITH_KNOTS('',3,1,((#5983,#5984),(#5985,#5986),(#5987,
#5988),(#5989,#5990),(#5991,#5992)),.UNSPECIFIED.,.F.,.F.,.F.,(4,1,4),(2,
2),(0.,0.0126300958648953,0.0251469370209206),(0.,0.0500000000000007),
 .UNSPECIFIED.);
#356=B_SPLINE_SURFACE_WITH_KNOTS('',3,1,((#6006,#6007),(#6008,#6009),(#6010,
#6011),(#6012,#6013),(#6014,#6015)),.UNSPECIFIED.,.F.,.F.,.F.,(4,1,4),(2,
2),(0.,0.0227225452501222,0.0386038488860361),(0.,0.0500000000000007),
 .UNSPECIFIED.);
#357=B_SPLINE_SURFACE_WITH_KNOTS('',3,1,((#6097,#6098),(#6099,#6100),(#6101,
#6102),(#6103,#6104),(#6105,#6106)),.UNSPECIFIED.,.F.,.F.,.F.,(4,1,4),(2,
2),(0.,0.0256823660131656,0.0517166112248353),(0.,0.0500000000000007),
 .UNSPECIFIED.);
#358=B_SPLINE_SURFACE_WITH_KNOTS('',3,1,((#6120,#6121),(#6122,#6123),(#6124,
#6125),(#6126,#6127),(#6128,#6129)),.UNSPECIFIED.,.F.,.F.,.F.,(4,1,4),(2,
2),(0.,0.0268077161977902,0.0515880042375414),(0.,0.0500000000000007),
 .UNSPECIFIED.);
#359=B_SPLINE_SURFACE_WITH_KNOTS('',3,1,((#6165,#6166),(#6167,#6168),(#6169,
#6170),(#6171,#6172),(#6173,#6174)),.UNSPECIFIED.,.F.,.F.,.F.,(4,1,4),(2,
2),(0.,0.0231117859407468,0.0470096524485459),(0.,0.0500000000000007),
 .UNSPECIFIED.);
#360=B_SPLINE_SURFACE_WITH_KNOTS('',3,1,((#6191,#6192),(#6193,#6194),(#6195,
#6196),(#6197,#6198),(#6199,#6200)),.UNSPECIFIED.,.F.,.F.,.F.,(4,1,4),(2,
2),(0.,0.0247614994153072,0.0485170791663355),(0.,0.0500000000000007),
 .UNSPECIFIED.);
#361=B_SPLINE_SURFACE_WITH_KNOTS('',3,1,((#6214,#6215),(#6216,#6217),(#6218,
#6219),(#6220,#6221),(#6222,#6223)),.UNSPECIFIED.,.F.,.F.,.F.,(4,1,4),(2,
2),(0.,0.0389146880572044,0.0686612872128174),(0.,0.0500000000000007),
 .UNSPECIFIED.);
#362=B_SPLINE_SURFACE_WITH_KNOTS('',3,1,((#6237,#6238),(#6239,#6240),(#6241,
#6242),(#6243,#6244),(#6245,#6246)),.UNSPECIFIED.,.F.,.F.,.F.,(4,1,4),(2,
2),(0.,0.0280736091766692,0.0636789915467583),(0.,0.0500000000000007),
 .UNSPECIFIED.);
#363=B_SPLINE_SURFACE_WITH_KNOTS('',3,1,((#6260,#6261),(#6262,#6263),(#6264,
#6265),(#6266,#6267),(#6268,#6269)),.UNSPECIFIED.,.F.,.F.,.F.,(4,1,4),(2,
2),(0.,0.022839906614109,0.0465859529866663),(0.,0.0500000000000007),
 .UNSPECIFIED.);
#364=B_SPLINE_SURFACE_WITH_KNOTS('',3,1,((#6283,#6284),(#6285,#6286),(#6287,
#6288),(#6289,#6290),(#6291,#6292)),.UNSPECIFIED.,.F.,.F.,.F.,(4,1,4),(2,
2),(0.,0.0246647602616353,0.0476108580777309),(0.,0.0500000000000007),
 .UNSPECIFIED.);
#365=B_SPLINE_SURFACE_WITH_KNOTS('',3,1,((#6306,#6307),(#6308,#6309),(#6310,
#6311),(#6312,#6313),(#6314,#6315)),.UNSPECIFIED.,.F.,.F.,.F.,(4,1,4),(2,
2),(0.,0.0367411799975707,0.0658442971637299),(0.,0.0500000000000007),
 .UNSPECIFIED.);
#366=B_SPLINE_SURFACE_WITH_KNOTS('',3,1,((#6329,#6330),(#6331,#6332),(#6333,
#6334),(#6335,#6336),(#6337,#6338)),.UNSPECIFIED.,.F.,.F.,.F.,(4,1,4),(2,
2),(0.,0.0286048161994654,0.0662257933540684),(0.,0.0500000000000007),
 .UNSPECIFIED.);
#367=B_SPLINE_SURFACE_WITH_KNOTS('',3,1,((#6370,#6371),(#6372,#6373),(#6374,
#6375),(#6376,#6377),(#6378,#6379)),.UNSPECIFIED.,.F.,.F.,.F.,(4,1,4),(2,
2),(0.,0.0168291291612688,0.0331586569314704),(0.,0.0500000000000007),
 .UNSPECIFIED.);
#368=B_SPLINE_SURFACE_WITH_KNOTS('',3,1,((#6393,#6394),(#6395,#6396),(#6397,
#6398),(#6399,#6400),(#6401,#6402)),.UNSPECIFIED.,.F.,.F.,.F.,(4,1,4),(2,
2),(0.,0.0186889814889627,0.0362755716642861),(0.,0.0500000000000007),
 .UNSPECIFIED.);
#369=B_SPLINE_SURFACE_WITH_KNOTS('',3,1,((#6416,#6417),(#6418,#6419),(#6420,
#6421),(#6422,#6423),(#6424,#6425)),.UNSPECIFIED.,.F.,.F.,.F.,(4,1,4),(2,
2),(0.,0.0252942829036227,0.0510657370217271),(0.,0.0500000000000007),
 .UNSPECIFIED.);
#370=B_SPLINE_SURFACE_WITH_KNOTS('',3,1,((#6439,#6440),(#6441,#6442),(#6443,
#6444),(#6445,#6446),(#6447,#6448)),.UNSPECIFIED.,.F.,.F.,.F.,(4,1,4),(2,
2),(0.,0.0271148938095531,0.0527565663988482),(0.,0.0500000000000007),
 .UNSPECIFIED.);
#371=B_SPLINE_SURFACE_WITH_KNOTS('',3,1,((#6462,#6463),(#6464,#6465),(#6466,
#6467),(#6468,#6469),(#6470,#6471)),.UNSPECIFIED.,.F.,.F.,.F.,(4,1,4),(2,
2),(0.,0.031121070811658,0.0602145344466513),(0.,0.0500000000000007),
 .UNSPECIFIED.);
#372=B_SPLINE_SURFACE_WITH_KNOTS('',3,1,((#6485,#6486),(#6487,#6488),(#6489,
#6490),(#6491,#6492),(#6493,#6494)),.UNSPECIFIED.,.F.,.F.,.F.,(4,1,4),(2,
2),(0.,0.0290736416071569,0.0606763958113712),(0.,0.0500000000000007),
 .UNSPECIFIED.);
#373=B_SPLINE_SURFACE_WITH_KNOTS('',3,1,((#6508,#6509),(#6510,#6511),(#6512,
#6513),(#6514,#6515),(#6516,#6517)),.UNSPECIFIED.,.F.,.F.,.F.,(4,1,4),(2,
2),(0.,0.0258016220560116,0.052781460220055),(0.,0.0500000000000007),
 .UNSPECIFIED.);
#374=B_SPLINE_SURFACE_WITH_KNOTS('',3,1,((#6531,#6532),(#6533,#6534),(#6535,
#6536),(#6537,#6538),(#6539,#6540)),.UNSPECIFIED.,.F.,.F.,.F.,(4,1,4),(2,
2),(0.,0.0252214200813241,0.0505339279827189),(0.,0.0500000000000007),
 .UNSPECIFIED.);
#375=B_SPLINE_SURFACE_WITH_KNOTS('',3,1,((#6554,#6555),(#6556,#6557),(#6558,
#6559),(#6560,#6561),(#6562,#6563)),.UNSPECIFIED.,.F.,.F.,.F.,(4,1,4),(2,
2),(0.,0.0352102200278875,0.0713741544289119),(0.,0.0500000000000007),
 .UNSPECIFIED.);
#376=B_SPLINE_SURFACE_WITH_KNOTS('',3,1,((#6596,#6597),(#6598,#6599),(#6600,
#6601),(#6602,#6603),(#6604,#6605)),.UNSPECIFIED.,.F.,.F.,.F.,(4,1,4),(2,
2),(0.,0.0283647634159468,0.0520042590027512),(0.,0.0500000000000007),
 .UNSPECIFIED.);
#377=B_SPLINE_SURFACE_WITH_KNOTS('',3,1,((#6619,#6620),(#6621,#6622),(#6623,
#6624),(#6625,#6626),(#6627,#6628)),.UNSPECIFIED.,.F.,.F.,.F.,(4,1,4),(2,
2),(0.,0.0331137885413587,0.0646496722187436),(0.,0.0500000000000007),
 .UNSPECIFIED.);
#378=B_SPLINE_SURFACE_WITH_KNOTS('',3,1,((#6648,#6649),(#6650,#6651),(#6652,
#6653),(#6654,#6655),(#6656,#6657)),.UNSPECIFIED.,.F.,.F.,.F.,(4,1,4),(2,
2),(0.,0.0232361580848881,0.0431473742147617),(0.,0.0500000000000007),
 .UNSPECIFIED.);
#379=B_SPLINE_SURFACE_WITH_KNOTS('',3,1,((#6671,#6672),(#6673,#6674),(#6675,
#6676),(#6677,#6678),(#6679,#6680)),.UNSPECIFIED.,.F.,.F.,.F.,(4,1,4),(2,
2),(0.,0.0199525240443594,0.0432957760409571),(0.,0.0500000000000007),
 .UNSPECIFIED.);
#380=B_SPLINE_SURFACE_WITH_KNOTS('',3,1,((#6710,#6711),(#6712,#6713),(#6714,
#6715),(#6716,#6717),(#6718,#6719)),.UNSPECIFIED.,.F.,.F.,.F.,(4,1,4),(2,
2),(0.,0.0257956576584471,0.0515495208600006),(0.,0.0500000000000007),
 .UNSPECIFIED.);
#381=B_SPLINE_SURFACE_WITH_KNOTS('',3,1,((#6736,#6737),(#6738,#6739),(#6740,
#6741),(#6742,#6743),(#6744,#6745)),.UNSPECIFIED.,.F.,.F.,.F.,(4,1,4),(2,
2),(0.,0.0257651380598883,0.0512705443433465),(0.,0.0500000000000007),
 .UNSPECIFIED.);
#382=B_SPLINE_SURFACE_WITH_KNOTS('',3,1,((#6759,#6760),(#6761,#6762),(#6763,
#6764),(#6765,#6766),(#6767,#6768)),.UNSPECIFIED.,.F.,.F.,.F.,(4,1,4),(2,
2),(0.,0.0357006345299739,0.0647717319674804),(0.,0.0500000000000007),
 .UNSPECIFIED.);
#383=B_SPLINE_SURFACE_WITH_KNOTS('',3,1,((#6782,#6783),(#6784,#6785),(#6786,
#6787),(#6788,#6789),(#6790,#6791)),.UNSPECIFIED.,.F.,.F.,.F.,(4,1,4),(2,
2),(0.,0.0296776380819347,0.0672498900296932),(0.,0.0500000000000007),
 .UNSPECIFIED.);
#384=B_SPLINE_SURFACE_WITH_KNOTS('',3,1,((#6805,#6806),(#6807,#6808),(#6809,
#6810),(#6811,#6812),(#6813,#6814)),.UNSPECIFIED.,.F.,.F.,.F.,(4,1,4),(2,
2),(0.,0.0256556054804371,0.0514614188901333),(0.,0.0500000000000007),
 .UNSPECIFIED.);
#385=B_SPLINE_SURFACE_WITH_KNOTS('',3,1,((#6828,#6829),(#6830,#6831),(#6832,
#6833),(#6834,#6835),(#6836,#6837)),.UNSPECIFIED.,.F.,.F.,.F.,(4,1,4),(2,
2),(0.,0.025753881139698,0.0515495387981451),(0.,0.0500000000000007),
 .UNSPECIFIED.);
#386=B_SPLINE_SURFACE_WITH_KNOTS('',3,1,((#6851,#6852),(#6853,#6854),(#6855,
#6856),(#6857,#6858),(#6859,#6860)),.UNSPECIFIED.,.F.,.F.,.F.,(4,1,4),(2,
2),(0.,0.0368106450669335,0.0662613761684787),(0.,0.0500000000000007),
 .UNSPECIFIED.);
#387=B_SPLINE_SURFACE_WITH_KNOTS('',3,1,((#6874,#6875),(#6876,#6877),(#6878,
#6879),(#6880,#6881),(#6882,#6883)),.UNSPECIFIED.,.F.,.F.,.F.,(4,1,4),(2,
2),(0.,0.0293148558700167,0.0660747534264223),(0.,0.0500000000000007),
 .UNSPECIFIED.);
#388=B_SPLINE_SURFACE_WITH_KNOTS('',3,1,((#6894,#6895),(#6896,#6897),(#6898,
#6899),(#6900,#6901),(#6902,#6903)),.UNSPECIFIED.,.F.,.F.,.F.,(4,1,4),(2,
2),(0.,0.0419289814424981,0.081219153039024),(0.,0.0500000000000007),
 .UNSPECIFIED.);
#389=B_SPLINE_SURFACE_WITH_KNOTS('',3,1,((#6920,#6921),(#6922,#6923),(#6924,
#6925),(#6926,#6927),(#6928,#6929)),.UNSPECIFIED.,.F.,.F.,.F.,(4,1,4),(2,
2),(0.,0.0269803515406896,0.0545011873767281),(0.,0.0500000000000007),
 .UNSPECIFIED.);
#390=B_SPLINE_SURFACE_WITH_KNOTS('',3,1,((#6943,#6944),(#6945,#6946),(#6947,
#6948),(#6949,#6950),(#6951,#6952)),.UNSPECIFIED.,.F.,.F.,.F.,(4,1,4),(2,
2),(0.,0.0262692052386268,0.0528312878618231),(0.,0.0500000000000007),
 .UNSPECIFIED.);
#391=B_SPLINE_SURFACE_WITH_KNOTS('',3,1,((#6966,#6967),(#6968,#6969),(#6970,
#6971),(#6972,#6973),(#6974,#6975)),.UNSPECIFIED.,.F.,.F.,.F.,(4,1,4),(2,
2),(0.,0.0376339027258236,0.0677736893416908),(0.,0.0500000000000007),
 .UNSPECIFIED.);
#392=B_SPLINE_SURFACE_WITH_KNOTS('',3,1,((#6989,#6990),(#6991,#6992),(#6993,
#6994),(#6995,#6996),(#6997,#6998)),.UNSPECIFIED.,.F.,.F.,.F.,(4,1,4),(2,
2),(0.,0.0408961314393219,0.0875868169261425),(0.,0.0500000000000007),
 .UNSPECIFIED.);
#393=B_SPLINE_SURFACE_WITH_KNOTS('',3,1,((#7012,#7013),(#7014,#7015),(#7016,
#7017),(#7018,#7019),(#7020,#7021)),.UNSPECIFIED.,.F.,.F.,.F.,(4,1,4),(2,
2),(0.,0.041384022272094,0.0807177536763302),(0.,0.0500000000000007),
 .UNSPECIFIED.);
#394=B_SPLINE_SURFACE_WITH_KNOTS('',3,1,((#7035,#7036),(#7037,#7038),(#7039,
#7040),(#7041,#7042),(#7043,#7044)),.UNSPECIFIED.,.F.,.F.,.F.,(4,1,4),(2,
2),(0.,0.0359932977267977,0.073723575198256),(0.,0.0500000000000007),
 .UNSPECIFIED.);
#395=B_SPLINE_SURFACE_WITH_KNOTS('',3,1,((#7058,#7059),(#7060,#7061),(#7062,
#7063),(#7064,#7065),(#7066,#7067)),.UNSPECIFIED.,.F.,.F.,.F.,(4,1,4),(2,
2),(0.,0.0532066197629198,0.0978623965726895),(0.,0.0500000000000007),
 .UNSPECIFIED.);
#396=B_SPLINE_SURFACE_WITH_KNOTS('',3,1,((#7081,#7082),(#7083,#7084),(#7085,
#7086),(#7087,#7088),(#7089,#7090)),.UNSPECIFIED.,.F.,.F.,.F.,(4,1,4),(2,
2),(0.,0.0414400519379763,0.0905444611387116),(0.,0.0500000000000007),
 .UNSPECIFIED.);
#397=B_SPLINE_SURFACE_WITH_KNOTS('',3,1,((#7153,#7154),(#7155,#7156),(#7157,
#7158),(#7159,#7160),(#7161,#7162)),.UNSPECIFIED.,.F.,.F.,.F.,(4,1,4),(2,
2),(0.,0.0249174227775181,0.0472935310400399),(0.,0.0500000000000007),
 .UNSPECIFIED.);
#398=FACE_OUTER_BOUND('',#604,.T.);
#399=FACE_OUTER_BOUND('',#605,.T.);
#400=FACE_OUTER_BOUND('',#606,.T.);
#401=FACE_OUTER_BOUND('',#607,.T.);
#402=FACE_OUTER_BOUND('',#608,.T.);
#403=FACE_OUTER_BOUND('',#609,.T.);
#404=FACE_OUTER_BOUND('',#610,.T.);
#405=FACE_OUTER_BOUND('',#611,.T.);
#406=FACE_OUTER_BOUND('',#612,.T.);
#407=FACE_OUTER_BOUND('',#613,.T.);
#408=FACE_OUTER_BOUND('',#614,.T.);
#409=FACE_OUTER_BOUND('',#615,.T.);
#410=FACE_OUTER_BOUND('',#616,.T.);
#411=FACE_OUTER_BOUND('',#617,.T.);
#412=FACE_OUTER_BOUND('',#618,.T.);
#413=FACE_OUTER_BOUND('',#619,.T.);
#414=FACE_OUTER_BOUND('',#620,.T.);
#415=FACE_OUTER_BOUND('',#621,.T.);
#416=FACE_OUTER_BOUND('',#622,.T.);
#417=FACE_OUTER_BOUND('',#623,.T.);
#418=FACE_OUTER_BOUND('',#624,.T.);
#419=FACE_OUTER_BOUND('',#625,.T.);
#420=FACE_OUTER_BOUND('',#626,.T.);
#421=FACE_OUTER_BOUND('',#627,.T.);
#422=FACE_OUTER_BOUND('',#628,.T.);
#423=FACE_OUTER_BOUND('',#629,.T.);
#424=FACE_OUTER_BOUND('',#630,.T.);
#425=FACE_OUTER_BOUND('',#631,.T.);
#426=FACE_OUTER_BOUND('',#632,.T.);
#427=FACE_OUTER_BOUND('',#633,.T.);
#428=FACE_OUTER_BOUND('',#634,.T.);
#429=FACE_OUTER_BOUND('',#635,.T.);
#430=FACE_OUTER_BOUND('',#636,.T.);
#431=FACE_OUTER_BOUND('',#637,.T.);
#432=FACE_OUTER_BOUND('',#640,.T.);
#433=FACE_OUTER_BOUND('',#641,.T.);
#434=FACE_OUTER_BOUND('',#642,.T.);
#435=FACE_OUTER_BOUND('',#643,.T.);
#436=FACE_OUTER_BOUND('',#644,.T.);
#437=FACE_OUTER_BOUND('',#645,.T.);
#438=FACE_OUTER_BOUND('',#646,.T.);
#439=FACE_OUTER_BOUND('',#647,.T.);
#440=FACE_OUTER_BOUND('',#648,.T.);
#441=FACE_OUTER_BOUND('',#649,.T.);
#442=FACE_OUTER_BOUND('',#650,.T.);
#443=FACE_OUTER_BOUND('',#651,.T.);
#444=FACE_OUTER_BOUND('',#652,.T.);
#445=FACE_OUTER_BOUND('',#653,.T.);
#446=FACE_OUTER_BOUND('',#654,.T.);
#447=FACE_OUTER_BOUND('',#655,.T.);
#448=FACE_OUTER_BOUND('',#656,.T.);
#449=FACE_OUTER_BOUND('',#657,.T.);
#450=FACE_OUTER_BOUND('',#658,.T.);
#451=FACE_OUTER_BOUND('',#659,.T.);
#452=FACE_OUTER_BOUND('',#660,.T.);
#453=FACE_OUTER_BOUND('',#661,.T.);
#454=FACE_OUTER_BOUND('',#662,.T.);
#455=FACE_OUTER_BOUND('',#663,.T.);
#456=FACE_OUTER_BOUND('',#664,.T.);
#457=FACE_OUTER_BOUND('',#665,.T.);
#458=FACE_OUTER_BOUND('',#666,.T.);
#459=FACE_OUTER_BOUND('',#667,.T.);
#460=FACE_OUTER_BOUND('',#668,.T.);
#461=FACE_OUTER_BOUND('',#669,.T.);
#462=FACE_OUTER_BOUND('',#670,.T.);
#463=FACE_OUTER_BOUND('',#671,.T.);
#464=FACE_OUTER_BOUND('',#672,.T.);
#465=FACE_OUTER_BOUND('',#673,.T.);
#466=FACE_OUTER_BOUND('',#674,.T.);
#467=FACE_OUTER_BOUND('',#675,.T.);
#468=FACE_OUTER_BOUND('',#676,.T.);
#469=FACE_OUTER_BOUND('',#677,.T.);
#470=FACE_OUTER_BOUND('',#679,.T.);
#471=FACE_OUTER_BOUND('',#680,.T.);
#472=FACE_OUTER_BOUND('',#681,.T.);
#473=FACE_OUTER_BOUND('',#682,.T.);
#474=FACE_OUTER_BOUND('',#683,.T.);
#475=FACE_OUTER_BOUND('',#684,.T.);
#476=FACE_OUTER_BOUND('',#685,.T.);
#477=FACE_OUTER_BOUND('',#686,.T.);
#478=FACE_OUTER_BOUND('',#687,.T.);
#479=FACE_OUTER_BOUND('',#688,.T.);
#480=FACE_OUTER_BOUND('',#689,.T.);
#481=FACE_OUTER_BOUND('',#690,.T.);
#482=FACE_OUTER_BOUND('',#691,.T.);
#483=FACE_OUTER_BOUND('',#692,.T.);
#484=FACE_OUTER_BOUND('',#693,.T.);
#485=FACE_OUTER_BOUND('',#694,.T.);
#486=FACE_OUTER_BOUND('',#695,.T.);
#487=FACE_OUTER_BOUND('',#696,.T.);
#488=FACE_OUTER_BOUND('',#697,.T.);
#489=FACE_OUTER_BOUND('',#698,.T.);
#490=FACE_OUTER_BOUND('',#699,.T.);
#491=FACE_OUTER_BOUND('',#700,.T.);
#492=FACE_OUTER_BOUND('',#701,.T.);
#493=FACE_OUTER_BOUND('',#702,.T.);
#494=FACE_OUTER_BOUND('',#703,.T.);
#495=FACE_OUTER_BOUND('',#704,.T.);
#496=FACE_OUTER_BOUND('',#705,.T.);
#497=FACE_OUTER_BOUND('',#706,.T.);
#498=FACE_OUTER_BOUND('',#707,.T.);
#499=FACE_OUTER_BOUND('',#708,.T.);
#500=FACE_OUTER_BOUND('',#709,.T.);
#501=FACE_OUTER_BOUND('',#710,.T.);
#502=FACE_OUTER_BOUND('',#711,.T.);
#503=FACE_OUTER_BOUND('',#712,.T.);
#504=FACE_OUTER_BOUND('',#713,.T.);
#505=FACE_OUTER_BOUND('',#714,.T.);
#506=FACE_OUTER_BOUND('',#715,.T.);
#507=FACE_OUTER_BOUND('',#716,.T.);
#508=FACE_OUTER_BOUND('',#717,.T.);
#509=FACE_OUTER_BOUND('',#718,.T.);
#510=FACE_OUTER_BOUND('',#719,.T.);
#511=FACE_OUTER_BOUND('',#720,.T.);
#512=FACE_OUTER_BOUND('',#721,.T.);
#513=FACE_OUTER_BOUND('',#722,.T.);
#514=FACE_OUTER_BOUND('',#723,.T.);
#515=FACE_OUTER_BOUND('',#724,.T.);
#516=FACE_OUTER_BOUND('',#725,.T.);
#517=FACE_OUTER_BOUND('',#726,.T.);
#518=FACE_OUTER_BOUND('',#727,.T.);
#519=FACE_OUTER_BOUND('',#728,.T.);
#520=FACE_OUTER_BOUND('',#729,.T.);
#521=FACE_OUTER_BOUND('',#730,.T.);
#522=FACE_OUTER_BOUND('',#732,.T.);
#523=FACE_OUTER_BOUND('',#733,.T.);
#524=FACE_OUTER_BOUND('',#734,.T.);
#525=FACE_OUTER_BOUND('',#735,.T.);
#526=FACE_OUTER_BOUND('',#736,.T.);
#527=FACE_OUTER_BOUND('',#737,.T.);
#528=FACE_OUTER_BOUND('',#738,.T.);
#529=FACE_OUTER_BOUND('',#739,.T.);
#530=FACE_OUTER_BOUND('',#740,.T.);
#531=FACE_OUTER_BOUND('',#741,.T.);
#532=FACE_OUTER_BOUND('',#742,.T.);
#533=FACE_OUTER_BOUND('',#743,.T.);
#534=FACE_OUTER_BOUND('',#744,.T.);
#535=FACE_OUTER_BOUND('',#745,.T.);
#536=FACE_OUTER_BOUND('',#746,.T.);
#537=FACE_OUTER_BOUND('',#747,.T.);
#538=FACE_OUTER_BOUND('',#748,.T.);
#539=FACE_OUTER_BOUND('',#749,.T.);
#540=FACE_OUTER_BOUND('',#750,.T.);
#541=FACE_OUTER_BOUND('',#751,.T.);
#542=FACE_OUTER_BOUND('',#752,.T.);
#543=FACE_OUTER_BOUND('',#753,.T.);
#544=FACE_OUTER_BOUND('',#754,.T.);
#545=FACE_OUTER_BOUND('',#755,.T.);
#546=FACE_OUTER_BOUND('',#756,.T.);
#547=FACE_OUTER_BOUND('',#757,.T.);
#548=FACE_OUTER_BOUND('',#758,.T.);
#549=FACE_OUTER_BOUND('',#759,.T.);
#550=FACE_OUTER_BOUND('',#761,.T.);
#551=FACE_OUTER_BOUND('',#762,.T.);
#552=FACE_OUTER_BOUND('',#763,.T.);
#553=FACE_OUTER_BOUND('',#764,.T.);
#554=FACE_OUTER_BOUND('',#765,.T.);
#555=FACE_OUTER_BOUND('',#766,.T.);
#556=FACE_OUTER_BOUND('',#767,.T.);
#557=FACE_OUTER_BOUND('',#768,.T.);
#558=FACE_OUTER_BOUND('',#769,.T.);
#559=FACE_OUTER_BOUND('',#770,.T.);
#560=FACE_OUTER_BOUND('',#771,.T.);
#561=FACE_OUTER_BOUND('',#772,.T.);
#562=FACE_OUTER_BOUND('',#773,.T.);
#563=FACE_OUTER_BOUND('',#774,.T.);
#564=FACE_OUTER_BOUND('',#775,.T.);
#565=FACE_OUTER_BOUND('',#776,.T.);
#566=FACE_OUTER_BOUND('',#777,.T.);
#567=FACE_OUTER_BOUND('',#778,.T.);
#568=FACE_OUTER_BOUND('',#779,.T.);
#569=FACE_OUTER_BOUND('',#780,.T.);
#570=FACE_OUTER_BOUND('',#781,.T.);
#571=FACE_OUTER_BOUND('',#786,.T.);
#572=FACE_OUTER_BOUND('',#787,.T.);
#573=FACE_OUTER_BOUND('',#788,.T.);
#574=FACE_OUTER_BOUND('',#789,.T.);
#575=FACE_OUTER_BOUND('',#799,.T.);
#576=FACE_OUTER_BOUND('',#800,.T.);
#577=FACE_OUTER_BOUND('',#801,.T.);
#578=FACE_OUTER_BOUND('',#802,.T.);
#579=FACE_OUTER_BOUND('',#803,.T.);
#580=FACE_OUTER_BOUND('',#804,.T.);
#581=FACE_OUTER_BOUND('',#805,.T.);
#582=FACE_OUTER_BOUND('',#806,.T.);
#583=FACE_OUTER_BOUND('',#808,.T.);
#584=FACE_OUTER_BOUND('',#809,.T.);
#585=FACE_OUTER_BOUND('',#811,.T.);
#586=FACE_OUTER_BOUND('',#812,.T.);
#587=FACE_OUTER_BOUND('',#814,.T.);
#588=FACE_OUTER_BOUND('',#815,.T.);
#589=FACE_OUTER_BOUND('',#817,.T.);
#590=FACE_OUTER_BOUND('',#818,.T.);
#591=FACE_OUTER_BOUND('',#819,.T.);
#592=FACE_OUTER_BOUND('',#820,.T.);
#593=FACE_OUTER_BOUND('',#821,.T.);
#594=FACE_OUTER_BOUND('',#822,.T.);
#595=FACE_OUTER_BOUND('',#823,.T.);
#596=FACE_OUTER_BOUND('',#824,.T.);
#597=FACE_OUTER_BOUND('',#825,.T.);
#598=FACE_OUTER_BOUND('',#826,.T.);
#599=FACE_OUTER_BOUND('',#827,.T.);
#600=FACE_OUTER_BOUND('',#828,.T.);
#601=FACE_OUTER_BOUND('',#829,.T.);
#602=FACE_OUTER_BOUND('',#830,.T.);
#603=FACE_OUTER_BOUND('',#831,.T.);
#604=EDGE_LOOP('',(#2358,#2359,#2360,#2361));
#605=EDGE_LOOP('',(#2362,#2363,#2364,#2365));
#606=EDGE_LOOP('',(#2366,#2367,#2368,#2369));
#607=EDGE_LOOP('',(#2370,#2371,#2372,#2373));
#608=EDGE_LOOP('',(#2374,#2375,#2376,#2377));
#609=EDGE_LOOP('',(#2378,#2379,#2380,#2381));
#610=EDGE_LOOP('',(#2382,#2383,#2384,#2385));
#611=EDGE_LOOP('',(#2386,#2387,#2388,#2389));
#612=EDGE_LOOP('',(#2390,#2391,#2392,#2393));
#613=EDGE_LOOP('',(#2394,#2395,#2396,#2397));
#614=EDGE_LOOP('',(#2398,#2399,#2400,#2401));
#615=EDGE_LOOP('',(#2402,#2403,#2404,#2405));
#616=EDGE_LOOP('',(#2406,#2407,#2408,#2409));
#617=EDGE_LOOP('',(#2410,#2411,#2412,#2413));
#618=EDGE_LOOP('',(#2414,#2415,#2416,#2417));
#619=EDGE_LOOP('',(#2418,#2419,#2420,#2421));
#620=EDGE_LOOP('',(#2422,#2423,#2424,#2425));
#621=EDGE_LOOP('',(#2426,#2427,#2428,#2429));
#622=EDGE_LOOP('',(#2430,#2431,#2432,#2433));
#623=EDGE_LOOP('',(#2434,#2435,#2436,#2437));
#624=EDGE_LOOP('',(#2438,#2439,#2440,#2441));
#625=EDGE_LOOP('',(#2442,#2443,#2444,#2445));
#626=EDGE_LOOP('',(#2446,#2447,#2448,#2449));
#627=EDGE_LOOP('',(#2450,#2451,#2452,#2453));
#628=EDGE_LOOP('',(#2454,#2455,#2456,#2457));
#629=EDGE_LOOP('',(#2458,#2459,#2460,#2461));
#630=EDGE_LOOP('',(#2462,#2463,#2464,#2465));
#631=EDGE_LOOP('',(#2466,#2467,#2468,#2469));
#632=EDGE_LOOP('',(#2470,#2471,#2472,#2473));
#633=EDGE_LOOP('',(#2474,#2475,#2476,#2477));
#634=EDGE_LOOP('',(#2478,#2479,#2480,#2481));
#635=EDGE_LOOP('',(#2482,#2483,#2484,#2485));
#636=EDGE_LOOP('',(#2486,#2487,#2488,#2489));
#637=EDGE_LOOP('',(#2490,#2491,#2492,#2493,#2494,#2495,#2496,#2497,#2498,
#2499,#2500,#2501,#2502,#2503));
#638=EDGE_LOOP('',(#2504,#2505,#2506,#2507,#2508,#2509,#2510,#2511,#2512,
#2513));
#639=EDGE_LOOP('',(#2514,#2515,#2516,#2517,#2518,#2519,#2520,#2521,#2522));
#640=EDGE_LOOP('',(#2523,#2524,#2525,#2526));
#641=EDGE_LOOP('',(#2527,#2528,#2529,#2530));
#642=EDGE_LOOP('',(#2531,#2532,#2533,#2534));
#643=EDGE_LOOP('',(#2535,#2536,#2537,#2538));
#644=EDGE_LOOP('',(#2539,#2540,#2541,#2542));
#645=EDGE_LOOP('',(#2543,#2544,#2545,#2546));
#646=EDGE_LOOP('',(#2547,#2548,#2549,#2550));
#647=EDGE_LOOP('',(#2551,#2552,#2553,#2554));
#648=EDGE_LOOP('',(#2555,#2556,#2557,#2558));
#649=EDGE_LOOP('',(#2559,#2560,#2561,#2562));
#650=EDGE_LOOP('',(#2563,#2564,#2565,#2566));
#651=EDGE_LOOP('',(#2567,#2568,#2569,#2570));
#652=EDGE_LOOP('',(#2571,#2572,#2573,#2574));
#653=EDGE_LOOP('',(#2575,#2576,#2577,#2578));
#654=EDGE_LOOP('',(#2579,#2580,#2581,#2582));
#655=EDGE_LOOP('',(#2583,#2584,#2585,#2586));
#656=EDGE_LOOP('',(#2587,#2588,#2589,#2590));
#657=EDGE_LOOP('',(#2591,#2592,#2593,#2594));
#658=EDGE_LOOP('',(#2595,#2596,#2597,#2598));
#659=EDGE_LOOP('',(#2599,#2600,#2601,#2602));
#660=EDGE_LOOP('',(#2603,#2604,#2605,#2606));
#661=EDGE_LOOP('',(#2607,#2608,#2609,#2610));
#662=EDGE_LOOP('',(#2611,#2612,#2613,#2614));
#663=EDGE_LOOP('',(#2615,#2616,#2617,#2618));
#664=EDGE_LOOP('',(#2619,#2620,#2621,#2622));
#665=EDGE_LOOP('',(#2623,#2624,#2625,#2626));
#666=EDGE_LOOP('',(#2627,#2628,#2629,#2630));
#667=EDGE_LOOP('',(#2631,#2632,#2633,#2634));
#668=EDGE_LOOP('',(#2635,#2636,#2637,#2638));
#669=EDGE_LOOP('',(#2639,#2640,#2641,#2642));
#670=EDGE_LOOP('',(#2643,#2644,#2645,#2646));
#671=EDGE_LOOP('',(#2647,#2648,#2649,#2650));
#672=EDGE_LOOP('',(#2651,#2652,#2653,#2654));
#673=EDGE_LOOP('',(#2655,#2656,#2657,#2658));
#674=EDGE_LOOP('',(#2659,#2660,#2661,#2662));
#675=EDGE_LOOP('',(#2663,#2664,#2665,#2666));
#676=EDGE_LOOP('',(#2667,#2668,#2669,#2670));
#677=EDGE_LOOP('',(#2671,#2672,#2673,#2674,#2675,#2676,#2677,#2678,#2679,
#2680,#2681,#2682,#2683,#2684,#2685,#2686,#2687,#2688,#2689,#2690,#2691,
#2692,#2693,#2694,#2695,#2696,#2697));
#678=EDGE_LOOP('',(#2698,#2699,#2700,#2701,#2702,#2703,#2704,#2705,#2706,
#2707));
#679=EDGE_LOOP('',(#2708,#2709,#2710,#2711));
#680=EDGE_LOOP('',(#2712,#2713,#2714,#2715));
#681=EDGE_LOOP('',(#2716,#2717,#2718,#2719));
#682=EDGE_LOOP('',(#2720,#2721,#2722,#2723));
#683=EDGE_LOOP('',(#2724,#2725,#2726,#2727));
#684=EDGE_LOOP('',(#2728,#2729,#2730,#2731));
#685=EDGE_LOOP('',(#2732,#2733,#2734,#2735));
#686=EDGE_LOOP('',(#2736,#2737,#2738,#2739));
#687=EDGE_LOOP('',(#2740,#2741,#2742,#2743));
#688=EDGE_LOOP('',(#2744,#2745,#2746,#2747));
#689=EDGE_LOOP('',(#2748,#2749,#2750,#2751));
#690=EDGE_LOOP('',(#2752,#2753,#2754,#2755));
#691=EDGE_LOOP('',(#2756,#2757,#2758,#2759));
#692=EDGE_LOOP('',(#2760,#2761,#2762,#2763,#2764,#2765,#2766,#2767,#2768,
#2769,#2770,#2771,#2772));
#693=EDGE_LOOP('',(#2773,#2774,#2775,#2776));
#694=EDGE_LOOP('',(#2777,#2778,#2779,#2780));
#695=EDGE_LOOP('',(#2781,#2782,#2783,#2784));
#696=EDGE_LOOP('',(#2785,#2786,#2787,#2788));
#697=EDGE_LOOP('',(#2789,#2790,#2791,#2792));
#698=EDGE_LOOP('',(#2793,#2794,#2795,#2796));
#699=EDGE_LOOP('',(#2797,#2798,#2799,#2800));
#700=EDGE_LOOP('',(#2801,#2802,#2803,#2804));
#701=EDGE_LOOP('',(#2805,#2806,#2807,#2808));
#702=EDGE_LOOP('',(#2809,#2810,#2811,#2812));
#703=EDGE_LOOP('',(#2813,#2814,#2815,#2816));
#704=EDGE_LOOP('',(#2817,#2818,#2819,#2820));
#705=EDGE_LOOP('',(#2821,#2822,#2823,#2824));
#706=EDGE_LOOP('',(#2825,#2826,#2827,#2828));
#707=EDGE_LOOP('',(#2829,#2830,#2831,#2832,#2833,#2834,#2835,#2836,#2837));
#708=EDGE_LOOP('',(#2838,#2839,#2840,#2841));
#709=EDGE_LOOP('',(#2842,#2843,#2844,#2845));
#710=EDGE_LOOP('',(#2846,#2847,#2848,#2849));
#711=EDGE_LOOP('',(#2850,#2851,#2852,#2853));
#712=EDGE_LOOP('',(#2854,#2855,#2856,#2857));
#713=EDGE_LOOP('',(#2858,#2859,#2860,#2861));
#714=EDGE_LOOP('',(#2862,#2863,#2864,#2865));
#715=EDGE_LOOP('',(#2866,#2867,#2868,#2869));
#716=EDGE_LOOP('',(#2870,#2871,#2872,#2873));
#717=EDGE_LOOP('',(#2874,#2875,#2876,#2877));
#718=EDGE_LOOP('',(#2878,#2879,#2880,#2881));
#719=EDGE_LOOP('',(#2882,#2883,#2884,#2885));
#720=EDGE_LOOP('',(#2886,#2887,#2888,#2889));
#721=EDGE_LOOP('',(#2890,#2891,#2892,#2893));
#722=EDGE_LOOP('',(#2894,#2895,#2896,#2897));
#723=EDGE_LOOP('',(#2898,#2899,#2900,#2901));
#724=EDGE_LOOP('',(#2902,#2903,#2904,#2905));
#725=EDGE_LOOP('',(#2906,#2907,#2908,#2909));
#726=EDGE_LOOP('',(#2910,#2911,#2912,#2913));
#727=EDGE_LOOP('',(#2914,#2915,#2916,#2917));
#728=EDGE_LOOP('',(#2918,#2919,#2920,#2921));
#729=EDGE_LOOP('',(#2922,#2923,#2924,#2925));
#730=EDGE_LOOP('',(#2926,#2927,#2928,#2929,#2930,#2931,#2932,#2933,#2934,
#2935,#2936,#2937,#2938,#2939));
#731=EDGE_LOOP('',(#2940,#2941,#2942,#2943,#2944,#2945,#2946,#2947));
#732=EDGE_LOOP('',(#2948,#2949,#2950,#2951));
#733=EDGE_LOOP('',(#2952,#2953,#2954,#2955));
#734=EDGE_LOOP('',(#2956,#2957,#2958,#2959));
#735=EDGE_LOOP('',(#2960,#2961,#2962,#2963));
#736=EDGE_LOOP('',(#2964,#2965,#2966,#2967));
#737=EDGE_LOOP('',(#2968,#2969,#2970,#2971));
#738=EDGE_LOOP('',(#2972,#2973,#2974,#2975));
#739=EDGE_LOOP('',(#2976,#2977,#2978,#2979));
#740=EDGE_LOOP('',(#2980,#2981,#2982,#2983));
#741=EDGE_LOOP('',(#2984,#2985,#2986,#2987,#2988,#2989,#2990,#2991,#2992));
#742=EDGE_LOOP('',(#2993,#2994,#2995,#2996));
#743=EDGE_LOOP('',(#2997,#2998,#2999,#3000));
#744=EDGE_LOOP('',(#3001,#3002,#3003,#3004));
#745=EDGE_LOOP('',(#3005,#3006,#3007,#3008));
#746=EDGE_LOOP('',(#3009,#3010,#3011,#3012));
#747=EDGE_LOOP('',(#3013,#3014,#3015,#3016));
#748=EDGE_LOOP('',(#3017,#3018,#3019,#3020));
#749=EDGE_LOOP('',(#3021,#3022,#3023,#3024));
#750=EDGE_LOOP('',(#3025,#3026,#3027,#3028));
#751=EDGE_LOOP('',(#3029,#3030,#3031,#3032));
#752=EDGE_LOOP('',(#3033,#3034,#3035,#3036));
#753=EDGE_LOOP('',(#3037,#3038,#3039,#3040));
#754=EDGE_LOOP('',(#3041,#3042,#3043,#3044));
#755=EDGE_LOOP('',(#3045,#3046,#3047,#3048));
#756=EDGE_LOOP('',(#3049,#3050,#3051,#3052));
#757=EDGE_LOOP('',(#3053,#3054,#3055,#3056));
#758=EDGE_LOOP('',(#3057,#3058,#3059,#3060));
#759=EDGE_LOOP('',(#3061,#3062,#3063,#3064,#3065,#3066,#3067,#3068,#3069));
#760=EDGE_LOOP('',(#3070,#3071,#3072,#3073,#3074,#3075,#3076,#3077));
#761=EDGE_LOOP('',(#3078,#3079,#3080,#3081));
#762=EDGE_LOOP('',(#3082,#3083,#3084,#3085));
#763=EDGE_LOOP('',(#3086,#3087,#3088,#3089));
#764=EDGE_LOOP('',(#3090,#3091,#3092,#3093));
#765=EDGE_LOOP('',(#3094,#3095,#3096,#3097));
#766=EDGE_LOOP('',(#3098,#3099,#3100,#3101));
#767=EDGE_LOOP('',(#3102,#3103,#3104,#3105));
#768=EDGE_LOOP('',(#3106,#3107,#3108,#3109));
#769=EDGE_LOOP('',(#3110,#3111,#3112,#3113));
#770=EDGE_LOOP('',(#3114,#3115,#3116,#3117));
#771=EDGE_LOOP('',(#3118,#3119,#3120,#3121));
#772=EDGE_LOOP('',(#3122,#3123,#3124,#3125));
#773=EDGE_LOOP('',(#3126,#3127,#3128,#3129,#3130,#3131,#3132,#3133,#3134,
#3135,#3136,#3137));
#774=EDGE_LOOP('',(#3138,#3139,#3140,#3141,#3142,#3143,#3144,#3145));
#775=EDGE_LOOP('',(#3146,#3147,#3148,#3149,#3150,#3151,#3152,#3153));
#776=EDGE_LOOP('',(#3154,#3155,#3156,#3157,#3158,#3159,#3160,#3161,#3162,
#3163));
#777=EDGE_LOOP('',(#3164,#3165,#3166,#3167,#3168,#3169,#3170,#3171,#3172,
#3173));
#778=EDGE_LOOP('',(#3174,#3175,#3176,#3177,#3178,#3179,#3180,#3181,#3182));
#779=EDGE_LOOP('',(#3183,#3184,#3185,#3186));
#780=EDGE_LOOP('',(#3187,#3188,#3189,#3190,#3191,#3192,#3193,#3194,#3195,
#3196));
#781=EDGE_LOOP('',(#3197,#3198,#3199,#3200,#3201,#3202,#3203,#3204,#3205,
#3206,#3207,#3208,#3209,#3210,#3211,#3212));
#782=EDGE_LOOP('',(#3213));
#783=EDGE_LOOP('',(#3214));
#784=EDGE_LOOP('',(#3215));
#785=EDGE_LOOP('',(#3216));
#786=EDGE_LOOP('',(#3217,#3218,#3219,#3220));
#787=EDGE_LOOP('',(#3221,#3222,#3223,#3224));
#788=EDGE_LOOP('',(#3225,#3226,#3227,#3228));
#789=EDGE_LOOP('',(#3229,#3230,#3231,#3232));
#790=EDGE_LOOP('',(#3233,#3234,#3235,#3236,#3237,#3238,#3239,#3240,#3241,
#3242,#3243,#3244));
#791=EDGE_LOOP('',(#3245,#3246,#3247,#3248,#3249,#3250,#3251,#3252,#3253));
#792=EDGE_LOOP('',(#3254,#3255,#3256,#3257,#3258,#3259,#3260,#3261,#3262));
#793=EDGE_LOOP('',(#3263,#3264,#3265,#3266,#3267,#3268,#3269,#3270,#3271,
#3272,#3273,#3274,#3275,#3276));
#794=EDGE_LOOP('',(#3277,#3278,#3279,#3280,#3281,#3282,#3283,#3284,#3285));
#795=EDGE_LOOP('',(#3286,#3287,#3288,#3289));
#796=EDGE_LOOP('',(#3290,#3291,#3292,#3293,#3294,#3295,#3296,#3297,#3298,
#3299,#3300,#3301,#3302));
#797=EDGE_LOOP('',(#3303,#3304,#3305,#3306,#3307,#3308,#3309,#3310,#3311,
#3312,#3313,#3314,#3315,#3316,#3317,#3318,#3319,#3320,#3321,#3322,#3323,
#3324,#3325,#3326,#3327,#3328,#3329));
#798=EDGE_LOOP('',(#3330,#3331,#3332,#3333,#3334,#3335,#3336,#3337,#3338,
#3339,#3340,#3341,#3342,#3343));
#799=EDGE_LOOP('',(#3344,#3345,#3346,#3347));
#800=EDGE_LOOP('',(#3348,#3349,#3350,#3351));
#801=EDGE_LOOP('',(#3352,#3353,#3354,#3355));
#802=EDGE_LOOP('',(#3356,#3357,#3358,#3359));
#803=EDGE_LOOP('',(#3360,#3361,#3362,#3363));
#804=EDGE_LOOP('',(#3364,#3365,#3366,#3367));
#805=EDGE_LOOP('',(#3368,#3369,#3370,#3371));
#806=EDGE_LOOP('',(#3372));
#807=EDGE_LOOP('',(#3373));
#808=EDGE_LOOP('',(#3374,#3375,#3376,#3377));
#809=EDGE_LOOP('',(#3378));
#810=EDGE_LOOP('',(#3379));
#811=EDGE_LOOP('',(#3380,#3381,#3382,#3383));
#812=EDGE_LOOP('',(#3384));
#813=EDGE_LOOP('',(#3385));
#814=EDGE_LOOP('',(#3386,#3387,#3388,#3389));
#815=EDGE_LOOP('',(#3390));
#816=EDGE_LOOP('',(#3391));
#817=EDGE_LOOP('',(#3392,#3393,#3394,#3395));
#818=EDGE_LOOP('',(#3396));
#819=EDGE_LOOP('',(#3397,#3398,#3399,#3400));
#820=EDGE_LOOP('',(#3401));
#821=EDGE_LOOP('',(#3402,#3403,#3404,#3405));
#822=EDGE_LOOP('',(#3406));
#823=EDGE_LOOP('',(#3407,#3408,#3409,#3410));
#824=EDGE_LOOP('',(#3411));
#825=EDGE_LOOP('',(#3412,#3413,#3414,#3415));
#826=EDGE_LOOP('',(#3416,#3417,#3418,#3419));
#827=EDGE_LOOP('',(#3420,#3421,#3422,#3423));
#828=EDGE_LOOP('',(#3424,#3425,#3426,#3427));
#829=EDGE_LOOP('',(#3428,#3429,#3430,#3431,#3432,#3433,#3434,#3435,#3436,
#3437));
#830=EDGE_LOOP('',(#3438,#3439,#3440,#3441));
#831=EDGE_LOOP('',(#3442,#3443,#3444,#3445,#3446,#3447,#3448,#3449));
#832=LINE('',#4465,#1140);
#833=LINE('',#4467,#1141);
#834=LINE('',#4469,#1142);
#835=LINE('',#4470,#1143);
#836=LINE('',#4488,#1144);
#837=LINE('',#4511,#1145);
#838=LINE('',#4534,#1146);
#839=LINE('',#4557,#1147);
#840=LINE('',#4580,#1148);
#841=LINE('',#4603,#1149);
#842=LINE('',#4611,#1150);
#843=LINE('',#4613,#1151);
#844=LINE('',#4614,#1152);
#845=LINE('',#4616,#1153);
#846=LINE('',#4617,#1154);
#847=LINE('',#4621,#1155);
#848=LINE('',#4623,#1156);
#849=LINE('',#4625,#1157);
#850=LINE('',#4626,#1158);
#851=LINE('',#4644,#1159);
#852=LINE('',#4667,#1160);
#853=LINE('',#4690,#1161);
#854=LINE('',#4713,#1162);
#855=LINE('',#4736,#1163);
#856=LINE('',#4759,#1164);
#857=LINE('',#4782,#1165);
#858=LINE('',#4790,#1166);
#859=LINE('',#4792,#1167);
#860=LINE('',#4793,#1168);
#861=LINE('',#4795,#1169);
#862=LINE('',#4796,#1170);
#863=LINE('',#4815,#1171);
#864=LINE('',#4822,#1172);
#865=LINE('',#4840,#1173);
#866=LINE('',#4863,#1174);
#867=LINE('',#4886,#1175);
#868=LINE('',#4909,#1176);
#869=LINE('',#4932,#1177);
#870=LINE('',#4955,#1178);
#871=LINE('',#4978,#1179);
#872=LINE('',#5001,#1180);
#873=LINE('',#5024,#1181);
#874=LINE('',#5047,#1182);
#875=LINE('',#5055,#1183);
#876=LINE('',#5057,#1184);
#877=LINE('',#5058,#1185);
#878=LINE('',#5061,#1186);
#879=LINE('',#5063,#1187);
#880=LINE('',#5064,#1188);
#881=LINE('',#5066,#1189);
#882=LINE('',#5067,#1190);
#883=LINE('',#5087,#1191);
#884=LINE('',#5094,#1192);
#885=LINE('',#5112,#1193);
#886=LINE('',#5135,#1194);
#887=LINE('',#5158,#1195);
#888=LINE('',#5181,#1196);
#889=LINE('',#5204,#1197);
#890=LINE('',#5227,#1198);
#891=LINE('',#5250,#1199);
#892=LINE('',#5273,#1200);
#893=LINE('',#5280,#1201);
#894=LINE('',#5281,#1202);
#895=LINE('',#5285,#1203);
#896=LINE('',#5287,#1204);
#897=LINE('',#5289,#1205);
#898=LINE('',#5290,#1206);
#899=LINE('',#5308,#1207);
#900=LINE('',#5331,#1208);
#901=LINE('',#5339,#1209);
#902=LINE('',#5341,#1210);
#903=LINE('',#5342,#1211);
#904=LINE('',#5360,#1212);
#905=LINE('',#5383,#1213);
#906=LINE('',#5406,#1214);
#907=LINE('',#5429,#1215);
#908=LINE('',#5452,#1216);
#909=LINE('',#5475,#1217);
#910=LINE('',#5498,#1218);
#911=LINE('',#5506,#1219);
#912=LINE('',#5508,#1220);
#913=LINE('',#5509,#1221);
#914=LINE('',#5527,#1222);
#915=LINE('',#5550,#1223);
#916=LINE('',#5573,#1224);
#917=LINE('',#5596,#1225);
#918=LINE('',#5619,#1226);
#919=LINE('',#5642,#1227);
#920=LINE('',#5665,#1228);
#921=LINE('',#5688,#1229);
#922=LINE('',#5711,#1230);
#923=LINE('',#5734,#1231);
#924=LINE('',#5757,#1232);
#925=LINE('',#5780,#1233);
#926=LINE('',#5803,#1234);
#927=LINE('',#5826,#1235);
#928=LINE('',#5856,#1236);
#929=LINE('',#5858,#1237);
#930=LINE('',#5860,#1238);
#931=LINE('',#5861,#1239);
#932=LINE('',#5879,#1240);
#933=LINE('',#5902,#1241);
#934=LINE('',#5925,#1242);
#935=LINE('',#5948,#1243);
#936=LINE('',#5956,#1244);
#937=LINE('',#5958,#1245);
#938=LINE('',#5959,#1246);
#939=LINE('',#5977,#1247);
#940=LINE('',#6000,#1248);
#941=LINE('',#6023,#1249);
#942=LINE('',#6031,#1250);
#943=LINE('',#6033,#1251);
#944=LINE('',#6034,#1252);
#945=LINE('',#6037,#1253);
#946=LINE('',#6039,#1254);
#947=LINE('',#6040,#1255);
#948=LINE('',#6043,#1256);
#949=LINE('',#6045,#1257);
#950=LINE('',#6046,#1258);
#951=LINE('',#6048,#1259);
#952=LINE('',#6049,#1260);
#953=LINE('',#6054,#1261);
#954=LINE('',#6056,#1262);
#955=LINE('',#6058,#1263);
#956=LINE('',#6059,#1264);
#957=LINE('',#6062,#1265);
#958=LINE('',#6064,#1266);
#959=LINE('',#6065,#1267);
#960=LINE('',#6068,#1268);
#961=LINE('',#6070,#1269);
#962=LINE('',#6071,#1270);
#963=LINE('',#6073,#1271);
#964=LINE('',#6074,#1272);
#965=LINE('',#6079,#1273);
#966=LINE('',#6081,#1274);
#967=LINE('',#6083,#1275);
#968=LINE('',#6084,#1276);
#969=LINE('',#6087,#1277);
#970=LINE('',#6089,#1278);
#971=LINE('',#6090,#1279);
#972=LINE('',#6093,#1280);
#973=LINE('',#6095,#1281);
#974=LINE('',#6096,#1282);
#975=LINE('',#6114,#1283);
#976=LINE('',#6137,#1284);
#977=LINE('',#6145,#1285);
#978=LINE('',#6147,#1286);
#979=LINE('',#6148,#1287);
#980=LINE('',#6151,#1288);
#981=LINE('',#6153,#1289);
#982=LINE('',#6154,#1290);
#983=LINE('',#6157,#1291);
#984=LINE('',#6159,#1292);
#985=LINE('',#6160,#1293);
#986=LINE('',#6162,#1294);
#987=LINE('',#6163,#1295);
#988=LINE('',#6183,#1296);
#989=LINE('',#6190,#1297);
#990=LINE('',#6208,#1298);
#991=LINE('',#6231,#1299);
#992=LINE('',#6254,#1300);
#993=LINE('',#6277,#1301);
#994=LINE('',#6300,#1302);
#995=LINE('',#6323,#1303);
#996=LINE('',#6352,#1304);
#997=LINE('',#6354,#1305);
#998=LINE('',#6356,#1306);
#999=LINE('',#6357,#1307);
#1000=LINE('',#6360,#1308);
#1001=LINE('',#6362,#1309);
#1002=LINE('',#6363,#1310);
#1003=LINE('',#6366,#1311);
#1004=LINE('',#6368,#1312);
#1005=LINE('',#6369,#1313);
#1006=LINE('',#6387,#1314);
#1007=LINE('',#6410,#1315);
#1008=LINE('',#6433,#1316);
#1009=LINE('',#6456,#1317);
#1010=LINE('',#6479,#1318);
#1011=LINE('',#6502,#1319);
#1012=LINE('',#6525,#1320);
#1013=LINE('',#6548,#1321);
#1014=LINE('',#6571,#1322);
#1015=LINE('',#6579,#1323);
#1016=LINE('',#6581,#1324);
#1017=LINE('',#6582,#1325);
#1018=LINE('',#6584,#1326);
#1019=LINE('',#6585,#1327);
#1020=LINE('',#6590,#1328);
#1021=LINE('',#6592,#1329);
#1022=LINE('',#6594,#1330);
#1023=LINE('',#6595,#1331);
#1024=LINE('',#6613,#1332);
#1025=LINE('',#6636,#1333);
#1026=LINE('',#6644,#1334);
#1027=LINE('',#6646,#1335);
#1028=LINE('',#6647,#1336);
#1029=LINE('',#6665,#1337);
#1030=LINE('',#6688,#1338);
#1031=LINE('',#6696,#1339);
#1032=LINE('',#6698,#1340);
#1033=LINE('',#6699,#1341);
#1034=LINE('',#6702,#1342);
#1035=LINE('',#6704,#1343);
#1036=LINE('',#6705,#1344);
#1037=LINE('',#6707,#1345);
#1038=LINE('',#6708,#1346);
#1039=LINE('',#6728,#1347);
#1040=LINE('',#6735,#1348);
#1041=LINE('',#6753,#1349);
#1042=LINE('',#6776,#1350);
#1043=LINE('',#6799,#1351);
#1044=LINE('',#6822,#1352);
#1045=LINE('',#6845,#1353);
#1046=LINE('',#6868,#1354);
#1047=LINE('',#6912,#1355);
#1048=LINE('',#6919,#1356);
#1049=LINE('',#6937,#1357);
#1050=LINE('',#6960,#1358);
#1051=LINE('',#6983,#1359);
#1052=LINE('',#7006,#1360);
#1053=LINE('',#7029,#1361);
#1054=LINE('',#7052,#1362);
#1055=LINE('',#7075,#1363);
#1056=LINE('',#7105,#1364);
#1057=LINE('',#7107,#1365);
#1058=LINE('',#7109,#1366);
#1059=LINE('',#7110,#1367);
#1060=LINE('',#7113,#1368);
#1061=LINE('',#7115,#1369);
#1062=LINE('',#7116,#1370);
#1063=LINE('',#7119,#1371);
#1064=LINE('',#7121,#1372);
#1065=LINE('',#7122,#1373);
#1066=LINE('',#7125,#1374);
#1067=LINE('',#7127,#1375);
#1068=LINE('',#7128,#1376);
#1069=LINE('',#7131,#1377);
#1070=LINE('',#7133,#1378);
#1071=LINE('',#7134,#1379);
#1072=LINE('',#7137,#1380);
#1073=LINE('',#7139,#1381);
#1074=LINE('',#7140,#1382);
#1075=LINE('',#7143,#1383);
#1076=LINE('',#7145,#1384);
#1077=LINE('',#7146,#1385);
#1078=LINE('',#7149,#1386);
#1079=LINE('',#7151,#1387);
#1080=LINE('',#7152,#1388);
#1081=LINE('',#7170,#1389);
#1082=LINE('',#7178,#1390);
#1083=LINE('',#7180,#1391);
#1084=LINE('',#7181,#1392);
#1085=LINE('',#7184,#1393);
#1086=LINE('',#7186,#1394);
#1087=LINE('',#7187,#1395);
#1088=LINE('',#7189,#1396);
#1089=LINE('',#7190,#1397);
#1090=LINE('',#7202,#1398);
#1091=LINE('',#7205,#1399);
#1092=LINE('',#7208,#1400);
#1093=LINE('',#7210,#1401);
#1094=LINE('',#7214,#1402);
#1095=LINE('',#7218,#1403);
#1096=LINE('',#7220,#1404);
#1097=LINE('',#7222,#1405);
#1098=LINE('',#7223,#1406);
#1099=LINE('',#7226,#1407);
#1100=LINE('',#7230,#1408);
#1101=LINE('',#7234,#1409);
#1102=LINE('',#7237,#1410);
#1103=LINE('',#7239,#1411);
#1104=LINE('',#7241,#1412);
#1105=LINE('',#7243,#1413);
#1106=LINE('',#7245,#1414);
#1107=LINE('',#7247,#1415);
#1108=LINE('',#7248,#1416);
#1109=LINE('',#7259,#1417);
#1110=LINE('',#7263,#1418);
#1111=LINE('',#7264,#1419);
#1112=LINE('',#7269,#1420);
#1113=LINE('',#7270,#1421);
#1114=LINE('',#7273,#1422);
#1115=LINE('',#7274,#1423);
#1116=LINE('',#7279,#1424);
#1117=LINE('',#7280,#1425);
#1118=LINE('',#7283,#1426);
#1119=LINE('',#7284,#1427);
#1120=LINE('',#7287,#1428);
#1121=LINE('',#7291,#1429);
#1122=LINE('',#7292,#1430);
#1123=LINE('',#7297,#1431);
#1124=LINE('',#7304,#1432);
#1125=LINE('',#7311,#1433);
#1126=LINE('',#7318,#1434);
#1127=LINE('',#7325,#1435);
#1128=LINE('',#7330,#1436);
#1129=LINE('',#7335,#1437);
#1130=LINE('',#7340,#1438);
#1131=LINE('',#7344,#1439);
#1132=LINE('',#7347,#1440);
#1133=LINE('',#7349,#1441);
#1134=LINE('',#7350,#1442);
#1135=LINE('',#7353,#1443);
#1136=LINE('',#7354,#1444);
#1137=LINE('',#7357,#1445);
#1138=LINE('',#7358,#1446);
#1139=LINE('',#7360,#1447);
#1140=VECTOR('',#3894,10.);
#1141=VECTOR('',#3895,10.);
#1142=VECTOR('',#3896,10.);
#1143=VECTOR('',#3897,10.);
#1144=VECTOR('',#3898,10.);
#1145=VECTOR('',#3899,10.);
#1146=VECTOR('',#3900,10.);
#1147=VECTOR('',#3901,10.);
#1148=VECTOR('',#3902,10.);
#1149=VECTOR('',#3903,10.);
#1150=VECTOR('',#3906,10.);
#1151=VECTOR('',#3907,10.);
#1152=VECTOR('',#3908,10.);
#1153=VECTOR('',#3911,10.);
#1154=VECTOR('',#3912,10.);
#1155=VECTOR('',#3915,10.);
#1156=VECTOR('',#3916,10.);
#1157=VECTOR('',#3917,10.);
#1158=VECTOR('',#3918,10.);
#1159=VECTOR('',#3919,10.);
#1160=VECTOR('',#3920,10.);
#1161=VECTOR('',#3921,10.);
#1162=VECTOR('',#3922,10.);
#1163=VECTOR('',#3923,10.);
#1164=VECTOR('',#3924,10.);
#1165=VECTOR('',#3925,10.);
#1166=VECTOR('',#3928,10.);
#1167=VECTOR('',#3929,10.);
#1168=VECTOR('',#3930,10.);
#1169=VECTOR('',#3933,10.);
#1170=VECTOR('',#3934,10.);
#1171=VECTOR('',#3935,10.);
#1172=VECTOR('',#3936,10.);
#1173=VECTOR('',#3937,10.);
#1174=VECTOR('',#3938,10.);
#1175=VECTOR('',#3939,10.);
#1176=VECTOR('',#3940,10.);
#1177=VECTOR('',#3941,10.);
#1178=VECTOR('',#3942,10.);
#1179=VECTOR('',#3943,10.);
#1180=VECTOR('',#3944,10.);
#1181=VECTOR('',#3945,10.);
#1182=VECTOR('',#3946,10.);
#1183=VECTOR('',#3949,10.);
#1184=VECTOR('',#3950,10.);
#1185=VECTOR('',#3951,10.);
#1186=VECTOR('',#3954,10.);
#1187=VECTOR('',#3955,10.);
#1188=VECTOR('',#3956,10.);
#1189=VECTOR('',#3959,10.);
#1190=VECTOR('',#3960,10.);
#1191=VECTOR('',#3963,10.);
#1192=VECTOR('',#3964,10.);
#1193=VECTOR('',#3965,10.);
#1194=VECTOR('',#3966,10.);
#1195=VECTOR('',#3967,10.);
#1196=VECTOR('',#3968,10.);
#1197=VECTOR('',#3969,10.);
#1198=VECTOR('',#3970,10.);
#1199=VECTOR('',#3971,10.);
#1200=VECTOR('',#3972,10.);
#1201=VECTOR('',#3975,10.);
#1202=VECTOR('',#3976,10.);
#1203=VECTOR('',#3979,10.);
#1204=VECTOR('',#3980,10.);
#1205=VECTOR('',#3981,10.);
#1206=VECTOR('',#3982,10.);
#1207=VECTOR('',#3983,10.);
#1208=VECTOR('',#3984,10.);
#1209=VECTOR('',#3987,10.);
#1210=VECTOR('',#3988,10.);
#1211=VECTOR('',#3989,10.);
#1212=VECTOR('',#3990,10.);
#1213=VECTOR('',#3991,10.);
#1214=VECTOR('',#3992,10.);
#1215=VECTOR('',#3993,10.);
#1216=VECTOR('',#3994,10.);
#1217=VECTOR('',#3995,10.);
#1218=VECTOR('',#3996,10.);
#1219=VECTOR('',#3999,10.);
#1220=VECTOR('',#4000,10.);
#1221=VECTOR('',#4001,10.);
#1222=VECTOR('',#4002,10.);
#1223=VECTOR('',#4003,10.);
#1224=VECTOR('',#4004,10.);
#1225=VECTOR('',#4005,10.);
#1226=VECTOR('',#4006,10.);
#1227=VECTOR('',#4007,10.);
#1228=VECTOR('',#4008,10.);
#1229=VECTOR('',#4009,10.);
#1230=VECTOR('',#4010,10.);
#1231=VECTOR('',#4011,10.);
#1232=VECTOR('',#4012,10.);
#1233=VECTOR('',#4013,10.);
#1234=VECTOR('',#4014,10.);
#1235=VECTOR('',#4015,10.);
#1236=VECTOR('',#4020,10.);
#1237=VECTOR('',#4021,10.);
#1238=VECTOR('',#4022,10.);
#1239=VECTOR('',#4023,10.);
#1240=VECTOR('',#4024,10.);
#1241=VECTOR('',#4025,10.);
#1242=VECTOR('',#4026,10.);
#1243=VECTOR('',#4027,10.);
#1244=VECTOR('',#4030,10.);
#1245=VECTOR('',#4031,10.);
#1246=VECTOR('',#4032,10.);
#1247=VECTOR('',#4033,10.);
#1248=VECTOR('',#4034,10.);
#1249=VECTOR('',#4035,10.);
#1250=VECTOR('',#4038,10.);
#1251=VECTOR('',#4039,10.);
#1252=VECTOR('',#4040,10.);
#1253=VECTOR('',#4043,10.);
#1254=VECTOR('',#4044,10.);
#1255=VECTOR('',#4045,10.);
#1256=VECTOR('',#4048,10.);
#1257=VECTOR('',#4049,10.);
#1258=VECTOR('',#4050,10.);
#1259=VECTOR('',#4053,10.);
#1260=VECTOR('',#4054,10.);
#1261=VECTOR('',#4059,10.);
#1262=VECTOR('',#4060,10.);
#1263=VECTOR('',#4061,10.);
#1264=VECTOR('',#4062,10.);
#1265=VECTOR('',#4065,10.);
#1266=VECTOR('',#4066,10.);
#1267=VECTOR('',#4067,10.);
#1268=VECTOR('',#4070,10.);
#1269=VECTOR('',#4071,10.);
#1270=VECTOR('',#4072,10.);
#1271=VECTOR('',#4075,10.);
#1272=VECTOR('',#4076,10.);
#1273=VECTOR('',#4081,10.);
#1274=VECTOR('',#4082,10.);
#1275=VECTOR('',#4083,10.);
#1276=VECTOR('',#4084,10.);
#1277=VECTOR('',#4087,10.);
#1278=VECTOR('',#4088,10.);
#1279=VECTOR('',#4089,10.);
#1280=VECTOR('',#4092,10.);
#1281=VECTOR('',#4093,10.);
#1282=VECTOR('',#4094,10.);
#1283=VECTOR('',#4095,10.);
#1284=VECTOR('',#4096,10.);
#1285=VECTOR('',#4099,10.);
#1286=VECTOR('',#4100,10.);
#1287=VECTOR('',#4101,10.);
#1288=VECTOR('',#4104,10.);
#1289=VECTOR('',#4105,10.);
#1290=VECTOR('',#4106,10.);
#1291=VECTOR('',#4109,10.);
#1292=VECTOR('',#4110,10.);
#1293=VECTOR('',#4111,10.);
#1294=VECTOR('',#4114,10.);
#1295=VECTOR('',#4115,10.);
#1296=VECTOR('',#4118,10.);
#1297=VECTOR('',#4119,10.);
#1298=VECTOR('',#4120,10.);
#1299=VECTOR('',#4121,10.);
#1300=VECTOR('',#4122,10.);
#1301=VECTOR('',#4123,10.);
#1302=VECTOR('',#4124,10.);
#1303=VECTOR('',#4125,10.);
#1304=VECTOR('',#4128,10.);
#1305=VECTOR('',#4129,10.);
#1306=VECTOR('',#4130,10.);
#1307=VECTOR('',#4131,10.);
#1308=VECTOR('',#4134,10.);
#1309=VECTOR('',#4135,10.);
#1310=VECTOR('',#4136,10.);
#1311=VECTOR('',#4139,10.);
#1312=VECTOR('',#4140,10.);
#1313=VECTOR('',#4141,10.);
#1314=VECTOR('',#4142,10.);
#1315=VECTOR('',#4143,10.);
#1316=VECTOR('',#4144,10.);
#1317=VECTOR('',#4145,10.);
#1318=VECTOR('',#4146,10.);
#1319=VECTOR('',#4147,10.);
#1320=VECTOR('',#4148,10.);
#1321=VECTOR('',#4149,10.);
#1322=VECTOR('',#4150,10.);
#1323=VECTOR('',#4153,10.);
#1324=VECTOR('',#4154,10.);
#1325=VECTOR('',#4155,10.);
#1326=VECTOR('',#4158,10.);
#1327=VECTOR('',#4159,10.);
#1328=VECTOR('',#4164,10.);
#1329=VECTOR('',#4165,10.);
#1330=VECTOR('',#4166,10.);
#1331=VECTOR('',#4167,10.);
#1332=VECTOR('',#4168,10.);
#1333=VECTOR('',#4169,10.);
#1334=VECTOR('',#4172,10.);
#1335=VECTOR('',#4173,10.);
#1336=VECTOR('',#4174,10.);
#1337=VECTOR('',#4175,10.);
#1338=VECTOR('',#4176,10.);
#1339=VECTOR('',#4179,10.);
#1340=VECTOR('',#4180,10.);
#1341=VECTOR('',#4181,10.);
#1342=VECTOR('',#4184,10.);
#1343=VECTOR('',#4185,10.);
#1344=VECTOR('',#4186,10.);
#1345=VECTOR('',#4189,10.);
#1346=VECTOR('',#4190,10.);
#1347=VECTOR('',#4193,10.);
#1348=VECTOR('',#4194,10.);
#1349=VECTOR('',#4195,10.);
#1350=VECTOR('',#4196,10.);
#1351=VECTOR('',#4197,10.);
#1352=VECTOR('',#4198,10.);
#1353=VECTOR('',#4199,10.);
#1354=VECTOR('',#4200,10.);
#1355=VECTOR('',#4201,10.);
#1356=VECTOR('',#4202,10.);
#1357=VECTOR('',#4203,10.);
#1358=VECTOR('',#4204,10.);
#1359=VECTOR('',#4205,10.);
#1360=VECTOR('',#4206,10.);
#1361=VECTOR('',#4207,10.);
#1362=VECTOR('',#4208,10.);
#1363=VECTOR('',#4209,10.);
#1364=VECTOR('',#4214,10.);
#1365=VECTOR('',#4215,10.);
#1366=VECTOR('',#4216,10.);
#1367=VECTOR('',#4217,10.);
#1368=VECTOR('',#4220,10.);
#1369=VECTOR('',#4221,10.);
#1370=VECTOR('',#4222,10.);
#1371=VECTOR('',#4225,10.);
#1372=VECTOR('',#4226,10.);
#1373=VECTOR('',#4227,10.);
#1374=VECTOR('',#4230,10.);
#1375=VECTOR('',#4231,10.);
#1376=VECTOR('',#4232,10.);
#1377=VECTOR('',#4235,10.);
#1378=VECTOR('',#4236,10.);
#1379=VECTOR('',#4237,10.);
#1380=VECTOR('',#4240,10.);
#1381=VECTOR('',#4241,10.);
#1382=VECTOR('',#4242,10.);
#1383=VECTOR('',#4245,10.);
#1384=VECTOR('',#4246,10.);
#1385=VECTOR('',#4247,10.);
#1386=VECTOR('',#4250,10.);
#1387=VECTOR('',#4251,10.);
#1388=VECTOR('',#4252,10.);
#1389=VECTOR('',#4253,10.);
#1390=VECTOR('',#4256,10.);
#1391=VECTOR('',#4257,10.);
#1392=VECTOR('',#4258,10.);
#1393=VECTOR('',#4261,10.);
#1394=VECTOR('',#4262,10.);
#1395=VECTOR('',#4263,10.);
#1396=VECTOR('',#4266,10.);
#1397=VECTOR('',#4267,10.);
#1398=VECTOR('',#4284,10.);
#1399=VECTOR('',#4287,10.);
#1400=VECTOR('',#4290,10.);
#1401=VECTOR('',#4291,10.);
#1402=VECTOR('',#4294,10.);
#1403=VECTOR('',#4297,10.);
#1404=VECTOR('',#4298,10.);
#1405=VECTOR('',#4299,10.);
#1406=VECTOR('',#4300,10.);
#1407=VECTOR('',#4303,10.);
#1408=VECTOR('',#4306,10.);
#1409=VECTOR('',#4309,10.);
#1410=VECTOR('',#4312,10.);
#1411=VECTOR('',#4313,10.);
#1412=VECTOR('',#4314,10.);
#1413=VECTOR('',#4315,10.);
#1414=VECTOR('',#4316,10.);
#1415=VECTOR('',#4317,10.);
#1416=VECTOR('',#4318,10.);
#1417=VECTOR('',#4329,10.);
#1418=VECTOR('',#4334,10.);
#1419=VECTOR('',#4335,10.);
#1420=VECTOR('',#4340,10.);
#1421=VECTOR('',#4341,10.);
#1422=VECTOR('',#4344,10.);
#1423=VECTOR('',#4345,10.);
#1424=VECTOR('',#4352,10.);
#1425=VECTOR('',#4353,10.);
#1426=VECTOR('',#4356,10.);
#1427=VECTOR('',#4357,10.);
#1428=VECTOR('',#4360,10.);
#1429=VECTOR('',#4365,10.);
#1430=VECTOR('',#4366,10.);
#1431=VECTOR('',#4373,2.25);
#1432=VECTOR('',#4382,2.25000000000001);
#1433=VECTOR('',#4391,2.25000000000001);
#1434=VECTOR('',#4400,2.25);
#1435=VECTOR('',#4409,1.50000002235174);
#1436=VECTOR('',#4416,1.50000002235174);
#1437=VECTOR('',#4423,1.50000002235174);
#1438=VECTOR('',#4430,1.49999963119631);
#1439=VECTOR('',#4437,10.);
#1440=VECTOR('',#4440,10.);
#1441=VECTOR('',#4441,10.);
#1442=VECTOR('',#4442,10.);
#1443=VECTOR('',#4445,10.);
#1444=VECTOR('',#4446,10.);
#1445=VECTOR('',#4449,10.);
#1446=VECTOR('',#4450,10.);
#1447=VECTOR('',#4453,10.);
#1448=VERTEX_POINT('',#4463);
#1449=VERTEX_POINT('',#4464);
#1450=VERTEX_POINT('',#4466);
#1451=VERTEX_POINT('',#4468);
#1452=VERTEX_POINT('',#4481);
#1453=VERTEX_POINT('',#4487);
#1454=VERTEX_POINT('',#4504);
#1455=VERTEX_POINT('',#4510);
#1456=VERTEX_POINT('',#4527);
#1457=VERTEX_POINT('',#4533);
#1458=VERTEX_POINT('',#4550);
#1459=VERTEX_POINT('',#4556);
#1460=VERTEX_POINT('',#4573);
#1461=VERTEX_POINT('',#4579);
#1462=VERTEX_POINT('',#4596);
#1463=VERTEX_POINT('',#4602);
#1464=VERTEX_POINT('',#4610);
#1465=VERTEX_POINT('',#4612);
#1466=VERTEX_POINT('',#4619);
#1467=VERTEX_POINT('',#4620);
#1468=VERTEX_POINT('',#4622);
#1469=VERTEX_POINT('',#4624);
#1470=VERTEX_POINT('',#4637);
#1471=VERTEX_POINT('',#4643);
#1472=VERTEX_POINT('',#4660);
#1473=VERTEX_POINT('',#4666);
#1474=VERTEX_POINT('',#4683);
#1475=VERTEX_POINT('',#4689);
#1476=VERTEX_POINT('',#4706);
#1477=VERTEX_POINT('',#4712);
#1478=VERTEX_POINT('',#4729);
#1479=VERTEX_POINT('',#4735);
#1480=VERTEX_POINT('',#4752);
#1481=VERTEX_POINT('',#4758);
#1482=VERTEX_POINT('',#4775);
#1483=VERTEX_POINT('',#4781);
#1484=VERTEX_POINT('',#4789);
#1485=VERTEX_POINT('',#4791);
#1486=VERTEX_POINT('',#4807);
#1487=VERTEX_POINT('',#4808);
#1488=VERTEX_POINT('',#4814);
#1489=VERTEX_POINT('',#4816);
#1490=VERTEX_POINT('',#4833);
#1491=VERTEX_POINT('',#4839);
#1492=VERTEX_POINT('',#4856);
#1493=VERTEX_POINT('',#4862);
#1494=VERTEX_POINT('',#4879);
#1495=VERTEX_POINT('',#4885);
#1496=VERTEX_POINT('',#4902);
#1497=VERTEX_POINT('',#4908);
#1498=VERTEX_POINT('',#4925);
#1499=VERTEX_POINT('',#4931);
#1500=VERTEX_POINT('',#4948);
#1501=VERTEX_POINT('',#4954);
#1502=VERTEX_POINT('',#4971);
#1503=VERTEX_POINT('',#4977);
#1504=VERTEX_POINT('',#4994);
#1505=VERTEX_POINT('',#5000);
#1506=VERTEX_POINT('',#5017);
#1507=VERTEX_POINT('',#5023);
#1508=VERTEX_POINT('',#5040);
#1509=VERTEX_POINT('',#5046);
#1510=VERTEX_POINT('',#5054);
#1511=VERTEX_POINT('',#5056);
#1512=VERTEX_POINT('',#5060);
#1513=VERTEX_POINT('',#5062);
#1514=VERTEX_POINT('',#5079);
#1515=VERTEX_POINT('',#5080);
#1516=VERTEX_POINT('',#5086);
#1517=VERTEX_POINT('',#5088);
#1518=VERTEX_POINT('',#5105);
#1519=VERTEX_POINT('',#5111);
#1520=VERTEX_POINT('',#5128);
#1521=VERTEX_POINT('',#5134);
#1522=VERTEX_POINT('',#5151);
#1523=VERTEX_POINT('',#5157);
#1524=VERTEX_POINT('',#5174);
#1525=VERTEX_POINT('',#5180);
#1526=VERTEX_POINT('',#5197);
#1527=VERTEX_POINT('',#5203);
#1528=VERTEX_POINT('',#5220);
#1529=VERTEX_POINT('',#5226);
#1530=VERTEX_POINT('',#5243);
#1531=VERTEX_POINT('',#5249);
#1532=VERTEX_POINT('',#5266);
#1533=VERTEX_POINT('',#5272);
#1534=VERTEX_POINT('',#5283);
#1535=VERTEX_POINT('',#5284);
#1536=VERTEX_POINT('',#5286);
#1537=VERTEX_POINT('',#5288);
#1538=VERTEX_POINT('',#5301);
#1539=VERTEX_POINT('',#5307);
#1540=VERTEX_POINT('',#5324);
#1541=VERTEX_POINT('',#5330);
#1542=VERTEX_POINT('',#5338);
#1543=VERTEX_POINT('',#5340);
#1544=VERTEX_POINT('',#5353);
#1545=VERTEX_POINT('',#5359);
#1546=VERTEX_POINT('',#5376);
#1547=VERTEX_POINT('',#5382);
#1548=VERTEX_POINT('',#5399);
#1549=VERTEX_POINT('',#5405);
#1550=VERTEX_POINT('',#5422);
#1551=VERTEX_POINT('',#5428);
#1552=VERTEX_POINT('',#5445);
#1553=VERTEX_POINT('',#5451);
#1554=VERTEX_POINT('',#5468);
#1555=VERTEX_POINT('',#5474);
#1556=VERTEX_POINT('',#5491);
#1557=VERTEX_POINT('',#5497);
#1558=VERTEX_POINT('',#5505);
#1559=VERTEX_POINT('',#5507);
#1560=VERTEX_POINT('',#5520);
#1561=VERTEX_POINT('',#5526);
#1562=VERTEX_POINT('',#5543);
#1563=VERTEX_POINT('',#5549);
#1564=VERTEX_POINT('',#5566);
#1565=VERTEX_POINT('',#5572);
#1566=VERTEX_POINT('',#5589);
#1567=VERTEX_POINT('',#5595);
#1568=VERTEX_POINT('',#5612);
#1569=VERTEX_POINT('',#5618);
#1570=VERTEX_POINT('',#5635);
#1571=VERTEX_POINT('',#5641);
#1572=VERTEX_POINT('',#5658);
#1573=VERTEX_POINT('',#5664);
#1574=VERTEX_POINT('',#5681);
#1575=VERTEX_POINT('',#5687);
#1576=VERTEX_POINT('',#5704);
#1577=VERTEX_POINT('',#5710);
#1578=VERTEX_POINT('',#5727);
#1579=VERTEX_POINT('',#5733);
#1580=VERTEX_POINT('',#5750);
#1581=VERTEX_POINT('',#5756);
#1582=VERTEX_POINT('',#5773);
#1583=VERTEX_POINT('',#5779);
#1584=VERTEX_POINT('',#5796);
#1585=VERTEX_POINT('',#5802);
#1586=VERTEX_POINT('',#5819);
#1587=VERTEX_POINT('',#5825);
#1588=VERTEX_POINT('',#5854);
#1589=VERTEX_POINT('',#5855);
#1590=VERTEX_POINT('',#5857);
#1591=VERTEX_POINT('',#5859);
#1592=VERTEX_POINT('',#5872);
#1593=VERTEX_POINT('',#5878);
#1594=VERTEX_POINT('',#5895);
#1595=VERTEX_POINT('',#5901);
#1596=VERTEX_POINT('',#5918);
#1597=VERTEX_POINT('',#5924);
#1598=VERTEX_POINT('',#5941);
#1599=VERTEX_POINT('',#5947);
#1600=VERTEX_POINT('',#5955);
#1601=VERTEX_POINT('',#5957);
#1602=VERTEX_POINT('',#5970);
#1603=VERTEX_POINT('',#5976);
#1604=VERTEX_POINT('',#5993);
#1605=VERTEX_POINT('',#5999);
#1606=VERTEX_POINT('',#6016);
#1607=VERTEX_POINT('',#6022);
#1608=VERTEX_POINT('',#6030);
#1609=VERTEX_POINT('',#6032);
#1610=VERTEX_POINT('',#6036);
#1611=VERTEX_POINT('',#6038);
#1612=VERTEX_POINT('',#6042);
#1613=VERTEX_POINT('',#6044);
#1614=VERTEX_POINT('',#6052);
#1615=VERTEX_POINT('',#6053);
#1616=VERTEX_POINT('',#6055);
#1617=VERTEX_POINT('',#6057);
#1618=VERTEX_POINT('',#6061);
#1619=VERTEX_POINT('',#6063);
#1620=VERTEX_POINT('',#6067);
#1621=VERTEX_POINT('',#6069);
#1622=VERTEX_POINT('',#6077);
#1623=VERTEX_POINT('',#6078);
#1624=VERTEX_POINT('',#6080);
#1625=VERTEX_POINT('',#6082);
#1626=VERTEX_POINT('',#6086);
#1627=VERTEX_POINT('',#6088);
#1628=VERTEX_POINT('',#6092);
#1629=VERTEX_POINT('',#6094);
#1630=VERTEX_POINT('',#6107);
#1631=VERTEX_POINT('',#6113);
#1632=VERTEX_POINT('',#6130);
#1633=VERTEX_POINT('',#6136);
#1634=VERTEX_POINT('',#6144);
#1635=VERTEX_POINT('',#6146);
#1636=VERTEX_POINT('',#6150);
#1637=VERTEX_POINT('',#6152);
#1638=VERTEX_POINT('',#6156);
#1639=VERTEX_POINT('',#6158);
#1640=VERTEX_POINT('',#6175);
#1641=VERTEX_POINT('',#6176);
#1642=VERTEX_POINT('',#6182);
#1643=VERTEX_POINT('',#6184);
#1644=VERTEX_POINT('',#6201);
#1645=VERTEX_POINT('',#6207);
#1646=VERTEX_POINT('',#6224);
#1647=VERTEX_POINT('',#6230);
#1648=VERTEX_POINT('',#6247);
#1649=VERTEX_POINT('',#6253);
#1650=VERTEX_POINT('',#6270);
#1651=VERTEX_POINT('',#6276);
#1652=VERTEX_POINT('',#6293);
#1653=VERTEX_POINT('',#6299);
#1654=VERTEX_POINT('',#6316);
#1655=VERTEX_POINT('',#6322);
#1656=VERTEX_POINT('',#6350);
#1657=VERTEX_POINT('',#6351);
#1658=VERTEX_POINT('',#6353);
#1659=VERTEX_POINT('',#6355);
#1660=VERTEX_POINT('',#6359);
#1661=VERTEX_POINT('',#6361);
#1662=VERTEX_POINT('',#6365);
#1663=VERTEX_POINT('',#6367);
#1664=VERTEX_POINT('',#6380);
#1665=VERTEX_POINT('',#6386);
#1666=VERTEX_POINT('',#6403);
#1667=VERTEX_POINT('',#6409);
#1668=VERTEX_POINT('',#6426);
#1669=VERTEX_POINT('',#6432);
#1670=VERTEX_POINT('',#6449);
#1671=VERTEX_POINT('',#6455);
#1672=VERTEX_POINT('',#6472);
#1673=VERTEX_POINT('',#6478);
#1674=VERTEX_POINT('',#6495);
#1675=VERTEX_POINT('',#6501);
#1676=VERTEX_POINT('',#6518);
#1677=VERTEX_POINT('',#6524);
#1678=VERTEX_POINT('',#6541);
#1679=VERTEX_POINT('',#6547);
#1680=VERTEX_POINT('',#6564);
#1681=VERTEX_POINT('',#6570);
#1682=VERTEX_POINT('',#6578);
#1683=VERTEX_POINT('',#6580);
#1684=VERTEX_POINT('',#6588);
#1685=VERTEX_POINT('',#6589);
#1686=VERTEX_POINT('',#6591);
#1687=VERTEX_POINT('',#6593);
#1688=VERTEX_POINT('',#6606);
#1689=VERTEX_POINT('',#6612);
#1690=VERTEX_POINT('',#6629);
#1691=VERTEX_POINT('',#6635);
#1692=VERTEX_POINT('',#6643);
#1693=VERTEX_POINT('',#6645);
#1694=VERTEX_POINT('',#6658);
#1695=VERTEX_POINT('',#6664);
#1696=VERTEX_POINT('',#6681);
#1697=VERTEX_POINT('',#6687);
#1698=VERTEX_POINT('',#6695);
#1699=VERTEX_POINT('',#6697);
#1700=VERTEX_POINT('',#6701);
#1701=VERTEX_POINT('',#6703);
#1702=VERTEX_POINT('',#6720);
#1703=VERTEX_POINT('',#6721);
#1704=VERTEX_POINT('',#6727);
#1705=VERTEX_POINT('',#6729);
#1706=VERTEX_POINT('',#6746);
#1707=VERTEX_POINT('',#6752);
#1708=VERTEX_POINT('',#6769);
#1709=VERTEX_POINT('',#6775);
#1710=VERTEX_POINT('',#6792);
#1711=VERTEX_POINT('',#6798);
#1712=VERTEX_POINT('',#6815);
#1713=VERTEX_POINT('',#6821);
#1714=VERTEX_POINT('',#6838);
#1715=VERTEX_POINT('',#6844);
#1716=VERTEX_POINT('',#6861);
#1717=VERTEX_POINT('',#6867);
#1718=VERTEX_POINT('',#6904);
#1719=VERTEX_POINT('',#6905);
#1720=VERTEX_POINT('',#6911);
#1721=VERTEX_POINT('',#6913);
#1722=VERTEX_POINT('',#6930);
#1723=VERTEX_POINT('',#6936);
#1724=VERTEX_POINT('',#6953);
#1725=VERTEX_POINT('',#6959);
#1726=VERTEX_POINT('',#6976);
#1727=VERTEX_POINT('',#6982);
#1728=VERTEX_POINT('',#6999);
#1729=VERTEX_POINT('',#7005);
#1730=VERTEX_POINT('',#7022);
#1731=VERTEX_POINT('',#7028);
#1732=VERTEX_POINT('',#7045);
#1733=VERTEX_POINT('',#7051);
#1734=VERTEX_POINT('',#7068);
#1735=VERTEX_POINT('',#7074);
#1736=VERTEX_POINT('',#7103);
#1737=VERTEX_POINT('',#7104);
#1738=VERTEX_POINT('',#7106);
#1739=VERTEX_POINT('',#7108);
#1740=VERTEX_POINT('',#7112);
#1741=VERTEX_POINT('',#7114);
#1742=VERTEX_POINT('',#7118);
#1743=VERTEX_POINT('',#7120);
#1744=VERTEX_POINT('',#7124);
#1745=VERTEX_POINT('',#7126);
#1746=VERTEX_POINT('',#7130);
#1747=VERTEX_POINT('',#7132);
#1748=VERTEX_POINT('',#7136);
#1749=VERTEX_POINT('',#7138);
#1750=VERTEX_POINT('',#7142);
#1751=VERTEX_POINT('',#7144);
#1752=VERTEX_POINT('',#7148);
#1753=VERTEX_POINT('',#7150);
#1754=VERTEX_POINT('',#7163);
#1755=VERTEX_POINT('',#7169);
#1756=VERTEX_POINT('',#7177);
#1757=VERTEX_POINT('',#7179);
#1758=VERTEX_POINT('',#7183);
#1759=VERTEX_POINT('',#7185);
#1760=VERTEX_POINT('',#7198);
#1761=VERTEX_POINT('',#7199);
#1762=VERTEX_POINT('',#7201);
#1763=VERTEX_POINT('',#7203);
#1764=VERTEX_POINT('',#7207);
#1765=VERTEX_POINT('',#7209);
#1766=VERTEX_POINT('',#7211);
#1767=VERTEX_POINT('',#7213);
#1768=VERTEX_POINT('',#7215);
#1769=VERTEX_POINT('',#7217);
#1770=VERTEX_POINT('',#7219);
#1771=VERTEX_POINT('',#7221);
#1772=VERTEX_POINT('',#7225);
#1773=VERTEX_POINT('',#7227);
#1774=VERTEX_POINT('',#7229);
#1775=VERTEX_POINT('',#7231);
#1776=VERTEX_POINT('',#7233);
#1777=VERTEX_POINT('',#7236);
#1778=VERTEX_POINT('',#7238);
#1779=VERTEX_POINT('',#7240);
#1780=VERTEX_POINT('',#7242);
#1781=VERTEX_POINT('',#7244);
#1782=VERTEX_POINT('',#7246);
#1783=VERTEX_POINT('',#7249);
#1784=VERTEX_POINT('',#7251);
#1785=VERTEX_POINT('',#7253);
#1786=VERTEX_POINT('',#7255);
#1787=VERTEX_POINT('',#7258);
#1788=VERTEX_POINT('',#7262);
#1789=VERTEX_POINT('',#7266);
#1790=VERTEX_POINT('',#7267);
#1791=VERTEX_POINT('',#7272);
#1792=VERTEX_POINT('',#7278);
#1793=VERTEX_POINT('',#7282);
#1794=VERTEX_POINT('',#7286);
#1795=VERTEX_POINT('',#7290);
#1796=VERTEX_POINT('',#7296);
#1797=VERTEX_POINT('',#7300);
#1798=VERTEX_POINT('',#7303);
#1799=VERTEX_POINT('',#7307);
#1800=VERTEX_POINT('',#7310);
#1801=VERTEX_POINT('',#7314);
#1802=VERTEX_POINT('',#7317);
#1803=VERTEX_POINT('',#7321);
#1804=VERTEX_POINT('',#7324);
#1805=VERTEX_POINT('',#7329);
#1806=VERTEX_POINT('',#7334);
#1807=VERTEX_POINT('',#7339);
#1808=VERTEX_POINT('',#7346);
#1809=VERTEX_POINT('',#7348);
#1810=VERTEX_POINT('',#7352);
#1811=VERTEX_POINT('',#7356);
#1812=EDGE_CURVE('',#1448,#1449,#832,.T.);
#1813=EDGE_CURVE('',#1448,#1450,#833,.T.);
#1814=EDGE_CURVE('',#1450,#1451,#834,.T.);
#1815=EDGE_CURVE('',#1449,#1451,#835,.T.);
#1816=EDGE_CURVE('',#1452,#1448,#83,.T.);
#1817=EDGE_CURVE('',#1452,#1453,#836,.T.);
#1818=EDGE_CURVE('',#1453,#1450,#84,.T.);
#1819=EDGE_CURVE('',#1454,#1452,#85,.T.);
#1820=EDGE_CURVE('',#1454,#1455,#837,.T.);
#1821=EDGE_CURVE('',#1455,#1453,#86,.T.);
#1822=EDGE_CURVE('',#1456,#1454,#87,.T.);
#1823=EDGE_CURVE('',#1456,#1457,#838,.T.);
#1824=EDGE_CURVE('',#1457,#1455,#88,.T.);
#1825=EDGE_CURVE('',#1458,#1456,#89,.T.);
#1826=EDGE_CURVE('',#1458,#1459,#839,.T.);
#1827=EDGE_CURVE('',#1459,#1457,#90,.T.);
#1828=EDGE_CURVE('',#1460,#1458,#91,.T.);
#1829=EDGE_CURVE('',#1460,#1461,#840,.T.);
#1830=EDGE_CURVE('',#1461,#1459,#92,.T.);
#1831=EDGE_CURVE('',#1462,#1460,#93,.T.);
#1832=EDGE_CURVE('',#1462,#1463,#841,.T.);
#1833=EDGE_CURVE('',#1463,#1461,#94,.T.);
#1834=EDGE_CURVE('',#1464,#1462,#842,.T.);
#1835=EDGE_CURVE('',#1464,#1465,#843,.T.);
#1836=EDGE_CURVE('',#1465,#1463,#844,.T.);
#1837=EDGE_CURVE('',#1449,#1464,#845,.T.);
#1838=EDGE_CURVE('',#1451,#1465,#846,.T.);
#1839=EDGE_CURVE('',#1466,#1467,#847,.T.);
#1840=EDGE_CURVE('',#1466,#1468,#848,.T.);
#1841=EDGE_CURVE('',#1468,#1469,#849,.T.);
#1842=EDGE_CURVE('',#1467,#1469,#850,.T.);
#1843=EDGE_CURVE('',#1470,#1466,#95,.T.);
#1844=EDGE_CURVE('',#1470,#1471,#851,.T.);
#1845=EDGE_CURVE('',#1471,#1468,#96,.T.);
#1846=EDGE_CURVE('',#1472,#1470,#97,.T.);
#1847=EDGE_CURVE('',#1472,#1473,#852,.T.);
#1848=EDGE_CURVE('',#1473,#1471,#98,.T.);
#1849=EDGE_CURVE('',#1474,#1472,#99,.T.);
#1850=EDGE_CURVE('',#1474,#1475,#853,.T.);
#1851=EDGE_CURVE('',#1475,#1473,#100,.T.);
#1852=EDGE_CURVE('',#1476,#1474,#101,.T.);
#1853=EDGE_CURVE('',#1476,#1477,#854,.T.);
#1854=EDGE_CURVE('',#1477,#1475,#102,.T.);
#1855=EDGE_CURVE('',#1478,#1476,#103,.T.);
#1856=EDGE_CURVE('',#1478,#1479,#855,.T.);
#1857=EDGE_CURVE('',#1479,#1477,#104,.T.);
#1858=EDGE_CURVE('',#1480,#1478,#105,.T.);
#1859=EDGE_CURVE('',#1480,#1481,#856,.T.);
#1860=EDGE_CURVE('',#1481,#1479,#106,.T.);
#1861=EDGE_CURVE('',#1482,#1480,#107,.T.);
#1862=EDGE_CURVE('',#1482,#1483,#857,.T.);
#1863=EDGE_CURVE('',#1483,#1481,#108,.T.);
#1864=EDGE_CURVE('',#1484,#1482,#858,.T.);
#1865=EDGE_CURVE('',#1484,#1485,#859,.T.);
#1866=EDGE_CURVE('',#1485,#1483,#860,.T.);
#1867=EDGE_CURVE('',#1467,#1484,#861,.T.);
#1868=EDGE_CURVE('',#1469,#1485,#862,.T.);
#1869=EDGE_CURVE('',#1486,#1487,#109,.T.);
#1870=EDGE_CURVE('',#1486,#1488,#863,.T.);
#1871=EDGE_CURVE('',#1488,#1489,#110,.T.);
#1872=EDGE_CURVE('',#1487,#1489,#864,.T.);
#1873=EDGE_CURVE('',#1490,#1486,#111,.T.);
#1874=EDGE_CURVE('',#1490,#1491,#865,.T.);
#1875=EDGE_CURVE('',#1491,#1488,#112,.T.);
#1876=EDGE_CURVE('',#1492,#1490,#113,.T.);
#1877=EDGE_CURVE('',#1492,#1493,#866,.T.);
#1878=EDGE_CURVE('',#1493,#1491,#114,.T.);
#1879=EDGE_CURVE('',#1494,#1492,#115,.T.);
#1880=EDGE_CURVE('',#1494,#1495,#867,.T.);
#1881=EDGE_CURVE('',#1495,#1493,#116,.T.);
#1882=EDGE_CURVE('',#1496,#1494,#117,.T.);
#1883=EDGE_CURVE('',#1496,#1497,#868,.T.);
#1884=EDGE_CURVE('',#1497,#1495,#118,.T.);
#1885=EDGE_CURVE('',#1498,#1496,#119,.T.);
#1886=EDGE_CURVE('',#1498,#1499,#869,.T.);
#1887=EDGE_CURVE('',#1499,#1497,#120,.T.);
#1888=EDGE_CURVE('',#1500,#1498,#121,.T.);
#1889=EDGE_CURVE('',#1500,#1501,#870,.T.);
#1890=EDGE_CURVE('',#1501,#1499,#122,.T.);
#1891=EDGE_CURVE('',#1502,#1500,#123,.T.);
#1892=EDGE_CURVE('',#1502,#1503,#871,.T.);
#1893=EDGE_CURVE('',#1503,#1501,#124,.T.);
#1894=EDGE_CURVE('',#1504,#1502,#125,.T.);
#1895=EDGE_CURVE('',#1504,#1505,#872,.T.);
#1896=EDGE_CURVE('',#1505,#1503,#126,.T.);
#1897=EDGE_CURVE('',#1506,#1504,#127,.T.);
#1898=EDGE_CURVE('',#1506,#1507,#873,.T.);
#1899=EDGE_CURVE('',#1507,#1505,#128,.T.);
#1900=EDGE_CURVE('',#1508,#1506,#129,.T.);
#1901=EDGE_CURVE('',#1508,#1509,#874,.T.);
#1902=EDGE_CURVE('',#1509,#1507,#130,.T.);
#1903=EDGE_CURVE('',#1510,#1508,#875,.T.);
#1904=EDGE_CURVE('',#1510,#1511,#876,.T.);
#1905=EDGE_CURVE('',#1511,#1509,#877,.T.);
#1906=EDGE_CURVE('',#1512,#1510,#878,.T.);
#1907=EDGE_CURVE('',#1512,#1513,#879,.T.);
#1908=EDGE_CURVE('',#1513,#1511,#880,.T.);
#1909=EDGE_CURVE('',#1487,#1512,#881,.T.);
#1910=EDGE_CURVE('',#1489,#1513,#882,.T.);
#1911=EDGE_CURVE('',#1514,#1515,#131,.T.);
#1912=EDGE_CURVE('',#1514,#1516,#883,.T.);
#1913=EDGE_CURVE('',#1516,#1517,#132,.T.);
#1914=EDGE_CURVE('',#1515,#1517,#884,.T.);
#1915=EDGE_CURVE('',#1518,#1514,#133,.T.);
#1916=EDGE_CURVE('',#1518,#1519,#885,.T.);
#1917=EDGE_CURVE('',#1519,#1516,#134,.T.);
#1918=EDGE_CURVE('',#1520,#1518,#135,.T.);
#1919=EDGE_CURVE('',#1520,#1521,#886,.T.);
#1920=EDGE_CURVE('',#1521,#1519,#136,.T.);
#1921=EDGE_CURVE('',#1522,#1520,#137,.T.);
#1922=EDGE_CURVE('',#1522,#1523,#887,.T.);
#1923=EDGE_CURVE('',#1523,#1521,#138,.T.);
#1924=EDGE_CURVE('',#1524,#1522,#139,.T.);
#1925=EDGE_CURVE('',#1524,#1525,#888,.T.);
#1926=EDGE_CURVE('',#1525,#1523,#140,.T.);
#1927=EDGE_CURVE('',#1526,#1524,#141,.T.);
#1928=EDGE_CURVE('',#1526,#1527,#889,.T.);
#1929=EDGE_CURVE('',#1527,#1525,#142,.T.);
#1930=EDGE_CURVE('',#1528,#1526,#143,.T.);
#1931=EDGE_CURVE('',#1528,#1529,#890,.T.);
#1932=EDGE_CURVE('',#1529,#1527,#144,.T.);
#1933=EDGE_CURVE('',#1530,#1528,#145,.T.);
#1934=EDGE_CURVE('',#1530,#1531,#891,.T.);
#1935=EDGE_CURVE('',#1531,#1529,#146,.T.);
#1936=EDGE_CURVE('',#1532,#1530,#147,.T.);
#1937=EDGE_CURVE('',#1532,#1533,#892,.T.);
#1938=EDGE_CURVE('',#1533,#1531,#148,.T.);
#1939=EDGE_CURVE('',#1515,#1532,#893,.T.);
#1940=EDGE_CURVE('',#1517,#1533,#894,.T.);
#1941=EDGE_CURVE('',#1534,#1535,#895,.T.);
#1942=EDGE_CURVE('',#1534,#1536,#896,.T.);
#1943=EDGE_CURVE('',#1536,#1537,#897,.T.);
#1944=EDGE_CURVE('',#1535,#1537,#898,.T.);
#1945=EDGE_CURVE('',#1538,#1534,#149,.T.);
#1946=EDGE_CURVE('',#1538,#1539,#899,.T.);
#1947=EDGE_CURVE('',#1539,#1536,#150,.T.);
#1948=EDGE_CURVE('',#1540,#1538,#151,.T.);
#1949=EDGE_CURVE('',#1540,#1541,#900,.T.);
#1950=EDGE_CURVE('',#1541,#1539,#152,.T.);
#1951=EDGE_CURVE('',#1542,#1540,#901,.T.);
#1952=EDGE_CURVE('',#1542,#1543,#902,.T.);
#1953=EDGE_CURVE('',#1543,#1541,#903,.T.);
#1954=EDGE_CURVE('',#1544,#1542,#153,.T.);
#1955=EDGE_CURVE('',#1544,#1545,#904,.T.);
#1956=EDGE_CURVE('',#1545,#1543,#154,.T.);
#1957=EDGE_CURVE('',#1546,#1544,#155,.T.);
#1958=EDGE_CURVE('',#1546,#1547,#905,.T.);
#1959=EDGE_CURVE('',#1547,#1545,#156,.T.);
#1960=EDGE_CURVE('',#1548,#1546,#157,.T.);
#1961=EDGE_CURVE('',#1548,#1549,#906,.T.);
#1962=EDGE_CURVE('',#1549,#1547,#158,.T.);
#1963=EDGE_CURVE('',#1550,#1548,#159,.T.);
#1964=EDGE_CURVE('',#1550,#1551,#907,.T.);
#1965=EDGE_CURVE('',#1551,#1549,#160,.T.);
#1966=EDGE_CURVE('',#1552,#1550,#161,.T.);
#1967=EDGE_CURVE('',#1552,#1553,#908,.T.);
#1968=EDGE_CURVE('',#1553,#1551,#162,.T.);
#1969=EDGE_CURVE('',#1554,#1552,#163,.T.);
#1970=EDGE_CURVE('',#1554,#1555,#909,.T.);
#1971=EDGE_CURVE('',#1555,#1553,#164,.T.);
#1972=EDGE_CURVE('',#1556,#1554,#165,.T.);
#1973=EDGE_CURVE('',#1556,#1557,#910,.T.);
#1974=EDGE_CURVE('',#1557,#1555,#166,.T.);
#1975=EDGE_CURVE('',#1558,#1556,#911,.T.);
#1976=EDGE_CURVE('',#1558,#1559,#912,.T.);
#1977=EDGE_CURVE('',#1559,#1557,#913,.T.);
#1978=EDGE_CURVE('',#1560,#1558,#167,.T.);
#1979=EDGE_CURVE('',#1560,#1561,#914,.T.);
#1980=EDGE_CURVE('',#1561,#1559,#168,.T.);
#1981=EDGE_CURVE('',#1562,#1560,#169,.T.);
#1982=EDGE_CURVE('',#1562,#1563,#915,.T.);
#1983=EDGE_CURVE('',#1563,#1561,#170,.T.);
#1984=EDGE_CURVE('',#1564,#1562,#171,.T.);
#1985=EDGE_CURVE('',#1564,#1565,#916,.T.);
#1986=EDGE_CURVE('',#1565,#1563,#172,.T.);
#1987=EDGE_CURVE('',#1566,#1564,#173,.T.);
#1988=EDGE_CURVE('',#1566,#1567,#917,.T.);
#1989=EDGE_CURVE('',#1567,#1565,#174,.T.);
#1990=EDGE_CURVE('',#1568,#1566,#175,.T.);
#1991=EDGE_CURVE('',#1568,#1569,#918,.T.);
#1992=EDGE_CURVE('',#1569,#1567,#176,.T.);
#1993=EDGE_CURVE('',#1570,#1568,#177,.T.);
#1994=EDGE_CURVE('',#1570,#1571,#919,.T.);
#1995=EDGE_CURVE('',#1571,#1569,#178,.T.);
#1996=EDGE_CURVE('',#1572,#1570,#179,.T.);
#1997=EDGE_CURVE('',#1572,#1573,#920,.T.);
#1998=EDGE_CURVE('',#1573,#1571,#180,.T.);
#1999=EDGE_CURVE('',#1574,#1572,#181,.T.);
#2000=EDGE_CURVE('',#1574,#1575,#921,.T.);
#2001=EDGE_CURVE('',#1575,#1573,#182,.T.);
#2002=EDGE_CURVE('',#1576,#1574,#183,.T.);
#2003=EDGE_CURVE('',#1576,#1577,#922,.T.);
#2004=EDGE_CURVE('',#1577,#1575,#184,.T.);
#2005=EDGE_CURVE('',#1578,#1576,#185,.T.);
#2006=EDGE_CURVE('',#1578,#1579,#923,.T.);
#2007=EDGE_CURVE('',#1579,#1577,#186,.T.);
#2008=EDGE_CURVE('',#1580,#1578,#187,.T.);
#2009=EDGE_CURVE('',#1580,#1581,#924,.T.);
#2010=EDGE_CURVE('',#1581,#1579,#188,.T.);
#2011=EDGE_CURVE('',#1582,#1580,#189,.T.);
#2012=EDGE_CURVE('',#1582,#1583,#925,.T.);
#2013=EDGE_CURVE('',#1583,#1581,#190,.T.);
#2014=EDGE_CURVE('',#1584,#1582,#191,.T.);
#2015=EDGE_CURVE('',#1584,#1585,#926,.T.);
#2016=EDGE_CURVE('',#1585,#1583,#192,.T.);
#2017=EDGE_CURVE('',#1586,#1584,#193,.T.);
#2018=EDGE_CURVE('',#1586,#1587,#927,.T.);
#2019=EDGE_CURVE('',#1587,#1585,#194,.T.);
#2020=EDGE_CURVE('',#1535,#1586,#195,.T.);
#2021=EDGE_CURVE('',#1537,#1587,#196,.T.);
#2022=EDGE_CURVE('',#1588,#1589,#928,.T.);
#2023=EDGE_CURVE('',#1588,#1590,#929,.T.);
#2024=EDGE_CURVE('',#1590,#1591,#930,.T.);
#2025=EDGE_CURVE('',#1589,#1591,#931,.T.);
#2026=EDGE_CURVE('',#1592,#1588,#197,.T.);
#2027=EDGE_CURVE('',#1592,#1593,#932,.T.);
#2028=EDGE_CURVE('',#1593,#1590,#198,.T.);
#2029=EDGE_CURVE('',#1594,#1592,#199,.T.);
#2030=EDGE_CURVE('',#1594,#1595,#933,.T.);
#2031=EDGE_CURVE('',#1595,#1593,#200,.T.);
#2032=EDGE_CURVE('',#1596,#1594,#201,.T.);
#2033=EDGE_CURVE('',#1596,#1597,#934,.T.);
#2034=EDGE_CURVE('',#1597,#1595,#202,.T.);
#2035=EDGE_CURVE('',#1598,#1596,#203,.T.);
#2036=EDGE_CURVE('',#1598,#1599,#935,.T.);
#2037=EDGE_CURVE('',#1599,#1597,#204,.T.);
#2038=EDGE_CURVE('',#1600,#1598,#936,.T.);
#2039=EDGE_CURVE('',#1600,#1601,#937,.T.);
#2040=EDGE_CURVE('',#1601,#1599,#938,.T.);
#2041=EDGE_CURVE('',#1602,#1600,#205,.T.);
#2042=EDGE_CURVE('',#1602,#1603,#939,.T.);
#2043=EDGE_CURVE('',#1603,#1601,#206,.T.);
#2044=EDGE_CURVE('',#1604,#1602,#207,.T.);
#2045=EDGE_CURVE('',#1604,#1605,#940,.T.);
#2046=EDGE_CURVE('',#1605,#1603,#208,.T.);
#2047=EDGE_CURVE('',#1606,#1604,#209,.T.);
#2048=EDGE_CURVE('',#1606,#1607,#941,.T.);
#2049=EDGE_CURVE('',#1607,#1605,#210,.T.);
#2050=EDGE_CURVE('',#1608,#1606,#942,.T.);
#2051=EDGE_CURVE('',#1608,#1609,#943,.T.);
#2052=EDGE_CURVE('',#1609,#1607,#944,.T.);
#2053=EDGE_CURVE('',#1610,#1608,#945,.T.);
#2054=EDGE_CURVE('',#1610,#1611,#946,.T.);
#2055=EDGE_CURVE('',#1611,#1609,#947,.T.);
#2056=EDGE_CURVE('',#1612,#1610,#948,.T.);
#2057=EDGE_CURVE('',#1612,#1613,#949,.T.);
#2058=EDGE_CURVE('',#1613,#1611,#950,.T.);
#2059=EDGE_CURVE('',#1589,#1612,#951,.T.);
#2060=EDGE_CURVE('',#1591,#1613,#952,.T.);
#2061=EDGE_CURVE('',#1614,#1615,#953,.T.);
#2062=EDGE_CURVE('',#1614,#1616,#954,.T.);
#2063=EDGE_CURVE('',#1616,#1617,#955,.T.);
#2064=EDGE_CURVE('',#1615,#1617,#956,.T.);
#2065=EDGE_CURVE('',#1618,#1614,#957,.T.);
#2066=EDGE_CURVE('',#1618,#1619,#958,.T.);
#2067=EDGE_CURVE('',#1619,#1616,#959,.T.);
#2068=EDGE_CURVE('',#1620,#1618,#960,.T.);
#2069=EDGE_CURVE('',#1620,#1621,#961,.T.);
#2070=EDGE_CURVE('',#1621,#1619,#962,.T.);
#2071=EDGE_CURVE('',#1615,#1620,#963,.T.);
#2072=EDGE_CURVE('',#1617,#1621,#964,.T.);
#2073=EDGE_CURVE('',#1622,#1623,#965,.T.);
#2074=EDGE_CURVE('',#1622,#1624,#966,.T.);
#2075=EDGE_CURVE('',#1624,#1625,#967,.T.);
#2076=EDGE_CURVE('',#1623,#1625,#968,.T.);
#2077=EDGE_CURVE('',#1626,#1622,#969,.T.);
#2078=EDGE_CURVE('',#1626,#1627,#970,.T.);
#2079=EDGE_CURVE('',#1627,#1624,#971,.T.);
#2080=EDGE_CURVE('',#1628,#1626,#972,.T.);
#2081=EDGE_CURVE('',#1628,#1629,#973,.T.);
#2082=EDGE_CURVE('',#1629,#1627,#974,.T.);
#2083=EDGE_CURVE('',#1630,#1628,#211,.T.);
#2084=EDGE_CURVE('',#1630,#1631,#975,.T.);
#2085=EDGE_CURVE('',#1631,#1629,#212,.T.);
#2086=EDGE_CURVE('',#1632,#1630,#213,.T.);
#2087=EDGE_CURVE('',#1632,#1633,#976,.T.);
#2088=EDGE_CURVE('',#1633,#1631,#214,.T.);
#2089=EDGE_CURVE('',#1634,#1632,#977,.T.);
#2090=EDGE_CURVE('',#1634,#1635,#978,.T.);
#2091=EDGE_CURVE('',#1635,#1633,#979,.T.);
#2092=EDGE_CURVE('',#1636,#1634,#980,.T.);
#2093=EDGE_CURVE('',#1636,#1637,#981,.T.);
#2094=EDGE_CURVE('',#1637,#1635,#982,.T.);
#2095=EDGE_CURVE('',#1638,#1636,#983,.T.);
#2096=EDGE_CURVE('',#1638,#1639,#984,.T.);
#2097=EDGE_CURVE('',#1639,#1637,#985,.T.);
#2098=EDGE_CURVE('',#1623,#1638,#986,.T.);
#2099=EDGE_CURVE('',#1625,#1639,#987,.T.);
#2100=EDGE_CURVE('',#1640,#1641,#215,.T.);
#2101=EDGE_CURVE('',#1640,#1642,#988,.T.);
#2102=EDGE_CURVE('',#1642,#1643,#216,.T.);
#2103=EDGE_CURVE('',#1641,#1643,#989,.T.);
#2104=EDGE_CURVE('',#1644,#1640,#217,.T.);
#2105=EDGE_CURVE('',#1644,#1645,#990,.T.);
#2106=EDGE_CURVE('',#1645,#1642,#218,.T.);
#2107=EDGE_CURVE('',#1646,#1644,#219,.T.);
#2108=EDGE_CURVE('',#1646,#1647,#991,.T.);
#2109=EDGE_CURVE('',#1647,#1645,#220,.T.);
#2110=EDGE_CURVE('',#1648,#1646,#221,.T.);
#2111=EDGE_CURVE('',#1648,#1649,#992,.T.);
#2112=EDGE_CURVE('',#1649,#1647,#222,.T.);
#2113=EDGE_CURVE('',#1650,#1648,#223,.T.);
#2114=EDGE_CURVE('',#1650,#1651,#993,.T.);
#2115=EDGE_CURVE('',#1651,#1649,#224,.T.);
#2116=EDGE_CURVE('',#1652,#1650,#225,.T.);
#2117=EDGE_CURVE('',#1652,#1653,#994,.T.);
#2118=EDGE_CURVE('',#1653,#1651,#226,.T.);
#2119=EDGE_CURVE('',#1654,#1652,#227,.T.);
#2120=EDGE_CURVE('',#1654,#1655,#995,.T.);
#2121=EDGE_CURVE('',#1655,#1653,#228,.T.);
#2122=EDGE_CURVE('',#1641,#1654,#229,.T.);
#2123=EDGE_CURVE('',#1643,#1655,#230,.T.);
#2124=EDGE_CURVE('',#1656,#1657,#996,.T.);
#2125=EDGE_CURVE('',#1656,#1658,#997,.T.);
#2126=EDGE_CURVE('',#1658,#1659,#998,.T.);
#2127=EDGE_CURVE('',#1657,#1659,#999,.T.);
#2128=EDGE_CURVE('',#1660,#1656,#1000,.T.);
#2129=EDGE_CURVE('',#1660,#1661,#1001,.T.);
#2130=EDGE_CURVE('',#1661,#1658,#1002,.T.);
#2131=EDGE_CURVE('',#1662,#1660,#1003,.T.);
#2132=EDGE_CURVE('',#1662,#1663,#1004,.T.);
#2133=EDGE_CURVE('',#1663,#1661,#1005,.T.);
#2134=EDGE_CURVE('',#1664,#1662,#231,.T.);
#2135=EDGE_CURVE('',#1664,#1665,#1006,.T.);
#2136=EDGE_CURVE('',#1665,#1663,#232,.T.);
#2137=EDGE_CURVE('',#1666,#1664,#233,.T.);
#2138=EDGE_CURVE('',#1666,#1667,#1007,.T.);
#2139=EDGE_CURVE('',#1667,#1665,#234,.T.);
#2140=EDGE_CURVE('',#1668,#1666,#235,.T.);
#2141=EDGE_CURVE('',#1668,#1669,#1008,.T.);
#2142=EDGE_CURVE('',#1669,#1667,#236,.T.);
#2143=EDGE_CURVE('',#1670,#1668,#237,.T.);
#2144=EDGE_CURVE('',#1670,#1671,#1009,.T.);
#2145=EDGE_CURVE('',#1671,#1669,#238,.T.);
#2146=EDGE_CURVE('',#1672,#1670,#239,.T.);
#2147=EDGE_CURVE('',#1672,#1673,#1010,.T.);
#2148=EDGE_CURVE('',#1673,#1671,#240,.T.);
#2149=EDGE_CURVE('',#1674,#1672,#241,.T.);
#2150=EDGE_CURVE('',#1674,#1675,#1011,.T.);
#2151=EDGE_CURVE('',#1675,#1673,#242,.T.);
#2152=EDGE_CURVE('',#1676,#1674,#243,.T.);
#2153=EDGE_CURVE('',#1676,#1677,#1012,.T.);
#2154=EDGE_CURVE('',#1677,#1675,#244,.T.);
#2155=EDGE_CURVE('',#1678,#1676,#245,.T.);
#2156=EDGE_CURVE('',#1678,#1679,#1013,.T.);
#2157=EDGE_CURVE('',#1679,#1677,#246,.T.);
#2158=EDGE_CURVE('',#1680,#1678,#247,.T.);
#2159=EDGE_CURVE('',#1680,#1681,#1014,.T.);
#2160=EDGE_CURVE('',#1681,#1679,#248,.T.);
#2161=EDGE_CURVE('',#1682,#1680,#1015,.T.);
#2162=EDGE_CURVE('',#1682,#1683,#1016,.T.);
#2163=EDGE_CURVE('',#1683,#1681,#1017,.T.);
#2164=EDGE_CURVE('',#1657,#1682,#1018,.T.);
#2165=EDGE_CURVE('',#1659,#1683,#1019,.T.);
#2166=EDGE_CURVE('',#1684,#1685,#1020,.T.);
#2167=EDGE_CURVE('',#1684,#1686,#1021,.T.);
#2168=EDGE_CURVE('',#1686,#1687,#1022,.T.);
#2169=EDGE_CURVE('',#1685,#1687,#1023,.T.);
#2170=EDGE_CURVE('',#1688,#1684,#249,.T.);
#2171=EDGE_CURVE('',#1688,#1689,#1024,.T.);
#2172=EDGE_CURVE('',#1689,#1686,#250,.T.);
#2173=EDGE_CURVE('',#1690,#1688,#251,.T.);
#2174=EDGE_CURVE('',#1690,#1691,#1025,.T.);
#2175=EDGE_CURVE('',#1691,#1689,#252,.T.);
#2176=EDGE_CURVE('',#1692,#1690,#1026,.T.);
#2177=EDGE_CURVE('',#1692,#1693,#1027,.T.);
#2178=EDGE_CURVE('',#1693,#1691,#1028,.T.);
#2179=EDGE_CURVE('',#1694,#1692,#253,.T.);
#2180=EDGE_CURVE('',#1694,#1695,#1029,.T.);
#2181=EDGE_CURVE('',#1695,#1693,#254,.T.);
#2182=EDGE_CURVE('',#1696,#1694,#255,.T.);
#2183=EDGE_CURVE('',#1696,#1697,#1030,.T.);
#2184=EDGE_CURVE('',#1697,#1695,#256,.T.);
#2185=EDGE_CURVE('',#1698,#1696,#1031,.T.);
#2186=EDGE_CURVE('',#1698,#1699,#1032,.T.);
#2187=EDGE_CURVE('',#1699,#1697,#1033,.T.);
#2188=EDGE_CURVE('',#1700,#1698,#1034,.T.);
#2189=EDGE_CURVE('',#1700,#1701,#1035,.T.);
#2190=EDGE_CURVE('',#1701,#1699,#1036,.T.);
#2191=EDGE_CURVE('',#1685,#1700,#1037,.T.);
#2192=EDGE_CURVE('',#1687,#1701,#1038,.T.);
#2193=EDGE_CURVE('',#1702,#1703,#257,.T.);
#2194=EDGE_CURVE('',#1702,#1704,#1039,.T.);
#2195=EDGE_CURVE('',#1704,#1705,#258,.T.);
#2196=EDGE_CURVE('',#1703,#1705,#1040,.T.);
#2197=EDGE_CURVE('',#1706,#1702,#259,.T.);
#2198=EDGE_CURVE('',#1706,#1707,#1041,.T.);
#2199=EDGE_CURVE('',#1707,#1704,#260,.T.);
#2200=EDGE_CURVE('',#1708,#1706,#261,.T.);
#2201=EDGE_CURVE('',#1708,#1709,#1042,.T.);
#2202=EDGE_CURVE('',#1709,#1707,#262,.T.);
#2203=EDGE_CURVE('',#1710,#1708,#263,.T.);
#2204=EDGE_CURVE('',#1710,#1711,#1043,.T.);
#2205=EDGE_CURVE('',#1711,#1709,#264,.T.);
#2206=EDGE_CURVE('',#1712,#1710,#265,.T.);
#2207=EDGE_CURVE('',#1712,#1713,#1044,.T.);
#2208=EDGE_CURVE('',#1713,#1711,#266,.T.);
#2209=EDGE_CURVE('',#1714,#1712,#267,.T.);
#2210=EDGE_CURVE('',#1714,#1715,#1045,.T.);
#2211=EDGE_CURVE('',#1715,#1713,#268,.T.);
#2212=EDGE_CURVE('',#1716,#1714,#269,.T.);
#2213=EDGE_CURVE('',#1716,#1717,#1046,.T.);
#2214=EDGE_CURVE('',#1717,#1715,#270,.T.);
#2215=EDGE_CURVE('',#1703,#1716,#271,.T.);
#2216=EDGE_CURVE('',#1705,#1717,#272,.T.);
#2217=EDGE_CURVE('',#1718,#1719,#273,.T.);
#2218=EDGE_CURVE('',#1718,#1720,#1047,.T.);
#2219=EDGE_CURVE('',#1720,#1721,#274,.T.);
#2220=EDGE_CURVE('',#1719,#1721,#1048,.T.);
#2221=EDGE_CURVE('',#1722,#1718,#275,.T.);
#2222=EDGE_CURVE('',#1722,#1723,#1049,.T.);
#2223=EDGE_CURVE('',#1723,#1720,#276,.T.);
#2224=EDGE_CURVE('',#1724,#1722,#277,.T.);
#2225=EDGE_CURVE('',#1724,#1725,#1050,.T.);
#2226=EDGE_CURVE('',#1725,#1723,#278,.T.);
#2227=EDGE_CURVE('',#1726,#1724,#279,.T.);
#2228=EDGE_CURVE('',#1726,#1727,#1051,.T.);
#2229=EDGE_CURVE('',#1727,#1725,#280,.T.);
#2230=EDGE_CURVE('',#1728,#1726,#281,.T.);
#2231=EDGE_CURVE('',#1728,#1729,#1052,.T.);
#2232=EDGE_CURVE('',#1729,#1727,#282,.T.);
#2233=EDGE_CURVE('',#1730,#1728,#283,.T.);
#2234=EDGE_CURVE('',#1730,#1731,#1053,.T.);
#2235=EDGE_CURVE('',#1731,#1729,#284,.T.);
#2236=EDGE_CURVE('',#1732,#1730,#285,.T.);
#2237=EDGE_CURVE('',#1732,#1733,#1054,.T.);
#2238=EDGE_CURVE('',#1733,#1731,#286,.T.);
#2239=EDGE_CURVE('',#1734,#1732,#287,.T.);
#2240=EDGE_CURVE('',#1734,#1735,#1055,.T.);
#2241=EDGE_CURVE('',#1735,#1733,#288,.T.);
#2242=EDGE_CURVE('',#1719,#1734,#289,.T.);
#2243=EDGE_CURVE('',#1721,#1735,#290,.T.);
#2244=EDGE_CURVE('',#1736,#1737,#1056,.T.);
#2245=EDGE_CURVE('',#1736,#1738,#1057,.T.);
#2246=EDGE_CURVE('',#1738,#1739,#1058,.T.);
#2247=EDGE_CURVE('',#1737,#1739,#1059,.T.);
#2248=EDGE_CURVE('',#1740,#1736,#1060,.T.);
#2249=EDGE_CURVE('',#1740,#1741,#1061,.T.);
#2250=EDGE_CURVE('',#1741,#1738,#1062,.T.);
#2251=EDGE_CURVE('',#1742,#1740,#1063,.T.);
#2252=EDGE_CURVE('',#1742,#1743,#1064,.T.);
#2253=EDGE_CURVE('',#1743,#1741,#1065,.T.);
#2254=EDGE_CURVE('',#1744,#1742,#1066,.T.);
#2255=EDGE_CURVE('',#1744,#1745,#1067,.T.);
#2256=EDGE_CURVE('',#1745,#1743,#1068,.T.);
#2257=EDGE_CURVE('',#1746,#1744,#1069,.T.);
#2258=EDGE_CURVE('',#1746,#1747,#1070,.T.);
#2259=EDGE_CURVE('',#1747,#1745,#1071,.T.);
#2260=EDGE_CURVE('',#1748,#1746,#1072,.T.);
#2261=EDGE_CURVE('',#1748,#1749,#1073,.T.);
#2262=EDGE_CURVE('',#1749,#1747,#1074,.T.);
#2263=EDGE_CURVE('',#1750,#1748,#1075,.T.);
#2264=EDGE_CURVE('',#1750,#1751,#1076,.T.);
#2265=EDGE_CURVE('',#1751,#1749,#1077,.T.);
#2266=EDGE_CURVE('',#1752,#1750,#1078,.T.);
#2267=EDGE_CURVE('',#1752,#1753,#1079,.T.);
#2268=EDGE_CURVE('',#1753,#1751,#1080,.T.);
#2269=EDGE_CURVE('',#1754,#1752,#291,.T.);
#2270=EDGE_CURVE('',#1754,#1755,#1081,.T.);
#2271=EDGE_CURVE('',#1755,#1753,#292,.T.);
#2272=EDGE_CURVE('',#1756,#1754,#1082,.T.);
#2273=EDGE_CURVE('',#1756,#1757,#1083,.T.);
#2274=EDGE_CURVE('',#1757,#1755,#1084,.T.);
#2275=EDGE_CURVE('',#1758,#1756,#1085,.T.);
#2276=EDGE_CURVE('',#1758,#1759,#1086,.T.);
#2277=EDGE_CURVE('',#1759,#1757,#1087,.T.);
#2278=EDGE_CURVE('',#1737,#1758,#1088,.T.);
#2279=EDGE_CURVE('',#1739,#1759,#1089,.T.);
#2280=EDGE_CURVE('',#1760,#1761,#19,.T.);
#2281=EDGE_CURVE('',#1761,#1762,#1090,.T.);
#2282=EDGE_CURVE('',#1762,#1763,#20,.T.);
#2283=EDGE_CURVE('',#1763,#1760,#1091,.T.);
#2284=EDGE_CURVE('',#1761,#1764,#1092,.T.);
#2285=EDGE_CURVE('',#1764,#1765,#1093,.T.);
#2286=EDGE_CURVE('',#1765,#1766,#21,.T.);
#2287=EDGE_CURVE('',#1766,#1767,#1094,.T.);
#2288=EDGE_CURVE('',#1767,#1768,#22,.T.);
#2289=EDGE_CURVE('',#1768,#1769,#1095,.T.);
#2290=EDGE_CURVE('',#1769,#1770,#1096,.T.);
#2291=EDGE_CURVE('',#1771,#1770,#1097,.T.);
#2292=EDGE_CURVE('',#1762,#1771,#1098,.T.);
#2293=EDGE_CURVE('',#1760,#1772,#1099,.T.);
#2294=EDGE_CURVE('',#1773,#1772,#23,.T.);
#2295=EDGE_CURVE('',#1773,#1774,#1100,.T.);
#2296=EDGE_CURVE('',#1775,#1774,#24,.T.);
#2297=EDGE_CURVE('',#1776,#1775,#1101,.T.);
#2298=EDGE_CURVE('',#1770,#1776,#25,.T.);
#2299=EDGE_CURVE('',#1769,#1777,#1102,.T.);
#2300=EDGE_CURVE('',#1777,#1778,#1103,.T.);
#2301=EDGE_CURVE('',#1778,#1779,#1104,.T.);
#2302=EDGE_CURVE('',#1779,#1780,#1105,.T.);
#2303=EDGE_CURVE('',#1780,#1781,#1106,.T.);
#2304=EDGE_CURVE('',#1781,#1782,#1107,.T.);
#2305=EDGE_CURVE('',#1782,#1764,#1108,.T.);
#2306=EDGE_CURVE('',#1783,#1783,#26,.T.);
#2307=EDGE_CURVE('',#1784,#1784,#27,.T.);
#2308=EDGE_CURVE('',#1785,#1785,#28,.T.);
#2309=EDGE_CURVE('',#1786,#1786,#29,.T.);
#2310=EDGE_CURVE('',#1776,#1787,#1109,.T.);
#2311=EDGE_CURVE('',#1787,#1771,#30,.T.);
#2312=EDGE_CURVE('',#1788,#1775,#1110,.T.);
#2313=EDGE_CURVE('',#1788,#1787,#1111,.T.);
#2314=EDGE_CURVE('',#1789,#1790,#31,.T.);
#2315=EDGE_CURVE('',#1790,#1773,#1112,.T.);
#2316=EDGE_CURVE('',#1772,#1789,#1113,.T.);
#2317=EDGE_CURVE('',#1790,#1791,#1114,.T.);
#2318=EDGE_CURVE('',#1774,#1791,#1115,.T.);
#2319=EDGE_CURVE('',#1791,#1788,#32,.T.);
#2320=EDGE_CURVE('',#1792,#1782,#1116,.T.);
#2321=EDGE_CURVE('',#1765,#1792,#1117,.T.);
#2322=EDGE_CURVE('',#1768,#1793,#1118,.T.);
#2323=EDGE_CURVE('',#1777,#1793,#1119,.T.);
#2324=EDGE_CURVE('',#1767,#1794,#1120,.T.);
#2325=EDGE_CURVE('',#1793,#1794,#33,.T.);
#2326=EDGE_CURVE('',#1766,#1795,#1121,.T.);
#2327=EDGE_CURVE('',#1794,#1795,#1122,.T.);
#2328=EDGE_CURVE('',#1795,#1792,#34,.T.);
#2329=EDGE_CURVE('',#1786,#1796,#1123,.T.);
#2330=EDGE_CURVE('',#1796,#1796,#35,.T.);
#2331=EDGE_CURVE('',#1797,#1797,#36,.T.);
#2332=EDGE_CURVE('',#1785,#1798,#1124,.T.);
#2333=EDGE_CURVE('',#1798,#1798,#37,.T.);
#2334=EDGE_CURVE('',#1799,#1799,#38,.T.);
#2335=EDGE_CURVE('',#1784,#1800,#1125,.T.);
#2336=EDGE_CURVE('',#1800,#1800,#39,.T.);
#2337=EDGE_CURVE('',#1801,#1801,#40,.T.);
#2338=EDGE_CURVE('',#1783,#1802,#1126,.T.);
#2339=EDGE_CURVE('',#1802,#1802,#41,.T.);
#2340=EDGE_CURVE('',#1803,#1803,#42,.T.);
#2341=EDGE_CURVE('',#1801,#1804,#1127,.T.);
#2342=EDGE_CURVE('',#1804,#1804,#43,.T.);
#2343=EDGE_CURVE('',#1797,#1805,#1128,.T.);
#2344=EDGE_CURVE('',#1805,#1805,#44,.T.);
#2345=EDGE_CURVE('',#1799,#1806,#1129,.T.);
#2346=EDGE_CURVE('',#1806,#1806,#45,.T.);
#2347=EDGE_CURVE('',#1803,#1807,#1130,.T.);
#2348=EDGE_CURVE('',#1807,#1807,#46,.T.);
#2349=EDGE_CURVE('',#1789,#1763,#1131,.T.);
#2350=EDGE_CURVE('',#1808,#1780,#1132,.T.);
#2351=EDGE_CURVE('',#1809,#1808,#1133,.T.);
#2352=EDGE_CURVE('',#1809,#1781,#1134,.T.);
#2353=EDGE_CURVE('',#1810,#1779,#1135,.T.);
#2354=EDGE_CURVE('',#1808,#1810,#1136,.T.);
#2355=EDGE_CURVE('',#1811,#1778,#1137,.T.);
#2356=EDGE_CURVE('',#1810,#1811,#1138,.T.);
#2357=EDGE_CURVE('',#1811,#1809,#1139,.T.);
#2358=ORIENTED_EDGE('',*,*,#1812,.F.);
#2359=ORIENTED_EDGE('',*,*,#1813,.T.);
#2360=ORIENTED_EDGE('',*,*,#1814,.T.);
#2361=ORIENTED_EDGE('',*,*,#1815,.F.);
#2362=ORIENTED_EDGE('',*,*,#1816,.F.);
#2363=ORIENTED_EDGE('',*,*,#1817,.T.);
#2364=ORIENTED_EDGE('',*,*,#1818,.T.);
#2365=ORIENTED_EDGE('',*,*,#1813,.F.);
#2366=ORIENTED_EDGE('',*,*,#1819,.F.);
#2367=ORIENTED_EDGE('',*,*,#1820,.T.);
#2368=ORIENTED_EDGE('',*,*,#1821,.T.);
#2369=ORIENTED_EDGE('',*,*,#1817,.F.);
#2370=ORIENTED_EDGE('',*,*,#1822,.F.);
#2371=ORIENTED_EDGE('',*,*,#1823,.T.);
#2372=ORIENTED_EDGE('',*,*,#1824,.T.);
#2373=ORIENTED_EDGE('',*,*,#1820,.F.);
#2374=ORIENTED_EDGE('',*,*,#1825,.F.);
#2375=ORIENTED_EDGE('',*,*,#1826,.T.);
#2376=ORIENTED_EDGE('',*,*,#1827,.T.);
#2377=ORIENTED_EDGE('',*,*,#1823,.F.);
#2378=ORIENTED_EDGE('',*,*,#1828,.F.);
#2379=ORIENTED_EDGE('',*,*,#1829,.T.);
#2380=ORIENTED_EDGE('',*,*,#1830,.T.);
#2381=ORIENTED_EDGE('',*,*,#1826,.F.);
#2382=ORIENTED_EDGE('',*,*,#1831,.F.);
#2383=ORIENTED_EDGE('',*,*,#1832,.T.);
#2384=ORIENTED_EDGE('',*,*,#1833,.T.);
#2385=ORIENTED_EDGE('',*,*,#1829,.F.);
#2386=ORIENTED_EDGE('',*,*,#1834,.F.);
#2387=ORIENTED_EDGE('',*,*,#1835,.T.);
#2388=ORIENTED_EDGE('',*,*,#1836,.T.);
#2389=ORIENTED_EDGE('',*,*,#1832,.F.);
#2390=ORIENTED_EDGE('',*,*,#1837,.F.);
#2391=ORIENTED_EDGE('',*,*,#1815,.T.);
#2392=ORIENTED_EDGE('',*,*,#1838,.T.);
#2393=ORIENTED_EDGE('',*,*,#1835,.F.);
#2394=ORIENTED_EDGE('',*,*,#1839,.F.);
#2395=ORIENTED_EDGE('',*,*,#1840,.T.);
#2396=ORIENTED_EDGE('',*,*,#1841,.T.);
#2397=ORIENTED_EDGE('',*,*,#1842,.F.);
#2398=ORIENTED_EDGE('',*,*,#1843,.F.);
#2399=ORIENTED_EDGE('',*,*,#1844,.T.);
#2400=ORIENTED_EDGE('',*,*,#1845,.T.);
#2401=ORIENTED_EDGE('',*,*,#1840,.F.);
#2402=ORIENTED_EDGE('',*,*,#1846,.F.);
#2403=ORIENTED_EDGE('',*,*,#1847,.T.);
#2404=ORIENTED_EDGE('',*,*,#1848,.T.);
#2405=ORIENTED_EDGE('',*,*,#1844,.F.);
#2406=ORIENTED_EDGE('',*,*,#1849,.F.);
#2407=ORIENTED_EDGE('',*,*,#1850,.T.);
#2408=ORIENTED_EDGE('',*,*,#1851,.T.);
#2409=ORIENTED_EDGE('',*,*,#1847,.F.);
#2410=ORIENTED_EDGE('',*,*,#1852,.F.);
#2411=ORIENTED_EDGE('',*,*,#1853,.T.);
#2412=ORIENTED_EDGE('',*,*,#1854,.T.);
#2413=ORIENTED_EDGE('',*,*,#1850,.F.);
#2414=ORIENTED_EDGE('',*,*,#1855,.F.);
#2415=ORIENTED_EDGE('',*,*,#1856,.T.);
#2416=ORIENTED_EDGE('',*,*,#1857,.T.);
#2417=ORIENTED_EDGE('',*,*,#1853,.F.);
#2418=ORIENTED_EDGE('',*,*,#1858,.F.);
#2419=ORIENTED_EDGE('',*,*,#1859,.T.);
#2420=ORIENTED_EDGE('',*,*,#1860,.T.);
#2421=ORIENTED_EDGE('',*,*,#1856,.F.);
#2422=ORIENTED_EDGE('',*,*,#1861,.F.);
#2423=ORIENTED_EDGE('',*,*,#1862,.T.);
#2424=ORIENTED_EDGE('',*,*,#1863,.T.);
#2425=ORIENTED_EDGE('',*,*,#1859,.F.);
#2426=ORIENTED_EDGE('',*,*,#1864,.F.);
#2427=ORIENTED_EDGE('',*,*,#1865,.T.);
#2428=ORIENTED_EDGE('',*,*,#1866,.T.);
#2429=ORIENTED_EDGE('',*,*,#1862,.F.);
#2430=ORIENTED_EDGE('',*,*,#1867,.F.);
#2431=ORIENTED_EDGE('',*,*,#1842,.T.);
#2432=ORIENTED_EDGE('',*,*,#1868,.T.);
#2433=ORIENTED_EDGE('',*,*,#1865,.F.);
#2434=ORIENTED_EDGE('',*,*,#1869,.F.);
#2435=ORIENTED_EDGE('',*,*,#1870,.T.);
#2436=ORIENTED_EDGE('',*,*,#1871,.T.);
#2437=ORIENTED_EDGE('',*,*,#1872,.F.);
#2438=ORIENTED_EDGE('',*,*,#1873,.F.);
#2439=ORIENTED_EDGE('',*,*,#1874,.T.);
#2440=ORIENTED_EDGE('',*,*,#1875,.T.);
#2441=ORIENTED_EDGE('',*,*,#1870,.F.);
#2442=ORIENTED_EDGE('',*,*,#1876,.F.);
#2443=ORIENTED_EDGE('',*,*,#1877,.T.);
#2444=ORIENTED_EDGE('',*,*,#1878,.T.);
#2445=ORIENTED_EDGE('',*,*,#1874,.F.);
#2446=ORIENTED_EDGE('',*,*,#1879,.F.);
#2447=ORIENTED_EDGE('',*,*,#1880,.T.);
#2448=ORIENTED_EDGE('',*,*,#1881,.T.);
#2449=ORIENTED_EDGE('',*,*,#1877,.F.);
#2450=ORIENTED_EDGE('',*,*,#1882,.F.);
#2451=ORIENTED_EDGE('',*,*,#1883,.T.);
#2452=ORIENTED_EDGE('',*,*,#1884,.T.);
#2453=ORIENTED_EDGE('',*,*,#1880,.F.);
#2454=ORIENTED_EDGE('',*,*,#1885,.F.);
#2455=ORIENTED_EDGE('',*,*,#1886,.T.);
#2456=ORIENTED_EDGE('',*,*,#1887,.T.);
#2457=ORIENTED_EDGE('',*,*,#1883,.F.);
#2458=ORIENTED_EDGE('',*,*,#1888,.F.);
#2459=ORIENTED_EDGE('',*,*,#1889,.T.);
#2460=ORIENTED_EDGE('',*,*,#1890,.T.);
#2461=ORIENTED_EDGE('',*,*,#1886,.F.);
#2462=ORIENTED_EDGE('',*,*,#1891,.F.);
#2463=ORIENTED_EDGE('',*,*,#1892,.T.);
#2464=ORIENTED_EDGE('',*,*,#1893,.T.);
#2465=ORIENTED_EDGE('',*,*,#1889,.F.);
#2466=ORIENTED_EDGE('',*,*,#1894,.F.);
#2467=ORIENTED_EDGE('',*,*,#1895,.T.);
#2468=ORIENTED_EDGE('',*,*,#1896,.T.);
#2469=ORIENTED_EDGE('',*,*,#1892,.F.);
#2470=ORIENTED_EDGE('',*,*,#1897,.F.);
#2471=ORIENTED_EDGE('',*,*,#1898,.T.);
#2472=ORIENTED_EDGE('',*,*,#1899,.T.);
#2473=ORIENTED_EDGE('',*,*,#1895,.F.);
#2474=ORIENTED_EDGE('',*,*,#1900,.F.);
#2475=ORIENTED_EDGE('',*,*,#1901,.T.);
#2476=ORIENTED_EDGE('',*,*,#1902,.T.);
#2477=ORIENTED_EDGE('',*,*,#1898,.F.);
#2478=ORIENTED_EDGE('',*,*,#1903,.F.);
#2479=ORIENTED_EDGE('',*,*,#1904,.T.);
#2480=ORIENTED_EDGE('',*,*,#1905,.T.);
#2481=ORIENTED_EDGE('',*,*,#1901,.F.);
#2482=ORIENTED_EDGE('',*,*,#1906,.F.);
#2483=ORIENTED_EDGE('',*,*,#1907,.T.);
#2484=ORIENTED_EDGE('',*,*,#1908,.T.);
#2485=ORIENTED_EDGE('',*,*,#1904,.F.);
#2486=ORIENTED_EDGE('',*,*,#1909,.F.);
#2487=ORIENTED_EDGE('',*,*,#1872,.T.);
#2488=ORIENTED_EDGE('',*,*,#1910,.T.);
#2489=ORIENTED_EDGE('',*,*,#1907,.F.);
#2490=ORIENTED_EDGE('',*,*,#1910,.F.);
#2491=ORIENTED_EDGE('',*,*,#1871,.F.);
#2492=ORIENTED_EDGE('',*,*,#1875,.F.);
#2493=ORIENTED_EDGE('',*,*,#1878,.F.);
#2494=ORIENTED_EDGE('',*,*,#1881,.F.);
#2495=ORIENTED_EDGE('',*,*,#1884,.F.);
#2496=ORIENTED_EDGE('',*,*,#1887,.F.);
#2497=ORIENTED_EDGE('',*,*,#1890,.F.);
#2498=ORIENTED_EDGE('',*,*,#1893,.F.);
#2499=ORIENTED_EDGE('',*,*,#1896,.F.);
#2500=ORIENTED_EDGE('',*,*,#1899,.F.);
#2501=ORIENTED_EDGE('',*,*,#1902,.F.);
#2502=ORIENTED_EDGE('',*,*,#1905,.F.);
#2503=ORIENTED_EDGE('',*,*,#1908,.F.);
#2504=ORIENTED_EDGE('',*,*,#1868,.F.);
#2505=ORIENTED_EDGE('',*,*,#1841,.F.);
#2506=ORIENTED_EDGE('',*,*,#1845,.F.);
#2507=ORIENTED_EDGE('',*,*,#1848,.F.);
#2508=ORIENTED_EDGE('',*,*,#1851,.F.);
#2509=ORIENTED_EDGE('',*,*,#1854,.F.);
#2510=ORIENTED_EDGE('',*,*,#1857,.F.);
#2511=ORIENTED_EDGE('',*,*,#1860,.F.);
#2512=ORIENTED_EDGE('',*,*,#1863,.F.);
#2513=ORIENTED_EDGE('',*,*,#1866,.F.);
#2514=ORIENTED_EDGE('',*,*,#1838,.F.);
#2515=ORIENTED_EDGE('',*,*,#1814,.F.);
#2516=ORIENTED_EDGE('',*,*,#1818,.F.);
#2517=ORIENTED_EDGE('',*,*,#1821,.F.);
#2518=ORIENTED_EDGE('',*,*,#1824,.F.);
#2519=ORIENTED_EDGE('',*,*,#1827,.F.);
#2520=ORIENTED_EDGE('',*,*,#1830,.F.);
#2521=ORIENTED_EDGE('',*,*,#1833,.F.);
#2522=ORIENTED_EDGE('',*,*,#1836,.F.);
#2523=ORIENTED_EDGE('',*,*,#1911,.F.);
#2524=ORIENTED_EDGE('',*,*,#1912,.T.);
#2525=ORIENTED_EDGE('',*,*,#1913,.T.);
#2526=ORIENTED_EDGE('',*,*,#1914,.F.);
#2527=ORIENTED_EDGE('',*,*,#1915,.F.);
#2528=ORIENTED_EDGE('',*,*,#1916,.T.);
#2529=ORIENTED_EDGE('',*,*,#1917,.T.);
#2530=ORIENTED_EDGE('',*,*,#1912,.F.);
#2531=ORIENTED_EDGE('',*,*,#1918,.F.);
#2532=ORIENTED_EDGE('',*,*,#1919,.T.);
#2533=ORIENTED_EDGE('',*,*,#1920,.T.);
#2534=ORIENTED_EDGE('',*,*,#1916,.F.);
#2535=ORIENTED_EDGE('',*,*,#1921,.F.);
#2536=ORIENTED_EDGE('',*,*,#1922,.T.);
#2537=ORIENTED_EDGE('',*,*,#1923,.T.);
#2538=ORIENTED_EDGE('',*,*,#1919,.F.);
#2539=ORIENTED_EDGE('',*,*,#1924,.F.);
#2540=ORIENTED_EDGE('',*,*,#1925,.T.);
#2541=ORIENTED_EDGE('',*,*,#1926,.T.);
#2542=ORIENTED_EDGE('',*,*,#1922,.F.);
#2543=ORIENTED_EDGE('',*,*,#1927,.F.);
#2544=ORIENTED_EDGE('',*,*,#1928,.T.);
#2545=ORIENTED_EDGE('',*,*,#1929,.T.);
#2546=ORIENTED_EDGE('',*,*,#1925,.F.);
#2547=ORIENTED_EDGE('',*,*,#1930,.F.);
#2548=ORIENTED_EDGE('',*,*,#1931,.T.);
#2549=ORIENTED_EDGE('',*,*,#1932,.T.);
#2550=ORIENTED_EDGE('',*,*,#1928,.F.);
#2551=ORIENTED_EDGE('',*,*,#1933,.F.);
#2552=ORIENTED_EDGE('',*,*,#1934,.T.);
#2553=ORIENTED_EDGE('',*,*,#1935,.T.);
#2554=ORIENTED_EDGE('',*,*,#1931,.F.);
#2555=ORIENTED_EDGE('',*,*,#1936,.F.);
#2556=ORIENTED_EDGE('',*,*,#1937,.T.);
#2557=ORIENTED_EDGE('',*,*,#1938,.T.);
#2558=ORIENTED_EDGE('',*,*,#1934,.F.);
#2559=ORIENTED_EDGE('',*,*,#1939,.F.);
#2560=ORIENTED_EDGE('',*,*,#1914,.T.);
#2561=ORIENTED_EDGE('',*,*,#1940,.T.);
#2562=ORIENTED_EDGE('',*,*,#1937,.F.);
#2563=ORIENTED_EDGE('',*,*,#1941,.F.);
#2564=ORIENTED_EDGE('',*,*,#1942,.T.);
#2565=ORIENTED_EDGE('',*,*,#1943,.T.);
#2566=ORIENTED_EDGE('',*,*,#1944,.F.);
#2567=ORIENTED_EDGE('',*,*,#1945,.F.);
#2568=ORIENTED_EDGE('',*,*,#1946,.T.);
#2569=ORIENTED_EDGE('',*,*,#1947,.T.);
#2570=ORIENTED_EDGE('',*,*,#1942,.F.);
#2571=ORIENTED_EDGE('',*,*,#1948,.F.);
#2572=ORIENTED_EDGE('',*,*,#1949,.T.);
#2573=ORIENTED_EDGE('',*,*,#1950,.T.);
#2574=ORIENTED_EDGE('',*,*,#1946,.F.);
#2575=ORIENTED_EDGE('',*,*,#1951,.F.);
#2576=ORIENTED_EDGE('',*,*,#1952,.T.);
#2577=ORIENTED_EDGE('',*,*,#1953,.T.);
#2578=ORIENTED_EDGE('',*,*,#1949,.F.);
#2579=ORIENTED_EDGE('',*,*,#1954,.F.);
#2580=ORIENTED_EDGE('',*,*,#1955,.T.);
#2581=ORIENTED_EDGE('',*,*,#1956,.T.);
#2582=ORIENTED_EDGE('',*,*,#1952,.F.);
#2583=ORIENTED_EDGE('',*,*,#1957,.F.);
#2584=ORIENTED_EDGE('',*,*,#1958,.T.);
#2585=ORIENTED_EDGE('',*,*,#1959,.T.);
#2586=ORIENTED_EDGE('',*,*,#1955,.F.);
#2587=ORIENTED_EDGE('',*,*,#1960,.F.);
#2588=ORIENTED_EDGE('',*,*,#1961,.T.);
#2589=ORIENTED_EDGE('',*,*,#1962,.T.);
#2590=ORIENTED_EDGE('',*,*,#1958,.F.);
#2591=ORIENTED_EDGE('',*,*,#1963,.F.);
#2592=ORIENTED_EDGE('',*,*,#1964,.T.);
#2593=ORIENTED_EDGE('',*,*,#1965,.T.);
#2594=ORIENTED_EDGE('',*,*,#1961,.F.);
#2595=ORIENTED_EDGE('',*,*,#1966,.F.);
#2596=ORIENTED_EDGE('',*,*,#1967,.T.);
#2597=ORIENTED_EDGE('',*,*,#1968,.T.);
#2598=ORIENTED_EDGE('',*,*,#1964,.F.);
#2599=ORIENTED_EDGE('',*,*,#1969,.F.);
#2600=ORIENTED_EDGE('',*,*,#1970,.T.);
#2601=ORIENTED_EDGE('',*,*,#1971,.T.);
#2602=ORIENTED_EDGE('',*,*,#1967,.F.);
#2603=ORIENTED_EDGE('',*,*,#1972,.F.);
#2604=ORIENTED_EDGE('',*,*,#1973,.T.);
#2605=ORIENTED_EDGE('',*,*,#1974,.T.);
#2606=ORIENTED_EDGE('',*,*,#1970,.F.);
#2607=ORIENTED_EDGE('',*,*,#1975,.F.);
#2608=ORIENTED_EDGE('',*,*,#1976,.T.);
#2609=ORIENTED_EDGE('',*,*,#1977,.T.);
#2610=ORIENTED_EDGE('',*,*,#1973,.F.);
#2611=ORIENTED_EDGE('',*,*,#1978,.F.);
#2612=ORIENTED_EDGE('',*,*,#1979,.T.);
#2613=ORIENTED_EDGE('',*,*,#1980,.T.);
#2614=ORIENTED_EDGE('',*,*,#1976,.F.);
#2615=ORIENTED_EDGE('',*,*,#1981,.F.);
#2616=ORIENTED_EDGE('',*,*,#1982,.T.);
#2617=ORIENTED_EDGE('',*,*,#1983,.T.);
#2618=ORIENTED_EDGE('',*,*,#1979,.F.);
#2619=ORIENTED_EDGE('',*,*,#1984,.F.);
#2620=ORIENTED_EDGE('',*,*,#1985,.T.);
#2621=ORIENTED_EDGE('',*,*,#1986,.T.);
#2622=ORIENTED_EDGE('',*,*,#1982,.F.);
#2623=ORIENTED_EDGE('',*,*,#1987,.F.);
#2624=ORIENTED_EDGE('',*,*,#1988,.T.);
#2625=ORIENTED_EDGE('',*,*,#1989,.T.);
#2626=ORIENTED_EDGE('',*,*,#1985,.F.);
#2627=ORIENTED_EDGE('',*,*,#1990,.F.);
#2628=ORIENTED_EDGE('',*,*,#1991,.T.);
#2629=ORIENTED_EDGE('',*,*,#1992,.T.);
#2630=ORIENTED_EDGE('',*,*,#1988,.F.);
#2631=ORIENTED_EDGE('',*,*,#1993,.F.);
#2632=ORIENTED_EDGE('',*,*,#1994,.T.);
#2633=ORIENTED_EDGE('',*,*,#1995,.T.);
#2634=ORIENTED_EDGE('',*,*,#1991,.F.);
#2635=ORIENTED_EDGE('',*,*,#1996,.F.);
#2636=ORIENTED_EDGE('',*,*,#1997,.T.);
#2637=ORIENTED_EDGE('',*,*,#1998,.T.);
#2638=ORIENTED_EDGE('',*,*,#1994,.F.);
#2639=ORIENTED_EDGE('',*,*,#1999,.F.);
#2640=ORIENTED_EDGE('',*,*,#2000,.T.);
#2641=ORIENTED_EDGE('',*,*,#2001,.T.);
#2642=ORIENTED_EDGE('',*,*,#1997,.F.);
#2643=ORIENTED_EDGE('',*,*,#2002,.F.);
#2644=ORIENTED_EDGE('',*,*,#2003,.T.);
#2645=ORIENTED_EDGE('',*,*,#2004,.T.);
#2646=ORIENTED_EDGE('',*,*,#2000,.F.);
#2647=ORIENTED_EDGE('',*,*,#2005,.F.);
#2648=ORIENTED_EDGE('',*,*,#2006,.T.);
#2649=ORIENTED_EDGE('',*,*,#2007,.T.);
#2650=ORIENTED_EDGE('',*,*,#2003,.F.);
#2651=ORIENTED_EDGE('',*,*,#2008,.F.);
#2652=ORIENTED_EDGE('',*,*,#2009,.T.);
#2653=ORIENTED_EDGE('',*,*,#2010,.T.);
#2654=ORIENTED_EDGE('',*,*,#2006,.F.);
#2655=ORIENTED_EDGE('',*,*,#2011,.F.);
#2656=ORIENTED_EDGE('',*,*,#2012,.T.);
#2657=ORIENTED_EDGE('',*,*,#2013,.T.);
#2658=ORIENTED_EDGE('',*,*,#2009,.F.);
#2659=ORIENTED_EDGE('',*,*,#2014,.F.);
#2660=ORIENTED_EDGE('',*,*,#2015,.T.);
#2661=ORIENTED_EDGE('',*,*,#2016,.T.);
#2662=ORIENTED_EDGE('',*,*,#2012,.F.);
#2663=ORIENTED_EDGE('',*,*,#2017,.F.);
#2664=ORIENTED_EDGE('',*,*,#2018,.T.);
#2665=ORIENTED_EDGE('',*,*,#2019,.T.);
#2666=ORIENTED_EDGE('',*,*,#2015,.F.);
#2667=ORIENTED_EDGE('',*,*,#2020,.F.);
#2668=ORIENTED_EDGE('',*,*,#1944,.T.);
#2669=ORIENTED_EDGE('',*,*,#2021,.T.);
#2670=ORIENTED_EDGE('',*,*,#2018,.F.);
#2671=ORIENTED_EDGE('',*,*,#2021,.F.);
#2672=ORIENTED_EDGE('',*,*,#1943,.F.);
#2673=ORIENTED_EDGE('',*,*,#1947,.F.);
#2674=ORIENTED_EDGE('',*,*,#1950,.F.);
#2675=ORIENTED_EDGE('',*,*,#1953,.F.);
#2676=ORIENTED_EDGE('',*,*,#1956,.F.);
#2677=ORIENTED_EDGE('',*,*,#1959,.F.);
#2678=ORIENTED_EDGE('',*,*,#1962,.F.);
#2679=ORIENTED_EDGE('',*,*,#1965,.F.);
#2680=ORIENTED_EDGE('',*,*,#1968,.F.);
#2681=ORIENTED_EDGE('',*,*,#1971,.F.);
#2682=ORIENTED_EDGE('',*,*,#1974,.F.);
#2683=ORIENTED_EDGE('',*,*,#1977,.F.);
#2684=ORIENTED_EDGE('',*,*,#1980,.F.);
#2685=ORIENTED_EDGE('',*,*,#1983,.F.);
#2686=ORIENTED_EDGE('',*,*,#1986,.F.);
#2687=ORIENTED_EDGE('',*,*,#1989,.F.);
#2688=ORIENTED_EDGE('',*,*,#1992,.F.);
#2689=ORIENTED_EDGE('',*,*,#1995,.F.);
#2690=ORIENTED_EDGE('',*,*,#1998,.F.);
#2691=ORIENTED_EDGE('',*,*,#2001,.F.);
#2692=ORIENTED_EDGE('',*,*,#2004,.F.);
#2693=ORIENTED_EDGE('',*,*,#2007,.F.);
#2694=ORIENTED_EDGE('',*,*,#2010,.F.);
#2695=ORIENTED_EDGE('',*,*,#2013,.F.);
#2696=ORIENTED_EDGE('',*,*,#2016,.F.);
#2697=ORIENTED_EDGE('',*,*,#2019,.F.);
#2698=ORIENTED_EDGE('',*,*,#1940,.F.);
#2699=ORIENTED_EDGE('',*,*,#1913,.F.);
#2700=ORIENTED_EDGE('',*,*,#1917,.F.);
#2701=ORIENTED_EDGE('',*,*,#1920,.F.);
#2702=ORIENTED_EDGE('',*,*,#1923,.F.);
#2703=ORIENTED_EDGE('',*,*,#1926,.F.);
#2704=ORIENTED_EDGE('',*,*,#1929,.F.);
#2705=ORIENTED_EDGE('',*,*,#1932,.F.);
#2706=ORIENTED_EDGE('',*,*,#1935,.F.);
#2707=ORIENTED_EDGE('',*,*,#1938,.F.);
#2708=ORIENTED_EDGE('',*,*,#2022,.F.);
#2709=ORIENTED_EDGE('',*,*,#2023,.T.);
#2710=ORIENTED_EDGE('',*,*,#2024,.T.);
#2711=ORIENTED_EDGE('',*,*,#2025,.F.);
#2712=ORIENTED_EDGE('',*,*,#2026,.F.);
#2713=ORIENTED_EDGE('',*,*,#2027,.T.);
#2714=ORIENTED_EDGE('',*,*,#2028,.T.);
#2715=ORIENTED_EDGE('',*,*,#2023,.F.);
#2716=ORIENTED_EDGE('',*,*,#2029,.F.);
#2717=ORIENTED_EDGE('',*,*,#2030,.T.);
#2718=ORIENTED_EDGE('',*,*,#2031,.T.);
#2719=ORIENTED_EDGE('',*,*,#2027,.F.);
#2720=ORIENTED_EDGE('',*,*,#2032,.F.);
#2721=ORIENTED_EDGE('',*,*,#2033,.T.);
#2722=ORIENTED_EDGE('',*,*,#2034,.T.);
#2723=ORIENTED_EDGE('',*,*,#2030,.F.);
#2724=ORIENTED_EDGE('',*,*,#2035,.F.);
#2725=ORIENTED_EDGE('',*,*,#2036,.T.);
#2726=ORIENTED_EDGE('',*,*,#2037,.T.);
#2727=ORIENTED_EDGE('',*,*,#2033,.F.);
#2728=ORIENTED_EDGE('',*,*,#2038,.F.);
#2729=ORIENTED_EDGE('',*,*,#2039,.T.);
#2730=ORIENTED_EDGE('',*,*,#2040,.T.);
#2731=ORIENTED_EDGE('',*,*,#2036,.F.);
#2732=ORIENTED_EDGE('',*,*,#2041,.F.);
#2733=ORIENTED_EDGE('',*,*,#2042,.T.);
#2734=ORIENTED_EDGE('',*,*,#2043,.T.);
#2735=ORIENTED_EDGE('',*,*,#2039,.F.);
#2736=ORIENTED_EDGE('',*,*,#2044,.F.);
#2737=ORIENTED_EDGE('',*,*,#2045,.T.);
#2738=ORIENTED_EDGE('',*,*,#2046,.T.);
#2739=ORIENTED_EDGE('',*,*,#2042,.F.);
#2740=ORIENTED_EDGE('',*,*,#2047,.F.);
#2741=ORIENTED_EDGE('',*,*,#2048,.T.);
#2742=ORIENTED_EDGE('',*,*,#2049,.T.);
#2743=ORIENTED_EDGE('',*,*,#2045,.F.);
#2744=ORIENTED_EDGE('',*,*,#2050,.F.);
#2745=ORIENTED_EDGE('',*,*,#2051,.T.);
#2746=ORIENTED_EDGE('',*,*,#2052,.T.);
#2747=ORIENTED_EDGE('',*,*,#2048,.F.);
#2748=ORIENTED_EDGE('',*,*,#2053,.F.);
#2749=ORIENTED_EDGE('',*,*,#2054,.T.);
#2750=ORIENTED_EDGE('',*,*,#2055,.T.);
#2751=ORIENTED_EDGE('',*,*,#2051,.F.);
#2752=ORIENTED_EDGE('',*,*,#2056,.F.);
#2753=ORIENTED_EDGE('',*,*,#2057,.T.);
#2754=ORIENTED_EDGE('',*,*,#2058,.T.);
#2755=ORIENTED_EDGE('',*,*,#2054,.F.);
#2756=ORIENTED_EDGE('',*,*,#2059,.F.);
#2757=ORIENTED_EDGE('',*,*,#2025,.T.);
#2758=ORIENTED_EDGE('',*,*,#2060,.T.);
#2759=ORIENTED_EDGE('',*,*,#2057,.F.);
#2760=ORIENTED_EDGE('',*,*,#2060,.F.);
#2761=ORIENTED_EDGE('',*,*,#2024,.F.);
#2762=ORIENTED_EDGE('',*,*,#2028,.F.);
#2763=ORIENTED_EDGE('',*,*,#2031,.F.);
#2764=ORIENTED_EDGE('',*,*,#2034,.F.);
#2765=ORIENTED_EDGE('',*,*,#2037,.F.);
#2766=ORIENTED_EDGE('',*,*,#2040,.F.);
#2767=ORIENTED_EDGE('',*,*,#2043,.F.);
#2768=ORIENTED_EDGE('',*,*,#2046,.F.);
#2769=ORIENTED_EDGE('',*,*,#2049,.F.);
#2770=ORIENTED_EDGE('',*,*,#2052,.F.);
#2771=ORIENTED_EDGE('',*,*,#2055,.F.);
#2772=ORIENTED_EDGE('',*,*,#2058,.F.);
#2773=ORIENTED_EDGE('',*,*,#2061,.F.);
#2774=ORIENTED_EDGE('',*,*,#2062,.T.);
#2775=ORIENTED_EDGE('',*,*,#2063,.T.);
#2776=ORIENTED_EDGE('',*,*,#2064,.F.);
#2777=ORIENTED_EDGE('',*,*,#2065,.F.);
#2778=ORIENTED_EDGE('',*,*,#2066,.T.);
#2779=ORIENTED_EDGE('',*,*,#2067,.T.);
#2780=ORIENTED_EDGE('',*,*,#2062,.F.);
#2781=ORIENTED_EDGE('',*,*,#2068,.F.);
#2782=ORIENTED_EDGE('',*,*,#2069,.T.);
#2783=ORIENTED_EDGE('',*,*,#2070,.T.);
#2784=ORIENTED_EDGE('',*,*,#2066,.F.);
#2785=ORIENTED_EDGE('',*,*,#2071,.F.);
#2786=ORIENTED_EDGE('',*,*,#2064,.T.);
#2787=ORIENTED_EDGE('',*,*,#2072,.T.);
#2788=ORIENTED_EDGE('',*,*,#2069,.F.);
#2789=ORIENTED_EDGE('',*,*,#2072,.F.);
#2790=ORIENTED_EDGE('',*,*,#2063,.F.);
#2791=ORIENTED_EDGE('',*,*,#2067,.F.);
#2792=ORIENTED_EDGE('',*,*,#2070,.F.);
#2793=ORIENTED_EDGE('',*,*,#2073,.F.);
#2794=ORIENTED_EDGE('',*,*,#2074,.T.);
#2795=ORIENTED_EDGE('',*,*,#2075,.T.);
#2796=ORIENTED_EDGE('',*,*,#2076,.F.);
#2797=ORIENTED_EDGE('',*,*,#2077,.F.);
#2798=ORIENTED_EDGE('',*,*,#2078,.T.);
#2799=ORIENTED_EDGE('',*,*,#2079,.T.);
#2800=ORIENTED_EDGE('',*,*,#2074,.F.);
#2801=ORIENTED_EDGE('',*,*,#2080,.F.);
#2802=ORIENTED_EDGE('',*,*,#2081,.T.);
#2803=ORIENTED_EDGE('',*,*,#2082,.T.);
#2804=ORIENTED_EDGE('',*,*,#2078,.F.);
#2805=ORIENTED_EDGE('',*,*,#2083,.F.);
#2806=ORIENTED_EDGE('',*,*,#2084,.T.);
#2807=ORIENTED_EDGE('',*,*,#2085,.T.);
#2808=ORIENTED_EDGE('',*,*,#2081,.F.);
#2809=ORIENTED_EDGE('',*,*,#2086,.F.);
#2810=ORIENTED_EDGE('',*,*,#2087,.T.);
#2811=ORIENTED_EDGE('',*,*,#2088,.T.);
#2812=ORIENTED_EDGE('',*,*,#2084,.F.);
#2813=ORIENTED_EDGE('',*,*,#2089,.F.);
#2814=ORIENTED_EDGE('',*,*,#2090,.T.);
#2815=ORIENTED_EDGE('',*,*,#2091,.T.);
#2816=ORIENTED_EDGE('',*,*,#2087,.F.);
#2817=ORIENTED_EDGE('',*,*,#2092,.F.);
#2818=ORIENTED_EDGE('',*,*,#2093,.T.);
#2819=ORIENTED_EDGE('',*,*,#2094,.T.);
#2820=ORIENTED_EDGE('',*,*,#2090,.F.);
#2821=ORIENTED_EDGE('',*,*,#2095,.F.);
#2822=ORIENTED_EDGE('',*,*,#2096,.T.);
#2823=ORIENTED_EDGE('',*,*,#2097,.T.);
#2824=ORIENTED_EDGE('',*,*,#2093,.F.);
#2825=ORIENTED_EDGE('',*,*,#2098,.F.);
#2826=ORIENTED_EDGE('',*,*,#2076,.T.);
#2827=ORIENTED_EDGE('',*,*,#2099,.T.);
#2828=ORIENTED_EDGE('',*,*,#2096,.F.);
#2829=ORIENTED_EDGE('',*,*,#2099,.F.);
#2830=ORIENTED_EDGE('',*,*,#2075,.F.);
#2831=ORIENTED_EDGE('',*,*,#2079,.F.);
#2832=ORIENTED_EDGE('',*,*,#2082,.F.);
#2833=ORIENTED_EDGE('',*,*,#2085,.F.);
#2834=ORIENTED_EDGE('',*,*,#2088,.F.);
#2835=ORIENTED_EDGE('',*,*,#2091,.F.);
#2836=ORIENTED_EDGE('',*,*,#2094,.F.);
#2837=ORIENTED_EDGE('',*,*,#2097,.F.);
#2838=ORIENTED_EDGE('',*,*,#2100,.F.);
#2839=ORIENTED_EDGE('',*,*,#2101,.T.);
#2840=ORIENTED_EDGE('',*,*,#2102,.T.);
#2841=ORIENTED_EDGE('',*,*,#2103,.F.);
#2842=ORIENTED_EDGE('',*,*,#2104,.F.);
#2843=ORIENTED_EDGE('',*,*,#2105,.T.);
#2844=ORIENTED_EDGE('',*,*,#2106,.T.);
#2845=ORIENTED_EDGE('',*,*,#2101,.F.);
#2846=ORIENTED_EDGE('',*,*,#2107,.F.);
#2847=ORIENTED_EDGE('',*,*,#2108,.T.);
#2848=ORIENTED_EDGE('',*,*,#2109,.T.);
#2849=ORIENTED_EDGE('',*,*,#2105,.F.);
#2850=ORIENTED_EDGE('',*,*,#2110,.F.);
#2851=ORIENTED_EDGE('',*,*,#2111,.T.);
#2852=ORIENTED_EDGE('',*,*,#2112,.T.);
#2853=ORIENTED_EDGE('',*,*,#2108,.F.);
#2854=ORIENTED_EDGE('',*,*,#2113,.F.);
#2855=ORIENTED_EDGE('',*,*,#2114,.T.);
#2856=ORIENTED_EDGE('',*,*,#2115,.T.);
#2857=ORIENTED_EDGE('',*,*,#2111,.F.);
#2858=ORIENTED_EDGE('',*,*,#2116,.F.);
#2859=ORIENTED_EDGE('',*,*,#2117,.T.);
#2860=ORIENTED_EDGE('',*,*,#2118,.T.);
#2861=ORIENTED_EDGE('',*,*,#2114,.F.);
#2862=ORIENTED_EDGE('',*,*,#2119,.F.);
#2863=ORIENTED_EDGE('',*,*,#2120,.T.);
#2864=ORIENTED_EDGE('',*,*,#2121,.T.);
#2865=ORIENTED_EDGE('',*,*,#2117,.F.);
#2866=ORIENTED_EDGE('',*,*,#2122,.F.);
#2867=ORIENTED_EDGE('',*,*,#2103,.T.);
#2868=ORIENTED_EDGE('',*,*,#2123,.T.);
#2869=ORIENTED_EDGE('',*,*,#2120,.F.);
#2870=ORIENTED_EDGE('',*,*,#2124,.F.);
#2871=ORIENTED_EDGE('',*,*,#2125,.T.);
#2872=ORIENTED_EDGE('',*,*,#2126,.T.);
#2873=ORIENTED_EDGE('',*,*,#2127,.F.);
#2874=ORIENTED_EDGE('',*,*,#2128,.F.);
#2875=ORIENTED_EDGE('',*,*,#2129,.T.);
#2876=ORIENTED_EDGE('',*,*,#2130,.T.);
#2877=ORIENTED_EDGE('',*,*,#2125,.F.);
#2878=ORIENTED_EDGE('',*,*,#2131,.F.);
#2879=ORIENTED_EDGE('',*,*,#2132,.T.);
#2880=ORIENTED_EDGE('',*,*,#2133,.T.);
#2881=ORIENTED_EDGE('',*,*,#2129,.F.);
#2882=ORIENTED_EDGE('',*,*,#2134,.F.);
#2883=ORIENTED_EDGE('',*,*,#2135,.T.);
#2884=ORIENTED_EDGE('',*,*,#2136,.T.);
#2885=ORIENTED_EDGE('',*,*,#2132,.F.);
#2886=ORIENTED_EDGE('',*,*,#2137,.F.);
#2887=ORIENTED_EDGE('',*,*,#2138,.T.);
#2888=ORIENTED_EDGE('',*,*,#2139,.T.);
#2889=ORIENTED_EDGE('',*,*,#2135,.F.);
#2890=ORIENTED_EDGE('',*,*,#2140,.F.);
#2891=ORIENTED_EDGE('',*,*,#2141,.T.);
#2892=ORIENTED_EDGE('',*,*,#2142,.T.);
#2893=ORIENTED_EDGE('',*,*,#2138,.F.);
#2894=ORIENTED_EDGE('',*,*,#2143,.F.);
#2895=ORIENTED_EDGE('',*,*,#2144,.T.);
#2896=ORIENTED_EDGE('',*,*,#2145,.T.);
#2897=ORIENTED_EDGE('',*,*,#2141,.F.);
#2898=ORIENTED_EDGE('',*,*,#2146,.F.);
#2899=ORIENTED_EDGE('',*,*,#2147,.T.);
#2900=ORIENTED_EDGE('',*,*,#2148,.T.);
#2901=ORIENTED_EDGE('',*,*,#2144,.F.);
#2902=ORIENTED_EDGE('',*,*,#2149,.F.);
#2903=ORIENTED_EDGE('',*,*,#2150,.T.);
#2904=ORIENTED_EDGE('',*,*,#2151,.T.);
#2905=ORIENTED_EDGE('',*,*,#2147,.F.);
#2906=ORIENTED_EDGE('',*,*,#2152,.F.);
#2907=ORIENTED_EDGE('',*,*,#2153,.T.);
#2908=ORIENTED_EDGE('',*,*,#2154,.T.);
#2909=ORIENTED_EDGE('',*,*,#2150,.F.);
#2910=ORIENTED_EDGE('',*,*,#2155,.F.);
#2911=ORIENTED_EDGE('',*,*,#2156,.T.);
#2912=ORIENTED_EDGE('',*,*,#2157,.T.);
#2913=ORIENTED_EDGE('',*,*,#2153,.F.);
#2914=ORIENTED_EDGE('',*,*,#2158,.F.);
#2915=ORIENTED_EDGE('',*,*,#2159,.T.);
#2916=ORIENTED_EDGE('',*,*,#2160,.T.);
#2917=ORIENTED_EDGE('',*,*,#2156,.F.);
#2918=ORIENTED_EDGE('',*,*,#2161,.F.);
#2919=ORIENTED_EDGE('',*,*,#2162,.T.);
#2920=ORIENTED_EDGE('',*,*,#2163,.T.);
#2921=ORIENTED_EDGE('',*,*,#2159,.F.);
#2922=ORIENTED_EDGE('',*,*,#2164,.F.);
#2923=ORIENTED_EDGE('',*,*,#2127,.T.);
#2924=ORIENTED_EDGE('',*,*,#2165,.T.);
#2925=ORIENTED_EDGE('',*,*,#2162,.F.);
#2926=ORIENTED_EDGE('',*,*,#2165,.F.);
#2927=ORIENTED_EDGE('',*,*,#2126,.F.);
#2928=ORIENTED_EDGE('',*,*,#2130,.F.);
#2929=ORIENTED_EDGE('',*,*,#2133,.F.);
#2930=ORIENTED_EDGE('',*,*,#2136,.F.);
#2931=ORIENTED_EDGE('',*,*,#2139,.F.);
#2932=ORIENTED_EDGE('',*,*,#2142,.F.);
#2933=ORIENTED_EDGE('',*,*,#2145,.F.);
#2934=ORIENTED_EDGE('',*,*,#2148,.F.);
#2935=ORIENTED_EDGE('',*,*,#2151,.F.);
#2936=ORIENTED_EDGE('',*,*,#2154,.F.);
#2937=ORIENTED_EDGE('',*,*,#2157,.F.);
#2938=ORIENTED_EDGE('',*,*,#2160,.F.);
#2939=ORIENTED_EDGE('',*,*,#2163,.F.);
#2940=ORIENTED_EDGE('',*,*,#2123,.F.);
#2941=ORIENTED_EDGE('',*,*,#2102,.F.);
#2942=ORIENTED_EDGE('',*,*,#2106,.F.);
#2943=ORIENTED_EDGE('',*,*,#2109,.F.);
#2944=ORIENTED_EDGE('',*,*,#2112,.F.);
#2945=ORIENTED_EDGE('',*,*,#2115,.F.);
#2946=ORIENTED_EDGE('',*,*,#2118,.F.);
#2947=ORIENTED_EDGE('',*,*,#2121,.F.);
#2948=ORIENTED_EDGE('',*,*,#2166,.F.);
#2949=ORIENTED_EDGE('',*,*,#2167,.T.);
#2950=ORIENTED_EDGE('',*,*,#2168,.T.);
#2951=ORIENTED_EDGE('',*,*,#2169,.F.);
#2952=ORIENTED_EDGE('',*,*,#2170,.F.);
#2953=ORIENTED_EDGE('',*,*,#2171,.T.);
#2954=ORIENTED_EDGE('',*,*,#2172,.T.);
#2955=ORIENTED_EDGE('',*,*,#2167,.F.);
#2956=ORIENTED_EDGE('',*,*,#2173,.F.);
#2957=ORIENTED_EDGE('',*,*,#2174,.T.);
#2958=ORIENTED_EDGE('',*,*,#2175,.T.);
#2959=ORIENTED_EDGE('',*,*,#2171,.F.);
#2960=ORIENTED_EDGE('',*,*,#2176,.F.);
#2961=ORIENTED_EDGE('',*,*,#2177,.T.);
#2962=ORIENTED_EDGE('',*,*,#2178,.T.);
#2963=ORIENTED_EDGE('',*,*,#2174,.F.);
#2964=ORIENTED_EDGE('',*,*,#2179,.F.);
#2965=ORIENTED_EDGE('',*,*,#2180,.T.);
#2966=ORIENTED_EDGE('',*,*,#2181,.T.);
#2967=ORIENTED_EDGE('',*,*,#2177,.F.);
#2968=ORIENTED_EDGE('',*,*,#2182,.F.);
#2969=ORIENTED_EDGE('',*,*,#2183,.T.);
#2970=ORIENTED_EDGE('',*,*,#2184,.T.);
#2971=ORIENTED_EDGE('',*,*,#2180,.F.);
#2972=ORIENTED_EDGE('',*,*,#2185,.F.);
#2973=ORIENTED_EDGE('',*,*,#2186,.T.);
#2974=ORIENTED_EDGE('',*,*,#2187,.T.);
#2975=ORIENTED_EDGE('',*,*,#2183,.F.);
#2976=ORIENTED_EDGE('',*,*,#2188,.F.);
#2977=ORIENTED_EDGE('',*,*,#2189,.T.);
#2978=ORIENTED_EDGE('',*,*,#2190,.T.);
#2979=ORIENTED_EDGE('',*,*,#2186,.F.);
#2980=ORIENTED_EDGE('',*,*,#2191,.F.);
#2981=ORIENTED_EDGE('',*,*,#2169,.T.);
#2982=ORIENTED_EDGE('',*,*,#2192,.T.);
#2983=ORIENTED_EDGE('',*,*,#2189,.F.);
#2984=ORIENTED_EDGE('',*,*,#2192,.F.);
#2985=ORIENTED_EDGE('',*,*,#2168,.F.);
#2986=ORIENTED_EDGE('',*,*,#2172,.F.);
#2987=ORIENTED_EDGE('',*,*,#2175,.F.);
#2988=ORIENTED_EDGE('',*,*,#2178,.F.);
#2989=ORIENTED_EDGE('',*,*,#2181,.F.);
#2990=ORIENTED_EDGE('',*,*,#2184,.F.);
#2991=ORIENTED_EDGE('',*,*,#2187,.F.);
#2992=ORIENTED_EDGE('',*,*,#2190,.F.);
#2993=ORIENTED_EDGE('',*,*,#2193,.F.);
#2994=ORIENTED_EDGE('',*,*,#2194,.T.);
#2995=ORIENTED_EDGE('',*,*,#2195,.T.);
#2996=ORIENTED_EDGE('',*,*,#2196,.F.);
#2997=ORIENTED_EDGE('',*,*,#2197,.F.);
#2998=ORIENTED_EDGE('',*,*,#2198,.T.);
#2999=ORIENTED_EDGE('',*,*,#2199,.T.);
#3000=ORIENTED_EDGE('',*,*,#2194,.F.);
#3001=ORIENTED_EDGE('',*,*,#2200,.F.);
#3002=ORIENTED_EDGE('',*,*,#2201,.T.);
#3003=ORIENTED_EDGE('',*,*,#2202,.T.);
#3004=ORIENTED_EDGE('',*,*,#2198,.F.);
#3005=ORIENTED_EDGE('',*,*,#2203,.F.);
#3006=ORIENTED_EDGE('',*,*,#2204,.T.);
#3007=ORIENTED_EDGE('',*,*,#2205,.T.);
#3008=ORIENTED_EDGE('',*,*,#2201,.F.);
#3009=ORIENTED_EDGE('',*,*,#2206,.F.);
#3010=ORIENTED_EDGE('',*,*,#2207,.T.);
#3011=ORIENTED_EDGE('',*,*,#2208,.T.);
#3012=ORIENTED_EDGE('',*,*,#2204,.F.);
#3013=ORIENTED_EDGE('',*,*,#2209,.F.);
#3014=ORIENTED_EDGE('',*,*,#2210,.T.);
#3015=ORIENTED_EDGE('',*,*,#2211,.T.);
#3016=ORIENTED_EDGE('',*,*,#2207,.F.);
#3017=ORIENTED_EDGE('',*,*,#2212,.F.);
#3018=ORIENTED_EDGE('',*,*,#2213,.T.);
#3019=ORIENTED_EDGE('',*,*,#2214,.T.);
#3020=ORIENTED_EDGE('',*,*,#2210,.F.);
#3021=ORIENTED_EDGE('',*,*,#2215,.F.);
#3022=ORIENTED_EDGE('',*,*,#2196,.T.);
#3023=ORIENTED_EDGE('',*,*,#2216,.T.);
#3024=ORIENTED_EDGE('',*,*,#2213,.F.);
#3025=ORIENTED_EDGE('',*,*,#2217,.F.);
#3026=ORIENTED_EDGE('',*,*,#2218,.T.);
#3027=ORIENTED_EDGE('',*,*,#2219,.T.);
#3028=ORIENTED_EDGE('',*,*,#2220,.F.);
#3029=ORIENTED_EDGE('',*,*,#2221,.F.);
#3030=ORIENTED_EDGE('',*,*,#2222,.T.);
#3031=ORIENTED_EDGE('',*,*,#2223,.T.);
#3032=ORIENTED_EDGE('',*,*,#2218,.F.);
#3033=ORIENTED_EDGE('',*,*,#2224,.F.);
#3034=ORIENTED_EDGE('',*,*,#2225,.T.);
#3035=ORIENTED_EDGE('',*,*,#2226,.T.);
#3036=ORIENTED_EDGE('',*,*,#2222,.F.);
#3037=ORIENTED_EDGE('',*,*,#2227,.F.);
#3038=ORIENTED_EDGE('',*,*,#2228,.T.);
#3039=ORIENTED_EDGE('',*,*,#2229,.T.);
#3040=ORIENTED_EDGE('',*,*,#2225,.F.);
#3041=ORIENTED_EDGE('',*,*,#2230,.F.);
#3042=ORIENTED_EDGE('',*,*,#2231,.T.);
#3043=ORIENTED_EDGE('',*,*,#2232,.T.);
#3044=ORIENTED_EDGE('',*,*,#2228,.F.);
#3045=ORIENTED_EDGE('',*,*,#2233,.F.);
#3046=ORIENTED_EDGE('',*,*,#2234,.T.);
#3047=ORIENTED_EDGE('',*,*,#2235,.T.);
#3048=ORIENTED_EDGE('',*,*,#2231,.F.);
#3049=ORIENTED_EDGE('',*,*,#2236,.F.);
#3050=ORIENTED_EDGE('',*,*,#2237,.T.);
#3051=ORIENTED_EDGE('',*,*,#2238,.T.);
#3052=ORIENTED_EDGE('',*,*,#2234,.F.);
#3053=ORIENTED_EDGE('',*,*,#2239,.F.);
#3054=ORIENTED_EDGE('',*,*,#2240,.T.);
#3055=ORIENTED_EDGE('',*,*,#2241,.T.);
#3056=ORIENTED_EDGE('',*,*,#2237,.F.);
#3057=ORIENTED_EDGE('',*,*,#2242,.F.);
#3058=ORIENTED_EDGE('',*,*,#2220,.T.);
#3059=ORIENTED_EDGE('',*,*,#2243,.T.);
#3060=ORIENTED_EDGE('',*,*,#2240,.F.);
#3061=ORIENTED_EDGE('',*,*,#2243,.F.);
#3062=ORIENTED_EDGE('',*,*,#2219,.F.);
#3063=ORIENTED_EDGE('',*,*,#2223,.F.);
#3064=ORIENTED_EDGE('',*,*,#2226,.F.);
#3065=ORIENTED_EDGE('',*,*,#2229,.F.);
#3066=ORIENTED_EDGE('',*,*,#2232,.F.);
#3067=ORIENTED_EDGE('',*,*,#2235,.F.);
#3068=ORIENTED_EDGE('',*,*,#2238,.F.);
#3069=ORIENTED_EDGE('',*,*,#2241,.F.);
#3070=ORIENTED_EDGE('',*,*,#2216,.F.);
#3071=ORIENTED_EDGE('',*,*,#2195,.F.);
#3072=ORIENTED_EDGE('',*,*,#2199,.F.);
#3073=ORIENTED_EDGE('',*,*,#2202,.F.);
#3074=ORIENTED_EDGE('',*,*,#2205,.F.);
#3075=ORIENTED_EDGE('',*,*,#2208,.F.);
#3076=ORIENTED_EDGE('',*,*,#2211,.F.);
#3077=ORIENTED_EDGE('',*,*,#2214,.F.);
#3078=ORIENTED_EDGE('',*,*,#2244,.F.);
#3079=ORIENTED_EDGE('',*,*,#2245,.T.);
#3080=ORIENTED_EDGE('',*,*,#2246,.T.);
#3081=ORIENTED_EDGE('',*,*,#2247,.F.);
#3082=ORIENTED_EDGE('',*,*,#2248,.F.);
#3083=ORIENTED_EDGE('',*,*,#2249,.T.);
#3084=ORIENTED_EDGE('',*,*,#2250,.T.);
#3085=ORIENTED_EDGE('',*,*,#2245,.F.);
#3086=ORIENTED_EDGE('',*,*,#2251,.F.);
#3087=ORIENTED_EDGE('',*,*,#2252,.T.);
#3088=ORIENTED_EDGE('',*,*,#2253,.T.);
#3089=ORIENTED_EDGE('',*,*,#2249,.F.);
#3090=ORIENTED_EDGE('',*,*,#2254,.F.);
#3091=ORIENTED_EDGE('',*,*,#2255,.T.);
#3092=ORIENTED_EDGE('',*,*,#2256,.T.);
#3093=ORIENTED_EDGE('',*,*,#2252,.F.);
#3094=ORIENTED_EDGE('',*,*,#2257,.F.);
#3095=ORIENTED_EDGE('',*,*,#2258,.T.);
#3096=ORIENTED_EDGE('',*,*,#2259,.T.);
#3097=ORIENTED_EDGE('',*,*,#2255,.F.);
#3098=ORIENTED_EDGE('',*,*,#2260,.F.);
#3099=ORIENTED_EDGE('',*,*,#2261,.T.);
#3100=ORIENTED_EDGE('',*,*,#2262,.T.);
#3101=ORIENTED_EDGE('',*,*,#2258,.F.);
#3102=ORIENTED_EDGE('',*,*,#2263,.F.);
#3103=ORIENTED_EDGE('',*,*,#2264,.T.);
#3104=ORIENTED_EDGE('',*,*,#2265,.T.);
#3105=ORIENTED_EDGE('',*,*,#2261,.F.);
#3106=ORIENTED_EDGE('',*,*,#2266,.F.);
#3107=ORIENTED_EDGE('',*,*,#2267,.T.);
#3108=ORIENTED_EDGE('',*,*,#2268,.T.);
#3109=ORIENTED_EDGE('',*,*,#2264,.F.);
#3110=ORIENTED_EDGE('',*,*,#2269,.F.);
#3111=ORIENTED_EDGE('',*,*,#2270,.T.);
#3112=ORIENTED_EDGE('',*,*,#2271,.T.);
#3113=ORIENTED_EDGE('',*,*,#2267,.F.);
#3114=ORIENTED_EDGE('',*,*,#2272,.F.);
#3115=ORIENTED_EDGE('',*,*,#2273,.T.);
#3116=ORIENTED_EDGE('',*,*,#2274,.T.);
#3117=ORIENTED_EDGE('',*,*,#2270,.F.);
#3118=ORIENTED_EDGE('',*,*,#2275,.F.);
#3119=ORIENTED_EDGE('',*,*,#2276,.T.);
#3120=ORIENTED_EDGE('',*,*,#2277,.T.);
#3121=ORIENTED_EDGE('',*,*,#2273,.F.);
#3122=ORIENTED_EDGE('',*,*,#2278,.F.);
#3123=ORIENTED_EDGE('',*,*,#2247,.T.);
#3124=ORIENTED_EDGE('',*,*,#2279,.T.);
#3125=ORIENTED_EDGE('',*,*,#2276,.F.);
#3126=ORIENTED_EDGE('',*,*,#2279,.F.);
#3127=ORIENTED_EDGE('',*,*,#2246,.F.);
#3128=ORIENTED_EDGE('',*,*,#2250,.F.);
#3129=ORIENTED_EDGE('',*,*,#2253,.F.);
#3130=ORIENTED_EDGE('',*,*,#2256,.F.);
#3131=ORIENTED_EDGE('',*,*,#2259,.F.);
#3132=ORIENTED_EDGE('',*,*,#2262,.F.);
#3133=ORIENTED_EDGE('',*,*,#2265,.F.);
#3134=ORIENTED_EDGE('',*,*,#2268,.F.);
#3135=ORIENTED_EDGE('',*,*,#2271,.F.);
#3136=ORIENTED_EDGE('',*,*,#2274,.F.);
#3137=ORIENTED_EDGE('',*,*,#2277,.F.);
#3138=ORIENTED_EDGE('',*,*,#2193,.T.);
#3139=ORIENTED_EDGE('',*,*,#2215,.T.);
#3140=ORIENTED_EDGE('',*,*,#2212,.T.);
#3141=ORIENTED_EDGE('',*,*,#2209,.T.);
#3142=ORIENTED_EDGE('',*,*,#2206,.T.);
#3143=ORIENTED_EDGE('',*,*,#2203,.T.);
#3144=ORIENTED_EDGE('',*,*,#2200,.T.);
#3145=ORIENTED_EDGE('',*,*,#2197,.T.);
#3146=ORIENTED_EDGE('',*,*,#2100,.T.);
#3147=ORIENTED_EDGE('',*,*,#2122,.T.);
#3148=ORIENTED_EDGE('',*,*,#2119,.T.);
#3149=ORIENTED_EDGE('',*,*,#2116,.T.);
#3150=ORIENTED_EDGE('',*,*,#2113,.T.);
#3151=ORIENTED_EDGE('',*,*,#2110,.T.);
#3152=ORIENTED_EDGE('',*,*,#2107,.T.);
#3153=ORIENTED_EDGE('',*,*,#2104,.T.);
#3154=ORIENTED_EDGE('',*,*,#1911,.T.);
#3155=ORIENTED_EDGE('',*,*,#1939,.T.);
#3156=ORIENTED_EDGE('',*,*,#1936,.T.);
#3157=ORIENTED_EDGE('',*,*,#1933,.T.);
#3158=ORIENTED_EDGE('',*,*,#1930,.T.);
#3159=ORIENTED_EDGE('',*,*,#1927,.T.);
#3160=ORIENTED_EDGE('',*,*,#1924,.T.);
#3161=ORIENTED_EDGE('',*,*,#1921,.T.);
#3162=ORIENTED_EDGE('',*,*,#1918,.T.);
#3163=ORIENTED_EDGE('',*,*,#1915,.T.);
#3164=ORIENTED_EDGE('',*,*,#1839,.T.);
#3165=ORIENTED_EDGE('',*,*,#1867,.T.);
#3166=ORIENTED_EDGE('',*,*,#1864,.T.);
#3167=ORIENTED_EDGE('',*,*,#1861,.T.);
#3168=ORIENTED_EDGE('',*,*,#1858,.T.);
#3169=ORIENTED_EDGE('',*,*,#1855,.T.);
#3170=ORIENTED_EDGE('',*,*,#1852,.T.);
#3171=ORIENTED_EDGE('',*,*,#1849,.T.);
#3172=ORIENTED_EDGE('',*,*,#1846,.T.);
#3173=ORIENTED_EDGE('',*,*,#1843,.T.);
#3174=ORIENTED_EDGE('',*,*,#1812,.T.);
#3175=ORIENTED_EDGE('',*,*,#1837,.T.);
#3176=ORIENTED_EDGE('',*,*,#1834,.T.);
#3177=ORIENTED_EDGE('',*,*,#1831,.T.);
#3178=ORIENTED_EDGE('',*,*,#1828,.T.);
#3179=ORIENTED_EDGE('',*,*,#1825,.T.);
#3180=ORIENTED_EDGE('',*,*,#1822,.T.);
#3181=ORIENTED_EDGE('',*,*,#1819,.T.);
#3182=ORIENTED_EDGE('',*,*,#1816,.T.);
#3183=ORIENTED_EDGE('',*,*,#2280,.T.);
#3184=ORIENTED_EDGE('',*,*,#2281,.T.);
#3185=ORIENTED_EDGE('',*,*,#2282,.T.);
#3186=ORIENTED_EDGE('',*,*,#2283,.T.);
#3187=ORIENTED_EDGE('',*,*,#2281,.F.);
#3188=ORIENTED_EDGE('',*,*,#2284,.T.);
#3189=ORIENTED_EDGE('',*,*,#2285,.T.);
#3190=ORIENTED_EDGE('',*,*,#2286,.T.);
#3191=ORIENTED_EDGE('',*,*,#2287,.T.);
#3192=ORIENTED_EDGE('',*,*,#2288,.T.);
#3193=ORIENTED_EDGE('',*,*,#2289,.T.);
#3194=ORIENTED_EDGE('',*,*,#2290,.T.);
#3195=ORIENTED_EDGE('',*,*,#2291,.F.);
#3196=ORIENTED_EDGE('',*,*,#2292,.F.);
#3197=ORIENTED_EDGE('',*,*,#2280,.F.);
#3198=ORIENTED_EDGE('',*,*,#2293,.T.);
#3199=ORIENTED_EDGE('',*,*,#2294,.F.);
#3200=ORIENTED_EDGE('',*,*,#2295,.T.);
#3201=ORIENTED_EDGE('',*,*,#2296,.F.);
#3202=ORIENTED_EDGE('',*,*,#2297,.F.);
#3203=ORIENTED_EDGE('',*,*,#2298,.F.);
#3204=ORIENTED_EDGE('',*,*,#2290,.F.);
#3205=ORIENTED_EDGE('',*,*,#2299,.T.);
#3206=ORIENTED_EDGE('',*,*,#2300,.T.);
#3207=ORIENTED_EDGE('',*,*,#2301,.T.);
#3208=ORIENTED_EDGE('',*,*,#2302,.T.);
#3209=ORIENTED_EDGE('',*,*,#2303,.T.);
#3210=ORIENTED_EDGE('',*,*,#2304,.T.);
#3211=ORIENTED_EDGE('',*,*,#2305,.T.);
#3212=ORIENTED_EDGE('',*,*,#2284,.F.);
#3213=ORIENTED_EDGE('',*,*,#2306,.T.);
#3214=ORIENTED_EDGE('',*,*,#2307,.T.);
#3215=ORIENTED_EDGE('',*,*,#2308,.T.);
#3216=ORIENTED_EDGE('',*,*,#2309,.T.);
#3217=ORIENTED_EDGE('',*,*,#2298,.T.);
#3218=ORIENTED_EDGE('',*,*,#2310,.T.);
#3219=ORIENTED_EDGE('',*,*,#2311,.T.);
#3220=ORIENTED_EDGE('',*,*,#2291,.T.);
#3221=ORIENTED_EDGE('',*,*,#2310,.F.);
#3222=ORIENTED_EDGE('',*,*,#2297,.T.);
#3223=ORIENTED_EDGE('',*,*,#2312,.F.);
#3224=ORIENTED_EDGE('',*,*,#2313,.T.);
#3225=ORIENTED_EDGE('',*,*,#2314,.T.);
#3226=ORIENTED_EDGE('',*,*,#2315,.T.);
#3227=ORIENTED_EDGE('',*,*,#2294,.T.);
#3228=ORIENTED_EDGE('',*,*,#2316,.T.);
#3229=ORIENTED_EDGE('',*,*,#2315,.F.);
#3230=ORIENTED_EDGE('',*,*,#2317,.T.);
#3231=ORIENTED_EDGE('',*,*,#2318,.F.);
#3232=ORIENTED_EDGE('',*,*,#2295,.F.);
#3233=ORIENTED_EDGE('',*,*,#2244,.T.);
#3234=ORIENTED_EDGE('',*,*,#2278,.T.);
#3235=ORIENTED_EDGE('',*,*,#2275,.T.);
#3236=ORIENTED_EDGE('',*,*,#2272,.T.);
#3237=ORIENTED_EDGE('',*,*,#2269,.T.);
#3238=ORIENTED_EDGE('',*,*,#2266,.T.);
#3239=ORIENTED_EDGE('',*,*,#2263,.T.);
#3240=ORIENTED_EDGE('',*,*,#2260,.T.);
#3241=ORIENTED_EDGE('',*,*,#2257,.T.);
#3242=ORIENTED_EDGE('',*,*,#2254,.T.);
#3243=ORIENTED_EDGE('',*,*,#2251,.T.);
#3244=ORIENTED_EDGE('',*,*,#2248,.T.);
#3245=ORIENTED_EDGE('',*,*,#2217,.T.);
#3246=ORIENTED_EDGE('',*,*,#2242,.T.);
#3247=ORIENTED_EDGE('',*,*,#2239,.T.);
#3248=ORIENTED_EDGE('',*,*,#2236,.T.);
#3249=ORIENTED_EDGE('',*,*,#2233,.T.);
#3250=ORIENTED_EDGE('',*,*,#2230,.T.);
#3251=ORIENTED_EDGE('',*,*,#2227,.T.);
#3252=ORIENTED_EDGE('',*,*,#2224,.T.);
#3253=ORIENTED_EDGE('',*,*,#2221,.T.);
#3254=ORIENTED_EDGE('',*,*,#2166,.T.);
#3255=ORIENTED_EDGE('',*,*,#2191,.T.);
#3256=ORIENTED_EDGE('',*,*,#2188,.T.);
#3257=ORIENTED_EDGE('',*,*,#2185,.T.);
#3258=ORIENTED_EDGE('',*,*,#2182,.T.);
#3259=ORIENTED_EDGE('',*,*,#2179,.T.);
#3260=ORIENTED_EDGE('',*,*,#2176,.T.);
#3261=ORIENTED_EDGE('',*,*,#2173,.T.);
#3262=ORIENTED_EDGE('',*,*,#2170,.T.);
#3263=ORIENTED_EDGE('',*,*,#2124,.T.);
#3264=ORIENTED_EDGE('',*,*,#2164,.T.);
#3265=ORIENTED_EDGE('',*,*,#2161,.T.);
#3266=ORIENTED_EDGE('',*,*,#2158,.T.);
#3267=ORIENTED_EDGE('',*,*,#2155,.T.);
#3268=ORIENTED_EDGE('',*,*,#2152,.T.);
#3269=ORIENTED_EDGE('',*,*,#2149,.T.);
#3270=ORIENTED_EDGE('',*,*,#2146,.T.);
#3271=ORIENTED_EDGE('',*,*,#2143,.T.);
#3272=ORIENTED_EDGE('',*,*,#2140,.T.);
#3273=ORIENTED_EDGE('',*,*,#2137,.T.);
#3274=ORIENTED_EDGE('',*,*,#2134,.T.);
#3275=ORIENTED_EDGE('',*,*,#2131,.T.);
#3276=ORIENTED_EDGE('',*,*,#2128,.T.);
#3277=ORIENTED_EDGE('',*,*,#2073,.T.);
#3278=ORIENTED_EDGE('',*,*,#2098,.T.);
#3279=ORIENTED_EDGE('',*,*,#2095,.T.);
#3280=ORIENTED_EDGE('',*,*,#2092,.T.);
#3281=ORIENTED_EDGE('',*,*,#2089,.T.);
#3282=ORIENTED_EDGE('',*,*,#2086,.T.);
#3283=ORIENTED_EDGE('',*,*,#2083,.T.);
#3284=ORIENTED_EDGE('',*,*,#2080,.T.);
#3285=ORIENTED_EDGE('',*,*,#2077,.T.);
#3286=ORIENTED_EDGE('',*,*,#2061,.T.);
#3287=ORIENTED_EDGE('',*,*,#2071,.T.);
#3288=ORIENTED_EDGE('',*,*,#2068,.T.);
#3289=ORIENTED_EDGE('',*,*,#2065,.T.);
#3290=ORIENTED_EDGE('',*,*,#2022,.T.);
#3291=ORIENTED_EDGE('',*,*,#2059,.T.);
#3292=ORIENTED_EDGE('',*,*,#2056,.T.);
#3293=ORIENTED_EDGE('',*,*,#2053,.T.);
#3294=ORIENTED_EDGE('',*,*,#2050,.T.);
#3295=ORIENTED_EDGE('',*,*,#2047,.T.);
#3296=ORIENTED_EDGE('',*,*,#2044,.T.);
#3297=ORIENTED_EDGE('',*,*,#2041,.T.);
#3298=ORIENTED_EDGE('',*,*,#2038,.T.);
#3299=ORIENTED_EDGE('',*,*,#2035,.T.);
#3300=ORIENTED_EDGE('',*,*,#2032,.T.);
#3301=ORIENTED_EDGE('',*,*,#2029,.T.);
#3302=ORIENTED_EDGE('',*,*,#2026,.T.);
#3303=ORIENTED_EDGE('',*,*,#1941,.T.);
#3304=ORIENTED_EDGE('',*,*,#2020,.T.);
#3305=ORIENTED_EDGE('',*,*,#2017,.T.);
#3306=ORIENTED_EDGE('',*,*,#2014,.T.);
#3307=ORIENTED_EDGE('',*,*,#2011,.T.);
#3308=ORIENTED_EDGE('',*,*,#2008,.T.);
#3309=ORIENTED_EDGE('',*,*,#2005,.T.);
#3310=ORIENTED_EDGE('',*,*,#2002,.T.);
#3311=ORIENTED_EDGE('',*,*,#1999,.T.);
#3312=ORIENTED_EDGE('',*,*,#1996,.T.);
#3313=ORIENTED_EDGE('',*,*,#1993,.T.);
#3314=ORIENTED_EDGE('',*,*,#1990,.T.);
#3315=ORIENTED_EDGE('',*,*,#1987,.T.);
#3316=ORIENTED_EDGE('',*,*,#1984,.T.);
#3317=ORIENTED_EDGE('',*,*,#1981,.T.);
#3318=ORIENTED_EDGE('',*,*,#1978,.T.);
#3319=ORIENTED_EDGE('',*,*,#1975,.T.);
#3320=ORIENTED_EDGE('',*,*,#1972,.T.);
#3321=ORIENTED_EDGE('',*,*,#1969,.T.);
#3322=ORIENTED_EDGE('',*,*,#1966,.T.);
#3323=ORIENTED_EDGE('',*,*,#1963,.T.);
#3324=ORIENTED_EDGE('',*,*,#1960,.T.);
#3325=ORIENTED_EDGE('',*,*,#1957,.T.);
#3326=ORIENTED_EDGE('',*,*,#1954,.T.);
#3327=ORIENTED_EDGE('',*,*,#1951,.T.);
#3328=ORIENTED_EDGE('',*,*,#1948,.T.);
#3329=ORIENTED_EDGE('',*,*,#1945,.T.);
#3330=ORIENTED_EDGE('',*,*,#1869,.T.);
#3331=ORIENTED_EDGE('',*,*,#1909,.T.);
#3332=ORIENTED_EDGE('',*,*,#1906,.T.);
#3333=ORIENTED_EDGE('',*,*,#1903,.T.);
#3334=ORIENTED_EDGE('',*,*,#1900,.T.);
#3335=ORIENTED_EDGE('',*,*,#1897,.T.);
#3336=ORIENTED_EDGE('',*,*,#1894,.T.);
#3337=ORIENTED_EDGE('',*,*,#1891,.T.);
#3338=ORIENTED_EDGE('',*,*,#1888,.T.);
#3339=ORIENTED_EDGE('',*,*,#1885,.T.);
#3340=ORIENTED_EDGE('',*,*,#1882,.T.);
#3341=ORIENTED_EDGE('',*,*,#1879,.T.);
#3342=ORIENTED_EDGE('',*,*,#1876,.T.);
#3343=ORIENTED_EDGE('',*,*,#1873,.T.);
#3344=ORIENTED_EDGE('',*,*,#2319,.T.);
#3345=ORIENTED_EDGE('',*,*,#2312,.T.);
#3346=ORIENTED_EDGE('',*,*,#2296,.T.);
#3347=ORIENTED_EDGE('',*,*,#2318,.T.);
#3348=ORIENTED_EDGE('',*,*,#2305,.F.);
#3349=ORIENTED_EDGE('',*,*,#2320,.F.);
#3350=ORIENTED_EDGE('',*,*,#2321,.F.);
#3351=ORIENTED_EDGE('',*,*,#2285,.F.);
#3352=ORIENTED_EDGE('',*,*,#2299,.F.);
#3353=ORIENTED_EDGE('',*,*,#2289,.F.);
#3354=ORIENTED_EDGE('',*,*,#2322,.T.);
#3355=ORIENTED_EDGE('',*,*,#2323,.F.);
#3356=ORIENTED_EDGE('',*,*,#2288,.F.);
#3357=ORIENTED_EDGE('',*,*,#2324,.T.);
#3358=ORIENTED_EDGE('',*,*,#2325,.F.);
#3359=ORIENTED_EDGE('',*,*,#2322,.F.);
#3360=ORIENTED_EDGE('',*,*,#2287,.F.);
#3361=ORIENTED_EDGE('',*,*,#2326,.T.);
#3362=ORIENTED_EDGE('',*,*,#2327,.F.);
#3363=ORIENTED_EDGE('',*,*,#2324,.F.);
#3364=ORIENTED_EDGE('',*,*,#2286,.F.);
#3365=ORIENTED_EDGE('',*,*,#2321,.T.);
#3366=ORIENTED_EDGE('',*,*,#2328,.F.);
#3367=ORIENTED_EDGE('',*,*,#2326,.F.);
#3368=ORIENTED_EDGE('',*,*,#2309,.F.);
#3369=ORIENTED_EDGE('',*,*,#2329,.T.);
#3370=ORIENTED_EDGE('',*,*,#2330,.T.);
#3371=ORIENTED_EDGE('',*,*,#2329,.F.);
#3372=ORIENTED_EDGE('',*,*,#2330,.F.);
#3373=ORIENTED_EDGE('',*,*,#2331,.F.);
#3374=ORIENTED_EDGE('',*,*,#2308,.F.);
#3375=ORIENTED_EDGE('',*,*,#2332,.T.);
#3376=ORIENTED_EDGE('',*,*,#2333,.T.);
#3377=ORIENTED_EDGE('',*,*,#2332,.F.);
#3378=ORIENTED_EDGE('',*,*,#2333,.F.);
#3379=ORIENTED_EDGE('',*,*,#2334,.F.);
#3380=ORIENTED_EDGE('',*,*,#2307,.F.);
#3381=ORIENTED_EDGE('',*,*,#2335,.T.);
#3382=ORIENTED_EDGE('',*,*,#2336,.T.);
#3383=ORIENTED_EDGE('',*,*,#2335,.F.);
#3384=ORIENTED_EDGE('',*,*,#2336,.F.);
#3385=ORIENTED_EDGE('',*,*,#2337,.F.);
#3386=ORIENTED_EDGE('',*,*,#2306,.F.);
#3387=ORIENTED_EDGE('',*,*,#2338,.T.);
#3388=ORIENTED_EDGE('',*,*,#2339,.T.);
#3389=ORIENTED_EDGE('',*,*,#2338,.F.);
#3390=ORIENTED_EDGE('',*,*,#2339,.F.);
#3391=ORIENTED_EDGE('',*,*,#2340,.F.);
#3392=ORIENTED_EDGE('',*,*,#2337,.T.);
#3393=ORIENTED_EDGE('',*,*,#2341,.T.);
#3394=ORIENTED_EDGE('',*,*,#2342,.T.);
#3395=ORIENTED_EDGE('',*,*,#2341,.F.);
#3396=ORIENTED_EDGE('',*,*,#2342,.F.);
#3397=ORIENTED_EDGE('',*,*,#2331,.T.);
#3398=ORIENTED_EDGE('',*,*,#2343,.T.);
#3399=ORIENTED_EDGE('',*,*,#2344,.T.);
#3400=ORIENTED_EDGE('',*,*,#2343,.F.);
#3401=ORIENTED_EDGE('',*,*,#2344,.F.);
#3402=ORIENTED_EDGE('',*,*,#2334,.T.);
#3403=ORIENTED_EDGE('',*,*,#2345,.T.);
#3404=ORIENTED_EDGE('',*,*,#2346,.T.);
#3405=ORIENTED_EDGE('',*,*,#2345,.F.);
#3406=ORIENTED_EDGE('',*,*,#2346,.F.);
#3407=ORIENTED_EDGE('',*,*,#2340,.T.);
#3408=ORIENTED_EDGE('',*,*,#2347,.T.);
#3409=ORIENTED_EDGE('',*,*,#2348,.T.);
#3410=ORIENTED_EDGE('',*,*,#2347,.F.);
#3411=ORIENTED_EDGE('',*,*,#2348,.F.);
#3412=ORIENTED_EDGE('',*,*,#2283,.F.);
#3413=ORIENTED_EDGE('',*,*,#2349,.F.);
#3414=ORIENTED_EDGE('',*,*,#2316,.F.);
#3415=ORIENTED_EDGE('',*,*,#2293,.F.);
#3416=ORIENTED_EDGE('',*,*,#2350,.F.);
#3417=ORIENTED_EDGE('',*,*,#2351,.F.);
#3418=ORIENTED_EDGE('',*,*,#2352,.T.);
#3419=ORIENTED_EDGE('',*,*,#2303,.F.);
#3420=ORIENTED_EDGE('',*,*,#2353,.F.);
#3421=ORIENTED_EDGE('',*,*,#2354,.F.);
#3422=ORIENTED_EDGE('',*,*,#2350,.T.);
#3423=ORIENTED_EDGE('',*,*,#2302,.F.);
#3424=ORIENTED_EDGE('',*,*,#2355,.F.);
#3425=ORIENTED_EDGE('',*,*,#2356,.F.);
#3426=ORIENTED_EDGE('',*,*,#2353,.T.);
#3427=ORIENTED_EDGE('',*,*,#2301,.F.);
#3428=ORIENTED_EDGE('',*,*,#2320,.T.);
#3429=ORIENTED_EDGE('',*,*,#2304,.F.);
#3430=ORIENTED_EDGE('',*,*,#2352,.F.);
#3431=ORIENTED_EDGE('',*,*,#2357,.F.);
#3432=ORIENTED_EDGE('',*,*,#2355,.T.);
#3433=ORIENTED_EDGE('',*,*,#2300,.F.);
#3434=ORIENTED_EDGE('',*,*,#2323,.T.);
#3435=ORIENTED_EDGE('',*,*,#2325,.T.);
#3436=ORIENTED_EDGE('',*,*,#2327,.T.);
#3437=ORIENTED_EDGE('',*,*,#2328,.T.);
#3438=ORIENTED_EDGE('',*,*,#2356,.T.);
#3439=ORIENTED_EDGE('',*,*,#2357,.T.);
#3440=ORIENTED_EDGE('',*,*,#2351,.T.);
#3441=ORIENTED_EDGE('',*,*,#2354,.T.);
#3442=ORIENTED_EDGE('',*,*,#2282,.F.);
#3443=ORIENTED_EDGE('',*,*,#2292,.T.);
#3444=ORIENTED_EDGE('',*,*,#2311,.F.);
#3445=ORIENTED_EDGE('',*,*,#2313,.F.);
#3446=ORIENTED_EDGE('',*,*,#2319,.F.);
#3447=ORIENTED_EDGE('',*,*,#2317,.F.);
#3448=ORIENTED_EDGE('',*,*,#2314,.F.);
#3449=ORIENTED_EDGE('',*,*,#2349,.T.);
#3450=PLANE('',#3758);
#3451=PLANE('',#3759);
#3452=PLANE('',#3760);
#3453=PLANE('',#3761);
#3454=PLANE('',#3762);
#3455=PLANE('',#3763);
#3456=PLANE('',#3764);
#3457=PLANE('',#3765);
#3458=PLANE('',#3766);
#3459=PLANE('',#3767);
#3460=PLANE('',#3768);
#3461=PLANE('',#3769);
#3462=PLANE('',#3770);
#3463=PLANE('',#3771);
#3464=PLANE('',#3772);
#3465=PLANE('',#3773);
#3466=PLANE('',#3774);
#3467=PLANE('',#3775);
#3468=PLANE('',#3776);
#3469=PLANE('',#3777);
#3470=PLANE('',#3778);
#3471=PLANE('',#3779);
#3472=PLANE('',#3780);
#3473=PLANE('',#3781);
#3474=PLANE('',#3782);
#3475=PLANE('',#3783);
#3476=PLANE('',#3784);
#3477=PLANE('',#3785);
#3478=PLANE('',#3786);
#3479=PLANE('',#3787);
#3480=PLANE('',#3788);
#3481=PLANE('',#3789);
#3482=PLANE('',#3790);
#3483=PLANE('',#3791);
#3484=PLANE('',#3792);
#3485=PLANE('',#3793);
#3486=PLANE('',#3794);
#3487=PLANE('',#3795);
#3488=PLANE('',#3796);
#3489=PLANE('',#3797);
#3490=PLANE('',#3798);
#3491=PLANE('',#3799);
#3492=PLANE('',#3800);
#3493=PLANE('',#3801);
#3494=PLANE('',#3802);
#3495=PLANE('',#3803);
#3496=PLANE('',#3804);
#3497=PLANE('',#3805);
#3498=PLANE('',#3806);
#3499=PLANE('',#3807);
#3500=PLANE('',#3808);
#3501=PLANE('',#3809);
#3502=PLANE('',#3810);
#3503=PLANE('',#3811);
#3504=PLANE('',#3812);
#3505=PLANE('',#3813);
#3506=PLANE('',#3814);
#3507=PLANE('',#3815);
#3508=PLANE('',#3816);
#3509=PLANE('',#3817);
#3510=PLANE('',#3818);
#3511=PLANE('',#3819);
#3512=PLANE('',#3820);
#3513=PLANE('',#3821);
#3514=PLANE('',#3822);
#3515=PLANE('',#3826);
#3516=PLANE('',#3829);
#3517=PLANE('',#3839);
#3518=PLANE('',#3842);
#3519=PLANE('',#3845);
#3520=PLANE('',#3846);
#3521=PLANE('',#3849);
#3522=PLANE('',#3854);
#3523=PLANE('',#3858);
#3524=PLANE('',#3862);
#3525=PLANE('',#3866);
#3526=PLANE('',#3870);
#3527=PLANE('',#3873);
#3528=PLANE('',#3876);
#3529=PLANE('',#3879);
#3530=PLANE('',#3880);
#3531=PLANE('',#3881);
#3532=PLANE('',#3882);
#3533=PLANE('',#3883);
#3534=PLANE('',#3884);
#3535=PLANE('',#3885);
#3536=PLANE('',#3886);
#3537=ADVANCED_FACE('',(#398),#3450,.F.);
#3538=ADVANCED_FACE('',(#399),#293,.F.);
#3539=ADVANCED_FACE('',(#400),#294,.F.);
#3540=ADVANCED_FACE('',(#401),#295,.F.);
#3541=ADVANCED_FACE('',(#402),#296,.F.);
#3542=ADVANCED_FACE('',(#403),#297,.F.);
#3543=ADVANCED_FACE('',(#404),#298,.F.);
#3544=ADVANCED_FACE('',(#405),#3451,.F.);
#3545=ADVANCED_FACE('',(#406),#3452,.F.);
#3546=ADVANCED_FACE('',(#407),#3453,.F.);
#3547=ADVANCED_FACE('',(#408),#299,.F.);
#3548=ADVANCED_FACE('',(#409),#300,.F.);
#3549=ADVANCED_FACE('',(#410),#301,.F.);
#3550=ADVANCED_FACE('',(#411),#302,.F.);
#3551=ADVANCED_FACE('',(#412),#303,.F.);
#3552=ADVANCED_FACE('',(#413),#304,.F.);
#3553=ADVANCED_FACE('',(#414),#305,.F.);
#3554=ADVANCED_FACE('',(#415),#3454,.F.);
#3555=ADVANCED_FACE('',(#416),#3455,.F.);
#3556=ADVANCED_FACE('',(#417),#306,.F.);
#3557=ADVANCED_FACE('',(#418),#307,.F.);
#3558=ADVANCED_FACE('',(#419),#308,.F.);
#3559=ADVANCED_FACE('',(#420),#309,.F.);
#3560=ADVANCED_FACE('',(#421),#310,.F.);
#3561=ADVANCED_FACE('',(#422),#311,.F.);
#3562=ADVANCED_FACE('',(#423),#312,.F.);
#3563=ADVANCED_FACE('',(#424),#313,.F.);
#3564=ADVANCED_FACE('',(#425),#314,.F.);
#3565=ADVANCED_FACE('',(#426),#315,.F.);
#3566=ADVANCED_FACE('',(#427),#316,.F.);
#3567=ADVANCED_FACE('',(#428),#3456,.F.);
#3568=ADVANCED_FACE('',(#429),#3457,.F.);
#3569=ADVANCED_FACE('',(#430),#3458,.F.);
#3570=ADVANCED_FACE('',(#431,#61,#62),#3459,.T.);
#3571=ADVANCED_FACE('',(#432),#317,.F.);
#3572=ADVANCED_FACE('',(#433),#318,.F.);
#3573=ADVANCED_FACE('',(#434),#319,.F.);
#3574=ADVANCED_FACE('',(#435),#320,.F.);
#3575=ADVANCED_FACE('',(#436),#321,.F.);
#3576=ADVANCED_FACE('',(#437),#322,.F.);
#3577=ADVANCED_FACE('',(#438),#323,.F.);
#3578=ADVANCED_FACE('',(#439),#324,.F.);
#3579=ADVANCED_FACE('',(#440),#325,.F.);
#3580=ADVANCED_FACE('',(#441),#3460,.F.);
#3581=ADVANCED_FACE('',(#442),#3461,.F.);
#3582=ADVANCED_FACE('',(#443),#326,.F.);
#3583=ADVANCED_FACE('',(#444),#327,.F.);
#3584=ADVANCED_FACE('',(#445),#3462,.F.);
#3585=ADVANCED_FACE('',(#446),#328,.F.);
#3586=ADVANCED_FACE('',(#447),#329,.F.);
#3587=ADVANCED_FACE('',(#448),#330,.F.);
#3588=ADVANCED_FACE('',(#449),#331,.F.);
#3589=ADVANCED_FACE('',(#450),#332,.F.);
#3590=ADVANCED_FACE('',(#451),#333,.F.);
#3591=ADVANCED_FACE('',(#452),#334,.F.);
#3592=ADVANCED_FACE('',(#453),#3463,.F.);
#3593=ADVANCED_FACE('',(#454),#335,.F.);
#3594=ADVANCED_FACE('',(#455),#336,.F.);
#3595=ADVANCED_FACE('',(#456),#337,.F.);
#3596=ADVANCED_FACE('',(#457),#338,.F.);
#3597=ADVANCED_FACE('',(#458),#339,.F.);
#3598=ADVANCED_FACE('',(#459),#340,.F.);
#3599=ADVANCED_FACE('',(#460),#341,.F.);
#3600=ADVANCED_FACE('',(#461),#342,.F.);
#3601=ADVANCED_FACE('',(#462),#343,.F.);
#3602=ADVANCED_FACE('',(#463),#344,.F.);
#3603=ADVANCED_FACE('',(#464),#345,.F.);
#3604=ADVANCED_FACE('',(#465),#346,.F.);
#3605=ADVANCED_FACE('',(#466),#347,.F.);
#3606=ADVANCED_FACE('',(#467),#348,.F.);
#3607=ADVANCED_FACE('',(#468),#349,.F.);
#3608=ADVANCED_FACE('',(#469,#63),#3464,.T.);
#3609=ADVANCED_FACE('',(#470),#3465,.F.);
#3610=ADVANCED_FACE('',(#471),#350,.F.);
#3611=ADVANCED_FACE('',(#472),#351,.F.);
#3612=ADVANCED_FACE('',(#473),#352,.F.);
#3613=ADVANCED_FACE('',(#474),#353,.F.);
#3614=ADVANCED_FACE('',(#475),#3466,.F.);
#3615=ADVANCED_FACE('',(#476),#354,.F.);
#3616=ADVANCED_FACE('',(#477),#355,.F.);
#3617=ADVANCED_FACE('',(#478),#356,.F.);
#3618=ADVANCED_FACE('',(#479),#3467,.F.);
#3619=ADVANCED_FACE('',(#480),#3468,.F.);
#3620=ADVANCED_FACE('',(#481),#3469,.F.);
#3621=ADVANCED_FACE('',(#482),#3470,.F.);
#3622=ADVANCED_FACE('',(#483),#3471,.T.);
#3623=ADVANCED_FACE('',(#484),#3472,.F.);
#3624=ADVANCED_FACE('',(#485),#3473,.F.);
#3625=ADVANCED_FACE('',(#486),#3474,.F.);
#3626=ADVANCED_FACE('',(#487),#3475,.F.);
#3627=ADVANCED_FACE('',(#488),#3476,.F.);
#3628=ADVANCED_FACE('',(#489),#3477,.F.);
#3629=ADVANCED_FACE('',(#490),#3478,.F.);
#3630=ADVANCED_FACE('',(#491),#3479,.F.);
#3631=ADVANCED_FACE('',(#492),#357,.F.);
#3632=ADVANCED_FACE('',(#493),#358,.F.);
#3633=ADVANCED_FACE('',(#494),#3480,.F.);
#3634=ADVANCED_FACE('',(#495),#3481,.F.);
#3635=ADVANCED_FACE('',(#496),#3482,.F.);
#3636=ADVANCED_FACE('',(#497),#3483,.F.);
#3637=ADVANCED_FACE('',(#498),#3484,.T.);
#3638=ADVANCED_FACE('',(#499),#359,.F.);
#3639=ADVANCED_FACE('',(#500),#360,.F.);
#3640=ADVANCED_FACE('',(#501),#361,.F.);
#3641=ADVANCED_FACE('',(#502),#362,.F.);
#3642=ADVANCED_FACE('',(#503),#363,.F.);
#3643=ADVANCED_FACE('',(#504),#364,.F.);
#3644=ADVANCED_FACE('',(#505),#365,.F.);
#3645=ADVANCED_FACE('',(#506),#366,.F.);
#3646=ADVANCED_FACE('',(#507),#3485,.F.);
#3647=ADVANCED_FACE('',(#508),#3486,.F.);
#3648=ADVANCED_FACE('',(#509),#3487,.F.);
#3649=ADVANCED_FACE('',(#510),#367,.F.);
#3650=ADVANCED_FACE('',(#511),#368,.F.);
#3651=ADVANCED_FACE('',(#512),#369,.F.);
#3652=ADVANCED_FACE('',(#513),#370,.F.);
#3653=ADVANCED_FACE('',(#514),#371,.F.);
#3654=ADVANCED_FACE('',(#515),#372,.F.);
#3655=ADVANCED_FACE('',(#516),#373,.F.);
#3656=ADVANCED_FACE('',(#517),#374,.F.);
#3657=ADVANCED_FACE('',(#518),#375,.F.);
#3658=ADVANCED_FACE('',(#519),#3488,.F.);
#3659=ADVANCED_FACE('',(#520),#3489,.F.);
#3660=ADVANCED_FACE('',(#521,#64),#3490,.T.);
#3661=ADVANCED_FACE('',(#522),#3491,.F.);
#3662=ADVANCED_FACE('',(#523),#376,.F.);
#3663=ADVANCED_FACE('',(#524),#377,.F.);
#3664=ADVANCED_FACE('',(#525),#3492,.F.);
#3665=ADVANCED_FACE('',(#526),#378,.F.);
#3666=ADVANCED_FACE('',(#527),#379,.F.);
#3667=ADVANCED_FACE('',(#528),#3493,.F.);
#3668=ADVANCED_FACE('',(#529),#3494,.F.);
#3669=ADVANCED_FACE('',(#530),#3495,.F.);
#3670=ADVANCED_FACE('',(#531),#3496,.T.);
#3671=ADVANCED_FACE('',(#532),#380,.F.);
#3672=ADVANCED_FACE('',(#533),#381,.F.);
#3673=ADVANCED_FACE('',(#534),#382,.F.);
#3674=ADVANCED_FACE('',(#535),#383,.F.);
#3675=ADVANCED_FACE('',(#536),#384,.F.);
#3676=ADVANCED_FACE('',(#537),#385,.F.);
#3677=ADVANCED_FACE('',(#538),#386,.F.);
#3678=ADVANCED_FACE('',(#539),#387,.F.);
#3679=ADVANCED_FACE('',(#540),#388,.F.);
#3680=ADVANCED_FACE('',(#541),#389,.F.);
#3681=ADVANCED_FACE('',(#542),#390,.F.);
#3682=ADVANCED_FACE('',(#543),#391,.F.);
#3683=ADVANCED_FACE('',(#544),#392,.F.);
#3684=ADVANCED_FACE('',(#545),#393,.F.);
#3685=ADVANCED_FACE('',(#546),#394,.F.);
#3686=ADVANCED_FACE('',(#547),#395,.F.);
#3687=ADVANCED_FACE('',(#548),#396,.F.);
#3688=ADVANCED_FACE('',(#549,#65),#3497,.T.);
#3689=ADVANCED_FACE('',(#550),#3498,.F.);
#3690=ADVANCED_FACE('',(#551),#3499,.F.);
#3691=ADVANCED_FACE('',(#552),#3500,.F.);
#3692=ADVANCED_FACE('',(#553),#3501,.F.);
#3693=ADVANCED_FACE('',(#554),#3502,.F.);
#3694=ADVANCED_FACE('',(#555),#3503,.F.);
#3695=ADVANCED_FACE('',(#556),#3504,.F.);
#3696=ADVANCED_FACE('',(#557),#3505,.F.);
#3697=ADVANCED_FACE('',(#558),#397,.F.);
#3698=ADVANCED_FACE('',(#559),#3506,.F.);
#3699=ADVANCED_FACE('',(#560),#3507,.F.);
#3700=ADVANCED_FACE('',(#561),#3508,.F.);
#3701=ADVANCED_FACE('',(#562),#3509,.T.);
#3702=ADVANCED_FACE('',(#563),#3510,.T.);
#3703=ADVANCED_FACE('',(#564),#3511,.T.);
#3704=ADVANCED_FACE('',(#565),#3512,.T.);
#3705=ADVANCED_FACE('',(#566),#3513,.T.);
#3706=ADVANCED_FACE('',(#567),#3514,.T.);
#3707=ADVANCED_FACE('',(#568),#47,.T.);
#3708=ADVANCED_FACE('',(#569),#3515,.T.);
#3709=ADVANCED_FACE('',(#570,#66,#67,#68,#69),#3516,.T.);
#3710=ADVANCED_FACE('',(#571),#48,.T.);
#3711=ADVANCED_FACE('',(#572),#3517,.T.);
#3712=ADVANCED_FACE('',(#573),#49,.T.);
#3713=ADVANCED_FACE('',(#574,#70,#71,#72,#73,#74,#75,#76,#77,#78),#3518,
 .T.);
#3714=ADVANCED_FACE('',(#575),#50,.T.);
#3715=ADVANCED_FACE('',(#576),#3519,.F.);
#3716=ADVANCED_FACE('',(#577),#3520,.F.);
#3717=ADVANCED_FACE('',(#578),#51,.F.);
#3718=ADVANCED_FACE('',(#579),#3521,.F.);
#3719=ADVANCED_FACE('',(#580),#52,.F.);
#3720=ADVANCED_FACE('',(#581),#53,.F.);
#3721=ADVANCED_FACE('',(#582,#79),#3522,.T.);
#3722=ADVANCED_FACE('',(#583),#54,.F.);
#3723=ADVANCED_FACE('',(#584,#80),#3523,.T.);
#3724=ADVANCED_FACE('',(#585),#55,.F.);
#3725=ADVANCED_FACE('',(#586,#81),#3524,.T.);
#3726=ADVANCED_FACE('',(#587),#56,.F.);
#3727=ADVANCED_FACE('',(#588,#82),#3525,.T.);
#3728=ADVANCED_FACE('',(#589),#57,.F.);
#3729=ADVANCED_FACE('',(#590),#3526,.T.);
#3730=ADVANCED_FACE('',(#591),#58,.F.);
#3731=ADVANCED_FACE('',(#592),#3527,.T.);
#3732=ADVANCED_FACE('',(#593),#59,.F.);
#3733=ADVANCED_FACE('',(#594),#3528,.T.);
#3734=ADVANCED_FACE('',(#595),#60,.F.);
#3735=ADVANCED_FACE('',(#596),#3529,.T.);
#3736=ADVANCED_FACE('',(#597),#3530,.T.);
#3737=ADVANCED_FACE('',(#598),#3531,.T.);
#3738=ADVANCED_FACE('',(#599),#3532,.T.);
#3739=ADVANCED_FACE('',(#600),#3533,.T.);
#3740=ADVANCED_FACE('',(#601),#3534,.T.);
#3741=ADVANCED_FACE('',(#602),#3535,.T.);
#3742=ADVANCED_FACE('',(#603),#3536,.T.);
#3743=CLOSED_SHELL('',(#3537,#3538,#3539,#3540,#3541,#3542,#3543,#3544,
#3545,#3546,#3547,#3548,#3549,#3550,#3551,#3552,#3553,#3554,#3555,#3556,
#3557,#3558,#3559,#3560,#3561,#3562,#3563,#3564,#3565,#3566,#3567,#3568,
#3569,#3570,#3571,#3572,#3573,#3574,#3575,#3576,#3577,#3578,#3579,#3580,
#3581,#3582,#3583,#3584,#3585,#3586,#3587,#3588,#3589,#3590,#3591,#3592,
#3593,#3594,#3595,#3596,#3597,#3598,#3599,#3600,#3601,#3602,#3603,#3604,
#3605,#3606,#3607,#3608,#3609,#3610,#3611,#3612,#3613,#3614,#3615,#3616,
#3617,#3618,#3619,#3620,#3621,#3622,#3623,#3624,#3625,#3626,#3627,#3628,
#3629,#3630,#3631,#3632,#3633,#3634,#3635,#3636,#3637,#3638,#3639,#3640,
#3641,#3642,#3643,#3644,#3645,#3646,#3647,#3648,#3649,#3650,#3651,#3652,
#3653,#3654,#3655,#3656,#3657,#3658,#3659,#3660,#3661,#3662,#3663,#3664,
#3665,#3666,#3667,#3668,#3669,#3670,#3671,#3672,#3673,#3674,#3675,#3676,
#3677,#3678,#3679,#3680,#3681,#3682,#3683,#3684,#3685,#3686,#3687,#3688,
#3689,#3690,#3691,#3692,#3693,#3694,#3695,#3696,#3697,#3698,#3699,#3700,
#3701,#3702,#3703,#3704,#3705,#3706,#3707,#3708,#3709,#3710,#3711,#3712,
#3713,#3714,#3715,#3716,#3717,#3718,#3719,#3720,#3721,#3722,#3723,#3724,
#3725,#3726,#3727,#3728,#3729,#3730,#3731,#3732,#3733,#3734,#3735,#3736,
#3737,#3738,#3739,#3740,#3741,#3742));
#3744=DERIVED_UNIT_ELEMENT(#3746,1.);
#3745=DERIVED_UNIT_ELEMENT(#7371,-3.);
#3746=(
MASS_UNIT()
NAMED_UNIT(*)
SI_UNIT(.KILO.,.GRAM.)
);
#3747=DERIVED_UNIT((#3744,#3745));
#3748=MEASURE_REPRESENTATION_ITEM('density measure',
POSITIVE_RATIO_MEASURE(7850.),#3747);
#3749=PROPERTY_DEFINITION_REPRESENTATION(#3754,#3751);
#3750=PROPERTY_DEFINITION_REPRESENTATION(#3755,#3752);
#3751=REPRESENTATION('material name',(#3753),#7368);
#3752=REPRESENTATION('density',(#3748),#7368);
#3753=DESCRIPTIVE_REPRESENTATION_ITEM('Steel','Steel');
#3754=PROPERTY_DEFINITION('material property','material name',#7383);
#3755=PROPERTY_DEFINITION('material property','density of part',#7383);
#3756=AXIS2_PLACEMENT_3D('',#4460,#3888,#3889);
#3757=AXIS2_PLACEMENT_3D('',#4461,#3890,#3891);
#3758=AXIS2_PLACEMENT_3D('',#4462,#3892,#3893);
#3759=AXIS2_PLACEMENT_3D('',#4609,#3904,#3905);
#3760=AXIS2_PLACEMENT_3D('',#4615,#3909,#3910);
#3761=AXIS2_PLACEMENT_3D('',#4618,#3913,#3914);
#3762=AXIS2_PLACEMENT_3D('',#4788,#3926,#3927);
#3763=AXIS2_PLACEMENT_3D('',#4794,#3931,#3932);
#3764=AXIS2_PLACEMENT_3D('',#5053,#3947,#3948);
#3765=AXIS2_PLACEMENT_3D('',#5059,#3952,#3953);
#3766=AXIS2_PLACEMENT_3D('',#5065,#3957,#3958);
#3767=AXIS2_PLACEMENT_3D('',#5068,#3961,#3962);
#3768=AXIS2_PLACEMENT_3D('',#5279,#3973,#3974);
#3769=AXIS2_PLACEMENT_3D('',#5282,#3977,#3978);
#3770=AXIS2_PLACEMENT_3D('',#5337,#3985,#3986);
#3771=AXIS2_PLACEMENT_3D('',#5504,#3997,#3998);
#3772=AXIS2_PLACEMENT_3D('',#5852,#4016,#4017);
#3773=AXIS2_PLACEMENT_3D('',#5853,#4018,#4019);
#3774=AXIS2_PLACEMENT_3D('',#5954,#4028,#4029);
#3775=AXIS2_PLACEMENT_3D('',#6029,#4036,#4037);
#3776=AXIS2_PLACEMENT_3D('',#6035,#4041,#4042);
#3777=AXIS2_PLACEMENT_3D('',#6041,#4046,#4047);
#3778=AXIS2_PLACEMENT_3D('',#6047,#4051,#4052);
#3779=AXIS2_PLACEMENT_3D('',#6050,#4055,#4056);
#3780=AXIS2_PLACEMENT_3D('',#6051,#4057,#4058);
#3781=AXIS2_PLACEMENT_3D('',#6060,#4063,#4064);
#3782=AXIS2_PLACEMENT_3D('',#6066,#4068,#4069);
#3783=AXIS2_PLACEMENT_3D('',#6072,#4073,#4074);
#3784=AXIS2_PLACEMENT_3D('',#6075,#4077,#4078);
#3785=AXIS2_PLACEMENT_3D('',#6076,#4079,#4080);
#3786=AXIS2_PLACEMENT_3D('',#6085,#4085,#4086);
#3787=AXIS2_PLACEMENT_3D('',#6091,#4090,#4091);
#3788=AXIS2_PLACEMENT_3D('',#6143,#4097,#4098);
#3789=AXIS2_PLACEMENT_3D('',#6149,#4102,#4103);
#3790=AXIS2_PLACEMENT_3D('',#6155,#4107,#4108);
#3791=AXIS2_PLACEMENT_3D('',#6161,#4112,#4113);
#3792=AXIS2_PLACEMENT_3D('',#6164,#4116,#4117);
#3793=AXIS2_PLACEMENT_3D('',#6349,#4126,#4127);
#3794=AXIS2_PLACEMENT_3D('',#6358,#4132,#4133);
#3795=AXIS2_PLACEMENT_3D('',#6364,#4137,#4138);
#3796=AXIS2_PLACEMENT_3D('',#6577,#4151,#4152);
#3797=AXIS2_PLACEMENT_3D('',#6583,#4156,#4157);
#3798=AXIS2_PLACEMENT_3D('',#6586,#4160,#4161);
#3799=AXIS2_PLACEMENT_3D('',#6587,#4162,#4163);
#3800=AXIS2_PLACEMENT_3D('',#6642,#4170,#4171);
#3801=AXIS2_PLACEMENT_3D('',#6694,#4177,#4178);
#3802=AXIS2_PLACEMENT_3D('',#6700,#4182,#4183);
#3803=AXIS2_PLACEMENT_3D('',#6706,#4187,#4188);
#3804=AXIS2_PLACEMENT_3D('',#6709,#4191,#4192);
#3805=AXIS2_PLACEMENT_3D('',#7101,#4210,#4211);
#3806=AXIS2_PLACEMENT_3D('',#7102,#4212,#4213);
#3807=AXIS2_PLACEMENT_3D('',#7111,#4218,#4219);
#3808=AXIS2_PLACEMENT_3D('',#7117,#4223,#4224);
#3809=AXIS2_PLACEMENT_3D('',#7123,#4228,#4229);
#3810=AXIS2_PLACEMENT_3D('',#7129,#4233,#4234);
#3811=AXIS2_PLACEMENT_3D('',#7135,#4238,#4239);
#3812=AXIS2_PLACEMENT_3D('',#7141,#4243,#4244);
#3813=AXIS2_PLACEMENT_3D('',#7147,#4248,#4249);
#3814=AXIS2_PLACEMENT_3D('',#7176,#4254,#4255);
#3815=AXIS2_PLACEMENT_3D('',#7182,#4259,#4260);
#3816=AXIS2_PLACEMENT_3D('',#7188,#4264,#4265);
#3817=AXIS2_PLACEMENT_3D('',#7191,#4268,#4269);
#3818=AXIS2_PLACEMENT_3D('',#7192,#4270,#4271);
#3819=AXIS2_PLACEMENT_3D('',#7193,#4272,#4273);
#3820=AXIS2_PLACEMENT_3D('',#7194,#4274,#4275);
#3821=AXIS2_PLACEMENT_3D('',#7195,#4276,#4277);
#3822=AXIS2_PLACEMENT_3D('',#7196,#4278,#4279);
#3823=AXIS2_PLACEMENT_3D('',#7197,#4280,#4281);
#3824=AXIS2_PLACEMENT_3D('',#7200,#4282,#4283);
#3825=AXIS2_PLACEMENT_3D('',#7204,#4285,#4286);
#3826=AXIS2_PLACEMENT_3D('',#7206,#4288,#4289);
#3827=AXIS2_PLACEMENT_3D('',#7212,#4292,#4293);
#3828=AXIS2_PLACEMENT_3D('',#7216,#4295,#4296);
#3829=AXIS2_PLACEMENT_3D('',#7224,#4301,#4302);
#3830=AXIS2_PLACEMENT_3D('',#7228,#4304,#4305);
#3831=AXIS2_PLACEMENT_3D('',#7232,#4307,#4308);
#3832=AXIS2_PLACEMENT_3D('',#7235,#4310,#4311);
#3833=AXIS2_PLACEMENT_3D('',#7250,#4319,#4320);
#3834=AXIS2_PLACEMENT_3D('',#7252,#4321,#4322);
#3835=AXIS2_PLACEMENT_3D('',#7254,#4323,#4324);
#3836=AXIS2_PLACEMENT_3D('',#7256,#4325,#4326);
#3837=AXIS2_PLACEMENT_3D('',#7257,#4327,#4328);
#3838=AXIS2_PLACEMENT_3D('',#7260,#4330,#4331);
#3839=AXIS2_PLACEMENT_3D('',#7261,#4332,#4333);
#3840=AXIS2_PLACEMENT_3D('',#7265,#4336,#4337);
#3841=AXIS2_PLACEMENT_3D('',#7268,#4338,#4339);
#3842=AXIS2_PLACEMENT_3D('',#7271,#4342,#4343);
#3843=AXIS2_PLACEMENT_3D('',#7275,#4346,#4347);
#3844=AXIS2_PLACEMENT_3D('',#7276,#4348,#4349);
#3845=AXIS2_PLACEMENT_3D('',#7277,#4350,#4351);
#3846=AXIS2_PLACEMENT_3D('',#7281,#4354,#4355);
#3847=AXIS2_PLACEMENT_3D('',#7285,#4358,#4359);
#3848=AXIS2_PLACEMENT_3D('',#7288,#4361,#4362);
#3849=AXIS2_PLACEMENT_3D('',#7289,#4363,#4364);
#3850=AXIS2_PLACEMENT_3D('',#7293,#4367,#4368);
#3851=AXIS2_PLACEMENT_3D('',#7294,#4369,#4370);
#3852=AXIS2_PLACEMENT_3D('',#7295,#4371,#4372);
#3853=AXIS2_PLACEMENT_3D('',#7298,#4374,#4375);
#3854=AXIS2_PLACEMENT_3D('',#7299,#4376,#4377);
#3855=AXIS2_PLACEMENT_3D('',#7301,#4378,#4379);
#3856=AXIS2_PLACEMENT_3D('',#7302,#4380,#4381);
#3857=AXIS2_PLACEMENT_3D('',#7305,#4383,#4384);
#3858=AXIS2_PLACEMENT_3D('',#7306,#4385,#4386);
#3859=AXIS2_PLACEMENT_3D('',#7308,#4387,#4388);
#3860=AXIS2_PLACEMENT_3D('',#7309,#4389,#4390);
#3861=AXIS2_PLACEMENT_3D('',#7312,#4392,#4393);
#3862=AXIS2_PLACEMENT_3D('',#7313,#4394,#4395);
#3863=AXIS2_PLACEMENT_3D('',#7315,#4396,#4397);
#3864=AXIS2_PLACEMENT_3D('',#7316,#4398,#4399);
#3865=AXIS2_PLACEMENT_3D('',#7319,#4401,#4402);
#3866=AXIS2_PLACEMENT_3D('',#7320,#4403,#4404);
#3867=AXIS2_PLACEMENT_3D('',#7322,#4405,#4406);
#3868=AXIS2_PLACEMENT_3D('',#7323,#4407,#4408);
#3869=AXIS2_PLACEMENT_3D('',#7326,#4410,#4411);
#3870=AXIS2_PLACEMENT_3D('',#7327,#4412,#4413);
#3871=AXIS2_PLACEMENT_3D('',#7328,#4414,#4415);
#3872=AXIS2_PLACEMENT_3D('',#7331,#4417,#4418);
#3873=AXIS2_PLACEMENT_3D('',#7332,#4419,#4420);
#3874=AXIS2_PLACEMENT_3D('',#7333,#4421,#4422);
#3875=AXIS2_PLACEMENT_3D('',#7336,#4424,#4425);
#3876=AXIS2_PLACEMENT_3D('',#7337,#4426,#4427);
#3877=AXIS2_PLACEMENT_3D('',#7338,#4428,#4429);
#3878=AXIS2_PLACEMENT_3D('',#7341,#4431,#4432);
#3879=AXIS2_PLACEMENT_3D('',#7342,#4433,#4434);
#3880=AXIS2_PLACEMENT_3D('',#7343,#4435,#4436);
#3881=AXIS2_PLACEMENT_3D('',#7345,#4438,#4439);
#3882=AXIS2_PLACEMENT_3D('',#7351,#4443,#4444);
#3883=AXIS2_PLACEMENT_3D('',#7355,#4447,#4448);
#3884=AXIS2_PLACEMENT_3D('',#7359,#4451,#4452);
#3885=AXIS2_PLACEMENT_3D('',#7361,#4454,#4455);
#3886=AXIS2_PLACEMENT_3D('',#7362,#4456,#4457);
#3887=AXIS2_PLACEMENT_3D('',#7363,#4458,#4459);
#3888=DIRECTION('axis',(0.,0.,1.));
#3889=DIRECTION('refdir',(1.,0.,0.));
#3890=DIRECTION('axis',(0.,0.,1.));
#3891=DIRECTION('refdir',(1.,0.,0.));
#3892=DIRECTION('center_axis',(0.,0.,-1.));
#3893=DIRECTION('ref_axis',(-1.,0.,0.));
#3894=DIRECTION('',(-1.,0.,0.));
#3895=DIRECTION('',(0.,1.,0.));
#3896=DIRECTION('',(-1.,0.,0.));
#3897=DIRECTION('',(0.,1.,0.));
#3898=DIRECTION('',(0.,1.,0.));
#3899=DIRECTION('',(0.,1.,0.));
#3900=DIRECTION('',(0.,1.,0.));
#3901=DIRECTION('',(0.,1.,0.));
#3902=DIRECTION('',(0.,1.,0.));
#3903=DIRECTION('',(0.,1.,0.));
#3904=DIRECTION('center_axis',(0.,0.,1.));
#3905=DIRECTION('ref_axis',(1.,0.,0.));
#3906=DIRECTION('',(1.,0.,0.));
#3907=DIRECTION('',(0.,1.,0.));
#3908=DIRECTION('',(1.,0.,0.));
#3909=DIRECTION('center_axis',(1.,0.,0.));
#3910=DIRECTION('ref_axis',(0.,0.,-1.));
#3911=DIRECTION('',(0.,0.,-1.));
#3912=DIRECTION('',(0.,0.,-1.));
#3913=DIRECTION('center_axis',(0.,0.,-1.));
#3914=DIRECTION('ref_axis',(-1.,0.,0.));
#3915=DIRECTION('',(-1.,0.,0.));
#3916=DIRECTION('',(0.,1.,0.));
#3917=DIRECTION('',(-1.,0.,0.));
#3918=DIRECTION('',(0.,1.,0.));
#3919=DIRECTION('',(0.,1.,0.));
#3920=DIRECTION('',(0.,1.,0.));
#3921=DIRECTION('',(0.,1.,0.));
#3922=DIRECTION('',(0.,1.,0.));
#3923=DIRECTION('',(0.,1.,0.));
#3924=DIRECTION('',(0.,1.,0.));
#3925=DIRECTION('',(0.,1.,0.));
#3926=DIRECTION('center_axis',(0.,0.,1.));
#3927=DIRECTION('ref_axis',(1.,0.,0.));
#3928=DIRECTION('',(1.,0.,0.));
#3929=DIRECTION('',(0.,1.,0.));
#3930=DIRECTION('',(1.,0.,0.));
#3931=DIRECTION('center_axis',(1.,0.,0.));
#3932=DIRECTION('ref_axis',(0.,0.,-1.));
#3933=DIRECTION('',(0.,0.,-1.));
#3934=DIRECTION('',(0.,0.,-1.));
#3935=DIRECTION('',(0.,1.,0.));
#3936=DIRECTION('',(0.,1.,0.));
#3937=DIRECTION('',(0.,1.,0.));
#3938=DIRECTION('',(0.,1.,0.));
#3939=DIRECTION('',(0.,1.,0.));
#3940=DIRECTION('',(0.,1.,0.));
#3941=DIRECTION('',(0.,1.,0.));
#3942=DIRECTION('',(0.,1.,0.));
#3943=DIRECTION('',(0.,1.,0.));
#3944=DIRECTION('',(0.,1.,0.));
#3945=DIRECTION('',(0.,1.,0.));
#3946=DIRECTION('',(0.,1.,0.));
#3947=DIRECTION('center_axis',(0.,0.,1.));
#3948=DIRECTION('ref_axis',(1.,0.,0.));
#3949=DIRECTION('',(1.,0.,0.));
#3950=DIRECTION('',(0.,1.,0.));
#3951=DIRECTION('',(1.,0.,0.));
#3952=DIRECTION('center_axis',(-1.,0.,0.));
#3953=DIRECTION('ref_axis',(0.,0.,1.));
#3954=DIRECTION('',(0.,0.,1.));
#3955=DIRECTION('',(0.,1.,0.));
#3956=DIRECTION('',(0.,0.,1.));
#3957=DIRECTION('center_axis',(0.,0.,-1.));
#3958=DIRECTION('ref_axis',(-1.,0.,0.));
#3959=DIRECTION('',(-1.,0.,0.));
#3960=DIRECTION('',(-1.,0.,0.));
#3961=DIRECTION('center_axis',(0.,-1.,0.));
#3962=DIRECTION('ref_axis',(1.,0.,0.));
#3963=DIRECTION('',(0.,1.,0.));
#3964=DIRECTION('',(0.,1.,0.));
#3965=DIRECTION('',(0.,1.,0.));
#3966=DIRECTION('',(0.,1.,0.));
#3967=DIRECTION('',(0.,1.,0.));
#3968=DIRECTION('',(0.,1.,0.));
#3969=DIRECTION('',(0.,1.,0.));
#3970=DIRECTION('',(0.,1.,0.));
#3971=DIRECTION('',(0.,1.,0.));
#3972=DIRECTION('',(0.,1.,0.));
#3973=DIRECTION('center_axis',(-1.,0.,0.));
#3974=DIRECTION('ref_axis',(0.,0.,1.));
#3975=DIRECTION('',(0.,0.,1.));
#3976=DIRECTION('',(0.,0.,1.));
#3977=DIRECTION('center_axis',(0.,0.,-1.));
#3978=DIRECTION('ref_axis',(-1.,0.,0.));
#3979=DIRECTION('',(-1.,0.,0.));
#3980=DIRECTION('',(0.,1.,0.));
#3981=DIRECTION('',(-1.,0.,0.));
#3982=DIRECTION('',(0.,1.,0.));
#3983=DIRECTION('',(0.,1.,0.));
#3984=DIRECTION('',(0.,1.,0.));
#3985=DIRECTION('center_axis',(1.,0.,0.));
#3986=DIRECTION('ref_axis',(0.,0.,-1.));
#3987=DIRECTION('',(0.,0.,-1.));
#3988=DIRECTION('',(0.,1.,0.));
#3989=DIRECTION('',(0.,0.,-1.));
#3990=DIRECTION('',(0.,1.,0.));
#3991=DIRECTION('',(0.,1.,0.));
#3992=DIRECTION('',(0.,1.,0.));
#3993=DIRECTION('',(0.,1.,0.));
#3994=DIRECTION('',(0.,1.,0.));
#3995=DIRECTION('',(0.,1.,0.));
#3996=DIRECTION('',(0.,1.,0.));
#3997=DIRECTION('center_axis',(-0.135113168146427,0.,-0.990830173033419));
#3998=DIRECTION('ref_axis',(-0.990830173033419,0.,0.135113168146427));
#3999=DIRECTION('',(-0.990830173033419,0.,0.135113168146427));
#4000=DIRECTION('',(0.,1.,0.));
#4001=DIRECTION('',(-0.990830173033419,0.,0.135113168146427));
#4002=DIRECTION('',(0.,1.,0.));
#4003=DIRECTION('',(0.,1.,0.));
#4004=DIRECTION('',(0.,1.,0.));
#4005=DIRECTION('',(0.,1.,0.));
#4006=DIRECTION('',(0.,1.,0.));
#4007=DIRECTION('',(0.,1.,0.));
#4008=DIRECTION('',(0.,1.,0.));
#4009=DIRECTION('',(0.,1.,0.));
#4010=DIRECTION('',(0.,1.,0.));
#4011=DIRECTION('',(0.,1.,0.));
#4012=DIRECTION('',(0.,1.,0.));
#4013=DIRECTION('',(0.,1.,0.));
#4014=DIRECTION('',(0.,1.,0.));
#4015=DIRECTION('',(0.,1.,0.));
#4016=DIRECTION('center_axis',(0.,-1.,0.));
#4017=DIRECTION('ref_axis',(1.,0.,0.));
#4018=DIRECTION('center_axis',(1.,0.,0.));
#4019=DIRECTION('ref_axis',(0.,0.,-1.));
#4020=DIRECTION('',(0.,0.,-1.));
#4021=DIRECTION('',(0.,1.,0.));
#4022=DIRECTION('',(0.,0.,-1.));
#4023=DIRECTION('',(0.,1.,0.));
#4024=DIRECTION('',(0.,1.,0.));
#4025=DIRECTION('',(0.,1.,0.));
#4026=DIRECTION('',(0.,1.,0.));
#4027=DIRECTION('',(0.,1.,0.));
#4028=DIRECTION('center_axis',(0.937477791315774,0.,-0.348045098787066));
#4029=DIRECTION('ref_axis',(-0.348045098787066,0.,-0.937477791315774));
#4030=DIRECTION('',(-0.348045098787066,0.,-0.937477791315774));
#4031=DIRECTION('',(0.,1.,0.));
#4032=DIRECTION('',(-0.348045098787066,0.,-0.937477791315774));
#4033=DIRECTION('',(0.,1.,0.));
#4034=DIRECTION('',(0.,1.,0.));
#4035=DIRECTION('',(0.,1.,0.));
#4036=DIRECTION('center_axis',(1.,0.,0.));
#4037=DIRECTION('ref_axis',(0.,0.,-1.));
#4038=DIRECTION('',(0.,0.,-1.));
#4039=DIRECTION('',(0.,1.,0.));
#4040=DIRECTION('',(0.,0.,-1.));
#4041=DIRECTION('center_axis',(0.,0.,1.));
#4042=DIRECTION('ref_axis',(1.,0.,0.));
#4043=DIRECTION('',(1.,0.,0.));
#4044=DIRECTION('',(0.,1.,0.));
#4045=DIRECTION('',(1.,0.,0.));
#4046=DIRECTION('center_axis',(-1.,0.,0.));
#4047=DIRECTION('ref_axis',(0.,0.,1.));
#4048=DIRECTION('',(0.,0.,1.));
#4049=DIRECTION('',(0.,1.,0.));
#4050=DIRECTION('',(0.,0.,1.));
#4051=DIRECTION('center_axis',(0.,0.,-1.));
#4052=DIRECTION('ref_axis',(-1.,0.,0.));
#4053=DIRECTION('',(-1.,0.,0.));
#4054=DIRECTION('',(-1.,0.,0.));
#4055=DIRECTION('center_axis',(0.,-1.,0.));
#4056=DIRECTION('ref_axis',(1.,0.,0.));
#4057=DIRECTION('center_axis',(1.,0.,0.));
#4058=DIRECTION('ref_axis',(0.,0.,-1.));
#4059=DIRECTION('',(0.,0.,-1.));
#4060=DIRECTION('',(0.,1.,0.));
#4061=DIRECTION('',(0.,0.,-1.));
#4062=DIRECTION('',(0.,1.,0.));
#4063=DIRECTION('center_axis',(0.,0.,1.));
#4064=DIRECTION('ref_axis',(1.,0.,0.));
#4065=DIRECTION('',(1.,0.,0.));
#4066=DIRECTION('',(0.,1.,0.));
#4067=DIRECTION('',(1.,0.,0.));
#4068=DIRECTION('center_axis',(-1.,0.,0.));
#4069=DIRECTION('ref_axis',(0.,0.,1.));
#4070=DIRECTION('',(0.,0.,1.));
#4071=DIRECTION('',(0.,1.,0.));
#4072=DIRECTION('',(0.,0.,1.));
#4073=DIRECTION('center_axis',(0.,0.,-1.));
#4074=DIRECTION('ref_axis',(-1.,0.,0.));
#4075=DIRECTION('',(-1.,0.,0.));
#4076=DIRECTION('',(-1.,0.,0.));
#4077=DIRECTION('center_axis',(0.,1.,0.));
#4078=DIRECTION('ref_axis',(0.,0.,1.));
#4079=DIRECTION('center_axis',(0.931167758687837,0.,-0.364591010833058));
#4080=DIRECTION('ref_axis',(-0.364591010833058,0.,-0.931167758687837));
#4081=DIRECTION('',(-0.364591010833058,0.,-0.931167758687837));
#4082=DIRECTION('',(0.,1.,0.));
#4083=DIRECTION('',(-0.364591010833058,0.,-0.931167758687837));
#4084=DIRECTION('',(0.,1.,0.));
#4085=DIRECTION('center_axis',(0.,0.,1.));
#4086=DIRECTION('ref_axis',(1.,0.,0.));
#4087=DIRECTION('',(1.,0.,0.));
#4088=DIRECTION('',(0.,1.,0.));
#4089=DIRECTION('',(1.,0.,0.));
#4090=DIRECTION('center_axis',(-0.937301974099012,0.,0.34851830561693));
#4091=DIRECTION('ref_axis',(0.34851830561693,0.,0.937301974099012));
#4092=DIRECTION('',(0.34851830561693,0.,0.937301974099012));
#4093=DIRECTION('',(0.,1.,0.));
#4094=DIRECTION('',(0.34851830561693,0.,0.937301974099012));
#4095=DIRECTION('',(0.,1.,0.));
#4096=DIRECTION('',(0.,1.,0.));
#4097=DIRECTION('center_axis',(0.941561718595797,0.,0.336840511332782));
#4098=DIRECTION('ref_axis',(0.336840511332782,0.,-0.941561718595797));
#4099=DIRECTION('',(0.336840511332782,0.,-0.941561718595797));
#4100=DIRECTION('',(0.,1.,0.));
#4101=DIRECTION('',(0.336840511332782,0.,-0.941561718595797));
#4102=DIRECTION('center_axis',(0.,0.,1.));
#4103=DIRECTION('ref_axis',(1.,0.,0.));
#4104=DIRECTION('',(1.,0.,0.));
#4105=DIRECTION('',(0.,1.,0.));
#4106=DIRECTION('',(1.,0.,0.));
#4107=DIRECTION('center_axis',(-0.932457532733033,0.,-0.36127960037819));
#4108=DIRECTION('ref_axis',(-0.36127960037819,0.,0.932457532733033));
#4109=DIRECTION('',(-0.36127960037819,0.,0.932457532733033));
#4110=DIRECTION('',(0.,1.,0.));
#4111=DIRECTION('',(-0.36127960037819,0.,0.932457532733033));
#4112=DIRECTION('center_axis',(0.,0.,-1.));
#4113=DIRECTION('ref_axis',(-1.,0.,0.));
#4114=DIRECTION('',(-1.,0.,0.));
#4115=DIRECTION('',(-1.,0.,0.));
#4116=DIRECTION('center_axis',(0.,-1.,0.));
#4117=DIRECTION('ref_axis',(1.,0.,0.));
#4118=DIRECTION('',(0.,1.,0.));
#4119=DIRECTION('',(0.,1.,0.));
#4120=DIRECTION('',(0.,1.,0.));
#4121=DIRECTION('',(0.,1.,0.));
#4122=DIRECTION('',(0.,1.,0.));
#4123=DIRECTION('',(0.,1.,0.));
#4124=DIRECTION('',(0.,1.,0.));
#4125=DIRECTION('',(0.,1.,0.));
#4126=DIRECTION('center_axis',(1.,0.,0.));
#4127=DIRECTION('ref_axis',(0.,0.,-1.));
#4128=DIRECTION('',(0.,0.,-1.));
#4129=DIRECTION('',(0.,1.,0.));
#4130=DIRECTION('',(0.,0.,-1.));
#4131=DIRECTION('',(0.,1.,0.));
#4132=DIRECTION('center_axis',(0.,0.,1.));
#4133=DIRECTION('ref_axis',(1.,0.,0.));
#4134=DIRECTION('',(1.,0.,0.));
#4135=DIRECTION('',(0.,1.,0.));
#4136=DIRECTION('',(1.,0.,0.));
#4137=DIRECTION('center_axis',(-1.,0.,0.));
#4138=DIRECTION('ref_axis',(0.,0.,1.));
#4139=DIRECTION('',(0.,0.,1.));
#4140=DIRECTION('',(0.,1.,0.));
#4141=DIRECTION('',(0.,0.,1.));
#4142=DIRECTION('',(0.,1.,0.));
#4143=DIRECTION('',(0.,1.,0.));
#4144=DIRECTION('',(0.,1.,0.));
#4145=DIRECTION('',(0.,1.,0.));
#4146=DIRECTION('',(0.,1.,0.));
#4147=DIRECTION('',(0.,1.,0.));
#4148=DIRECTION('',(0.,1.,0.));
#4149=DIRECTION('',(0.,1.,0.));
#4150=DIRECTION('',(0.,1.,0.));
#4151=DIRECTION('center_axis',(-1.,0.,0.));
#4152=DIRECTION('ref_axis',(0.,0.,1.));
#4153=DIRECTION('',(0.,0.,1.));
#4154=DIRECTION('',(0.,1.,0.));
#4155=DIRECTION('',(0.,0.,1.));
#4156=DIRECTION('center_axis',(0.,0.,-1.));
#4157=DIRECTION('ref_axis',(-1.,0.,0.));
#4158=DIRECTION('',(-1.,0.,0.));
#4159=DIRECTION('',(-1.,0.,0.));
#4160=DIRECTION('center_axis',(0.,-1.,0.));
#4161=DIRECTION('ref_axis',(1.,0.,0.));
#4162=DIRECTION('center_axis',(0.,0.,1.));
#4163=DIRECTION('ref_axis',(1.,0.,0.));
#4164=DIRECTION('',(1.,0.,0.));
#4165=DIRECTION('',(0.,1.,0.));
#4166=DIRECTION('',(1.,0.,0.));
#4167=DIRECTION('',(0.,1.,0.));
#4168=DIRECTION('',(0.,1.,0.));
#4169=DIRECTION('',(0.,1.,0.));
#4170=DIRECTION('center_axis',(-1.,0.,0.));
#4171=DIRECTION('ref_axis',(0.,0.,1.));
#4172=DIRECTION('',(0.,0.,1.));
#4173=DIRECTION('',(0.,1.,0.));
#4174=DIRECTION('',(0.,0.,1.));
#4175=DIRECTION('',(0.,1.,0.));
#4176=DIRECTION('',(0.,1.,0.));
#4177=DIRECTION('center_axis',(-1.,0.,0.));
#4178=DIRECTION('ref_axis',(0.,0.,1.));
#4179=DIRECTION('',(0.,0.,1.));
#4180=DIRECTION('',(0.,1.,0.));
#4181=DIRECTION('',(0.,0.,1.));
#4182=DIRECTION('center_axis',(0.,0.,-1.));
#4183=DIRECTION('ref_axis',(-1.,0.,0.));
#4184=DIRECTION('',(-1.,0.,0.));
#4185=DIRECTION('',(0.,1.,0.));
#4186=DIRECTION('',(-1.,0.,0.));
#4187=DIRECTION('center_axis',(1.,0.,0.));
#4188=DIRECTION('ref_axis',(0.,0.,-1.));
#4189=DIRECTION('',(0.,0.,-1.));
#4190=DIRECTION('',(0.,0.,-1.));
#4191=DIRECTION('center_axis',(0.,-1.,0.));
#4192=DIRECTION('ref_axis',(1.,0.,0.));
#4193=DIRECTION('',(0.,1.,0.));
#4194=DIRECTION('',(0.,1.,0.));
#4195=DIRECTION('',(0.,1.,0.));
#4196=DIRECTION('',(0.,1.,0.));
#4197=DIRECTION('',(0.,1.,0.));
#4198=DIRECTION('',(0.,1.,0.));
#4199=DIRECTION('',(0.,1.,0.));
#4200=DIRECTION('',(0.,1.,0.));
#4201=DIRECTION('',(0.,1.,0.));
#4202=DIRECTION('',(0.,1.,0.));
#4203=DIRECTION('',(0.,1.,0.));
#4204=DIRECTION('',(0.,1.,0.));
#4205=DIRECTION('',(0.,1.,0.));
#4206=DIRECTION('',(0.,1.,0.));
#4207=DIRECTION('',(0.,1.,0.));
#4208=DIRECTION('',(0.,1.,0.));
#4209=DIRECTION('',(0.,1.,0.));
#4210=DIRECTION('center_axis',(0.,-1.,0.));
#4211=DIRECTION('ref_axis',(1.,0.,0.));
#4212=DIRECTION('center_axis',(1.,0.,0.));
#4213=DIRECTION('ref_axis',(0.,0.,-1.));
#4214=DIRECTION('',(0.,0.,-1.));
#4215=DIRECTION('',(0.,1.,0.));
#4216=DIRECTION('',(0.,0.,-1.));
#4217=DIRECTION('',(0.,1.,0.));
#4218=DIRECTION('center_axis',(0.,0.,1.));
#4219=DIRECTION('ref_axis',(1.,0.,0.));
#4220=DIRECTION('',(1.,0.,0.));
#4221=DIRECTION('',(0.,1.,0.));
#4222=DIRECTION('',(1.,0.,0.));
#4223=DIRECTION('center_axis',(0.756658146586797,0.,-0.653810713589058));
#4224=DIRECTION('ref_axis',(-0.653810713589058,0.,-0.756658146586797));
#4225=DIRECTION('',(-0.653810713589058,0.,-0.756658146586797));
#4226=DIRECTION('',(0.,1.,0.));
#4227=DIRECTION('',(-0.653810713589058,0.,-0.756658146586797));
#4228=DIRECTION('center_axis',(0.777351633169137,0.,-0.629066322742901));
#4229=DIRECTION('ref_axis',(-0.629066322742901,0.,-0.777351633169137));
#4230=DIRECTION('',(-0.629066322742901,0.,-0.777351633169137));
#4231=DIRECTION('',(0.,1.,0.));
#4232=DIRECTION('',(-0.629066322742901,0.,-0.777351633169137));
#4233=DIRECTION('center_axis',(1.,0.,0.));
#4234=DIRECTION('ref_axis',(0.,0.,-1.));
#4235=DIRECTION('',(0.,0.,-1.));
#4236=DIRECTION('',(0.,1.,0.));
#4237=DIRECTION('',(0.,0.,-1.));
#4238=DIRECTION('center_axis',(0.,0.,1.));
#4239=DIRECTION('ref_axis',(1.,0.,0.));
#4240=DIRECTION('',(1.,0.,0.));
#4241=DIRECTION('',(0.,1.,0.));
#4242=DIRECTION('',(1.,0.,0.));
#4243=DIRECTION('center_axis',(-1.,0.,0.));
#4244=DIRECTION('ref_axis',(0.,0.,1.));
#4245=DIRECTION('',(0.,0.,1.));
#4246=DIRECTION('',(0.,1.,0.));
#4247=DIRECTION('',(0.,0.,1.));
#4248=DIRECTION('center_axis',(0.,0.,-1.));
#4249=DIRECTION('ref_axis',(-1.,0.,0.));
#4250=DIRECTION('',(-1.,0.,0.));
#4251=DIRECTION('',(0.,1.,0.));
#4252=DIRECTION('',(-1.,0.,0.));
#4253=DIRECTION('',(0.,1.,0.));
#4254=DIRECTION('center_axis',(-0.780949939708129,0.,0.624593621220926));
#4255=DIRECTION('ref_axis',(0.624593621220926,0.,0.780949939708129));
#4256=DIRECTION('',(0.624593621220926,0.,0.780949939708129));
#4257=DIRECTION('',(0.,1.,0.));
#4258=DIRECTION('',(0.624593621220926,0.,0.780949939708129));
#4259=DIRECTION('center_axis',(-1.,0.,0.));
#4260=DIRECTION('ref_axis',(0.,0.,1.));
#4261=DIRECTION('',(0.,0.,1.));
#4262=DIRECTION('',(0.,1.,0.));
#4263=DIRECTION('',(0.,0.,1.));
#4264=DIRECTION('center_axis',(0.,0.,-1.));
#4265=DIRECTION('ref_axis',(-1.,0.,0.));
#4266=DIRECTION('',(-1.,0.,0.));
#4267=DIRECTION('',(-1.,0.,0.));
#4268=DIRECTION('center_axis',(0.,-1.,0.));
#4269=DIRECTION('ref_axis',(1.,0.,0.));
#4270=DIRECTION('center_axis',(0.,-1.,0.));
#4271=DIRECTION('ref_axis',(0.,0.,-1.));
#4272=DIRECTION('center_axis',(0.,-1.,0.));
#4273=DIRECTION('ref_axis',(0.,0.,-1.));
#4274=DIRECTION('center_axis',(0.,-1.,0.));
#4275=DIRECTION('ref_axis',(0.,0.,-1.));
#4276=DIRECTION('center_axis',(0.,-1.,0.));
#4277=DIRECTION('ref_axis',(0.,0.,-1.));
#4278=DIRECTION('center_axis',(0.,-1.,0.));
#4279=DIRECTION('ref_axis',(0.,0.,-1.));
#4280=DIRECTION('center_axis',(0.,0.,1.));
#4281=DIRECTION('ref_axis',(-0.707106781186548,0.707106781186548,0.));
#4282=DIRECTION('center_axis',(0.,0.,-1.));
#4283=DIRECTION('ref_axis',(-0.707106781186548,0.707106781186548,0.));
#4284=DIRECTION('',(0.,0.,-1.));
#4285=DIRECTION('center_axis',(0.,0.,1.));
#4286=DIRECTION('ref_axis',(-0.707106781186548,0.707106781186548,0.));
#4287=DIRECTION('',(0.,0.,1.));
#4288=DIRECTION('center_axis',(0.,1.,0.));
#4289=DIRECTION('ref_axis',(0.,0.,1.));
#4290=DIRECTION('',(1.,0.,0.));
#4291=DIRECTION('',(0.,0.,-1.));
#4292=DIRECTION('center_axis',(0.,-1.,0.));
#4293=DIRECTION('ref_axis',(0.,0.,-1.));
#4294=DIRECTION('',(1.,0.,2.67462815220961E-15));
#4295=DIRECTION('center_axis',(0.,-1.,0.));
#4296=DIRECTION('ref_axis',(1.,0.,1.16573417585648E-13));
#4297=DIRECTION('',(0.,0.,1.));
#4298=DIRECTION('',(1.,0.,0.));
#4299=DIRECTION('',(0.,0.,1.));
#4300=DIRECTION('',(1.,0.,0.));
#4301=DIRECTION('center_axis',(0.,0.,1.));
#4302=DIRECTION('ref_axis',(1.,0.,0.));
#4303=DIRECTION('',(0.,-1.,0.));
#4304=DIRECTION('center_axis',(0.,0.,-1.));
#4305=DIRECTION('ref_axis',(-0.707106781186543,-0.707106781186552,0.));
#4306=DIRECTION('',(1.,0.,0.));
#4307=DIRECTION('center_axis',(0.,0.,-1.));
#4308=DIRECTION('ref_axis',(0.707106781186522,-0.707106781186573,0.));
#4309=DIRECTION('',(0.,-1.,0.));
#4310=DIRECTION('center_axis',(0.,0.,-1.));
#4311=DIRECTION('ref_axis',(0.707106781186577,0.707106781186518,0.));
#4312=DIRECTION('',(0.,-1.,0.));
#4313=DIRECTION('',(1.,0.,0.));
#4314=DIRECTION('',(0.,-1.,0.));
#4315=DIRECTION('',(-1.,0.,0.));
#4316=DIRECTION('',(0.,1.,0.));
#4317=DIRECTION('',(1.,0.,0.));
#4318=DIRECTION('',(0.,1.,0.));
#4319=DIRECTION('center_axis',(0.,0.,-1.));
#4320=DIRECTION('ref_axis',(-1.,0.,0.));
#4321=DIRECTION('center_axis',(0.,0.,-1.));
#4322=DIRECTION('ref_axis',(-1.,0.,0.));
#4323=DIRECTION('center_axis',(0.,0.,-1.));
#4324=DIRECTION('ref_axis',(-1.,0.,0.));
#4325=DIRECTION('center_axis',(0.,0.,-1.));
#4326=DIRECTION('ref_axis',(-1.,0.,0.));
#4327=DIRECTION('center_axis',(0.,0.,1.));
#4328=DIRECTION('ref_axis',(0.707106781186577,0.707106781186518,0.));
#4329=DIRECTION('',(0.,0.,-1.));
#4330=DIRECTION('center_axis',(0.,0.,1.));
#4331=DIRECTION('ref_axis',(0.707106781186577,0.707106781186518,0.));
#4332=DIRECTION('center_axis',(1.,0.,0.));
#4333=DIRECTION('ref_axis',(0.,0.,-1.));
#4334=DIRECTION('',(0.,0.,1.));
#4335=DIRECTION('',(0.,1.,0.));
#4336=DIRECTION('center_axis',(0.,0.,-1.));
#4337=DIRECTION('ref_axis',(-0.707106781186543,-0.707106781186552,0.));
#4338=DIRECTION('center_axis',(0.,0.,1.));
#4339=DIRECTION('ref_axis',(-0.707106781186543,-0.707106781186552,0.));
#4340=DIRECTION('',(0.,0.,1.));
#4341=DIRECTION('',(0.,0.,-1.));
#4342=DIRECTION('center_axis',(0.,-1.,0.));
#4343=DIRECTION('ref_axis',(0.,0.,-1.));
#4344=DIRECTION('',(1.,0.,0.));
#4345=DIRECTION('',(0.,0.,-1.));
#4346=DIRECTION('center_axis',(0.,0.,-1.));
#4347=DIRECTION('ref_axis',(0.707106781186522,-0.707106781186573,0.));
#4348=DIRECTION('center_axis',(0.,0.,1.));
#4349=DIRECTION('ref_axis',(0.707106781186522,-0.707106781186573,0.));
#4350=DIRECTION('center_axis',(-1.,0.,0.));
#4351=DIRECTION('ref_axis',(0.,0.,-1.));
#4352=DIRECTION('',(0.,1.4210854715202E-15,1.));
#4353=DIRECTION('',(0.,-1.,0.));
#4354=DIRECTION('center_axis',(1.,0.,0.));
#4355=DIRECTION('ref_axis',(0.,0.,1.));
#4356=DIRECTION('',(0.,-1.,0.));
#4357=DIRECTION('',(0.,-1.4210854715202E-15,-1.));
#4358=DIRECTION('center_axis',(0.,-1.,0.));
#4359=DIRECTION('ref_axis',(1.,0.,1.16573417585648E-13));
#4360=DIRECTION('',(0.,-1.,0.));
#4361=DIRECTION('center_axis',(0.,1.,-1.4210854715202E-15));
#4362=DIRECTION('ref_axis',(1.,0.,1.16573417585648E-13));
#4363=DIRECTION('center_axis',(2.67462815220961E-15,0.,-1.));
#4364=DIRECTION('ref_axis',(1.,0.,2.67462815220961E-15));
#4365=DIRECTION('',(0.,-1.,0.));
#4366=DIRECTION('',(-1.,-3.800875208824E-30,-2.67462815220961E-15));
#4367=DIRECTION('center_axis',(0.,-1.,0.));
#4368=DIRECTION('ref_axis',(0.,0.,-1.));
#4369=DIRECTION('center_axis',(0.,1.,-1.4210854715202E-15));
#4370=DIRECTION('ref_axis',(0.,0.,-1.));
#4371=DIRECTION('center_axis',(0.,0.,-1.));
#4372=DIRECTION('ref_axis',(-1.,0.,0.));
#4373=DIRECTION('',(0.,0.,-1.));
#4374=DIRECTION('center_axis',(0.,0.,-1.));
#4375=DIRECTION('ref_axis',(-1.,0.,0.));
#4376=DIRECTION('center_axis',(0.,0.,1.));
#4377=DIRECTION('ref_axis',(-1.,0.,0.));
#4378=DIRECTION('center_axis',(0.,0.,1.));
#4379=DIRECTION('ref_axis',(-1.,0.,0.));
#4380=DIRECTION('center_axis',(0.,0.,-1.));
#4381=DIRECTION('ref_axis',(-1.,0.,0.));
#4382=DIRECTION('',(0.,0.,-1.));
#4383=DIRECTION('center_axis',(0.,0.,-1.));
#4384=DIRECTION('ref_axis',(-1.,0.,0.));
#4385=DIRECTION('center_axis',(0.,0.,1.));
#4386=DIRECTION('ref_axis',(-1.,0.,0.));
#4387=DIRECTION('center_axis',(0.,0.,1.));
#4388=DIRECTION('ref_axis',(-1.,0.,0.));
#4389=DIRECTION('center_axis',(0.,0.,-1.));
#4390=DIRECTION('ref_axis',(-1.,0.,0.));
#4391=DIRECTION('',(0.,0.,-1.));
#4392=DIRECTION('center_axis',(0.,0.,-1.));
#4393=DIRECTION('ref_axis',(-1.,0.,0.));
#4394=DIRECTION('center_axis',(0.,0.,1.));
#4395=DIRECTION('ref_axis',(-1.,0.,0.));
#4396=DIRECTION('center_axis',(0.,0.,1.));
#4397=DIRECTION('ref_axis',(-1.,0.,0.));
#4398=DIRECTION('center_axis',(0.,0.,-1.));
#4399=DIRECTION('ref_axis',(-1.,0.,0.));
#4400=DIRECTION('',(0.,0.,-1.));
#4401=DIRECTION('center_axis',(0.,0.,-1.));
#4402=DIRECTION('ref_axis',(-1.,0.,0.));
#4403=DIRECTION('center_axis',(0.,0.,1.));
#4404=DIRECTION('ref_axis',(-1.,0.,0.));
#4405=DIRECTION('center_axis',(0.,0.,1.));
#4406=DIRECTION('ref_axis',(-1.,0.,0.));
#4407=DIRECTION('center_axis',(0.,0.,-1.));
#4408=DIRECTION('ref_axis',(-1.,0.,0.));
#4409=DIRECTION('',(0.,0.,-1.));
#4410=DIRECTION('center_axis',(0.,0.,-1.));
#4411=DIRECTION('ref_axis',(-1.,0.,0.));
#4412=DIRECTION('center_axis',(0.,0.,1.));
#4413=DIRECTION('ref_axis',(-1.,0.,0.));
#4414=DIRECTION('center_axis',(0.,0.,-1.));
#4415=DIRECTION('ref_axis',(-1.,0.,0.));
#4416=DIRECTION('',(0.,0.,-1.));
#4417=DIRECTION('center_axis',(0.,0.,-1.));
#4418=DIRECTION('ref_axis',(-1.,0.,0.));
#4419=DIRECTION('center_axis',(0.,0.,1.));
#4420=DIRECTION('ref_axis',(-1.,0.,0.));
#4421=DIRECTION('center_axis',(0.,0.,-1.));
#4422=DIRECTION('ref_axis',(-1.,0.,0.));
#4423=DIRECTION('',(0.,0.,-1.));
#4424=DIRECTION('center_axis',(0.,0.,-1.));
#4425=DIRECTION('ref_axis',(-1.,0.,0.));
#4426=DIRECTION('center_axis',(0.,0.,1.));
#4427=DIRECTION('ref_axis',(-1.,0.,0.));
#4428=DIRECTION('center_axis',(0.,0.,-1.));
#4429=DIRECTION('ref_axis',(-1.,0.,0.));
#4430=DIRECTION('',(0.,0.,-1.));
#4431=DIRECTION('center_axis',(0.,0.,-1.));
#4432=DIRECTION('ref_axis',(-1.,0.,0.));
#4433=DIRECTION('center_axis',(0.,0.,1.));
#4434=DIRECTION('ref_axis',(-1.,0.,0.));
#4435=DIRECTION('center_axis',(-1.,0.,0.));
#4436=DIRECTION('ref_axis',(0.,0.,1.));
#4437=DIRECTION('',(0.,1.,0.));
#4438=DIRECTION('center_axis',(1.,0.,0.));
#4439=DIRECTION('ref_axis',(0.,1.,-7.35522742854023E-16));
#4440=DIRECTION('',(0.,0.,1.));
#4441=DIRECTION('',(0.,-1.,7.3722319495565E-16));
#4442=DIRECTION('',(0.,0.,1.));
#4443=DIRECTION('center_axis',(0.,1.,-1.4210854715202E-15));
#4444=DIRECTION('ref_axis',(-1.,0.,0.));
#4445=DIRECTION('',(0.,1.4210854715202E-15,1.));
#4446=DIRECTION('',(1.,0.,0.));
#4447=DIRECTION('center_axis',(-1.,0.,0.));
#4448=DIRECTION('ref_axis',(0.,-1.,7.35522742854023E-16));
#4449=DIRECTION('',(0.,1.4210854715202E-15,1.));
#4450=DIRECTION('',(0.,1.,-7.3722319495565E-16));
#4451=DIRECTION('center_axis',(0.,-1.,1.4210854715202E-15));
#4452=DIRECTION('ref_axis',(1.,0.,0.));
#4453=DIRECTION('',(-1.,0.,0.));
#4454=DIRECTION('center_axis',(0.,7.3722319495565E-16,1.));
#4455=DIRECTION('ref_axis',(1.,0.,0.));
#4456=DIRECTION('center_axis',(0.,0.,-1.));
#4457=DIRECTION('ref_axis',(-1.,0.,0.));
#4458=DIRECTION('',(0.,0.,1.));
#4459=DIRECTION('',(1.,0.,0.));
#4460=CARTESIAN_POINT('',(0.,0.,0.));
#4461=CARTESIAN_POINT('',(0.,0.,0.));
#4462=CARTESIAN_POINT('Origin',(13.7796726357192,-136.000001959503,2.64597527682781));
#4463=CARTESIAN_POINT('',(13.7796726357192,-136.000001959503,2.64597527682781));
#4464=CARTESIAN_POINT('',(13.1800817977637,-136.000001959503,2.64597527682781));
#4465=CARTESIAN_POINT('',(181.139838892035,-136.000001959503,2.64597527682781));
#4466=CARTESIAN_POINT('',(13.7796726357192,-135.500001959503,2.64597527682781));
#4467=CARTESIAN_POINT('',(13.7796726357192,-136.000001959503,2.64597527682781));
#4468=CARTESIAN_POINT('',(13.1800817977637,-135.500001959503,2.64597527682781));
#4469=CARTESIAN_POINT('',(13.7796726357192,-135.500001959503,2.64597527682781));
#4470=CARTESIAN_POINT('',(13.1800817977637,-136.000001959503,2.64597527682781));
#4471=CARTESIAN_POINT('Ctrl Pts',(14.2360165249556,-136.000001959503,2.60300122201443));
#4472=CARTESIAN_POINT('Ctrl Pts',(14.2360165249556,-135.500001959503,2.60300122201443));
#4473=CARTESIAN_POINT('Ctrl Pts',(14.1759993688499,-136.000001959503,2.61541444124252));
#4474=CARTESIAN_POINT('Ctrl Pts',(14.1759993688499,-135.500001959503,2.61541444124252));
#4475=CARTESIAN_POINT('Ctrl Pts',(14.0256982826811,-136.000001959503,2.64650089141598));
#4476=CARTESIAN_POINT('Ctrl Pts',(14.0256982826811,-135.500001959503,2.64650089141598));
#4477=CARTESIAN_POINT('Ctrl Pts',(13.8719982620276,-136.000001959503,2.6461725233208));
#4478=CARTESIAN_POINT('Ctrl Pts',(13.8719982620276,-135.500001959503,2.6461725233208));
#4479=CARTESIAN_POINT('Ctrl Pts',(13.7796726357192,-136.000001959503,2.64597527682781));
#4480=CARTESIAN_POINT('Ctrl Pts',(13.7796726357192,-135.500001959503,2.64597527682781));
#4481=CARTESIAN_POINT('',(14.2360165249556,-136.000001959503,2.60300122201443));
#4482=CARTESIAN_POINT('Ctrl Pts',(14.2360165249556,-136.000001959503,2.60300122201443));
#4483=CARTESIAN_POINT('Ctrl Pts',(14.1759993688499,-136.000001959503,2.61541444124252));
#4484=CARTESIAN_POINT('Ctrl Pts',(14.0256982826811,-136.000001959503,2.64650089141598));
#4485=CARTESIAN_POINT('Ctrl Pts',(13.8719982620276,-136.000001959503,2.6461725233208));
#4486=CARTESIAN_POINT('Ctrl Pts',(13.7796726357192,-136.000001959503,2.64597527682781));
#4487=CARTESIAN_POINT('',(14.2360165249556,-135.500001959503,2.60300122201443));
#4488=CARTESIAN_POINT('',(14.2360165249556,-136.000001959503,2.60300122201443));
#4489=CARTESIAN_POINT('Ctrl Pts',(14.2360165249556,-135.500001959503,2.60300122201443));
#4490=CARTESIAN_POINT('Ctrl Pts',(14.1759993688499,-135.500001959503,2.61541444124252));
#4491=CARTESIAN_POINT('Ctrl Pts',(14.0256982826811,-135.500001959503,2.64650089141598));
#4492=CARTESIAN_POINT('Ctrl Pts',(13.8719982620276,-135.500001959503,2.6461725233208));
#4493=CARTESIAN_POINT('Ctrl Pts',(13.7796726357192,-135.500001959503,2.64597527682781));
#4494=CARTESIAN_POINT('Ctrl Pts',(14.4406547676772,-136.000001959503,2.44747616350651));
#4495=CARTESIAN_POINT('Ctrl Pts',(14.4406547676772,-135.500001959503,2.44747616350651));
#4496=CARTESIAN_POINT('Ctrl Pts',(14.4140456190096,-136.000001959503,2.48265961411819));
#4497=CARTESIAN_POINT('Ctrl Pts',(14.4140456190096,-135.500001959503,2.48265961411819));
#4498=CARTESIAN_POINT('Ctrl Pts',(14.3603934703936,-136.000001959503,2.55360016710696));
#4499=CARTESIAN_POINT('Ctrl Pts',(14.3603934703936,-135.500001959503,2.55360016710696));
#4500=CARTESIAN_POINT('Ctrl Pts',(14.277698407806,-136.000001959503,2.58644567005028));
#4501=CARTESIAN_POINT('Ctrl Pts',(14.277698407806,-135.500001959503,2.58644567005028));
#4502=CARTESIAN_POINT('Ctrl Pts',(14.2360165249556,-136.000001959503,2.60300122201443));
#4503=CARTESIAN_POINT('Ctrl Pts',(14.2360165249556,-135.500001959503,2.60300122201443));
#4504=CARTESIAN_POINT('',(14.4406547676772,-136.000001959503,2.44747616350651));
#4505=CARTESIAN_POINT('Ctrl Pts',(14.4406547676772,-136.000001959503,2.44747616350651));
#4506=CARTESIAN_POINT('Ctrl Pts',(14.4140456190096,-136.000001959503,2.48265961411819));
#4507=CARTESIAN_POINT('Ctrl Pts',(14.3603934703936,-136.000001959503,2.55360016710696));
#4508=CARTESIAN_POINT('Ctrl Pts',(14.277698407806,-136.000001959503,2.58644567005028));
#4509=CARTESIAN_POINT('Ctrl Pts',(14.2360165249556,-136.000001959503,2.60300122201443));
#4510=CARTESIAN_POINT('',(14.4406547676772,-135.500001959503,2.44747616350651));
#4511=CARTESIAN_POINT('',(14.4406547676772,-136.000001959503,2.44747616350651));
#4512=CARTESIAN_POINT('Ctrl Pts',(14.4406547676772,-135.500001959503,2.44747616350651));
#4513=CARTESIAN_POINT('Ctrl Pts',(14.4140456190096,-135.500001959503,2.48265961411819));
#4514=CARTESIAN_POINT('Ctrl Pts',(14.3603934703936,-135.500001959503,2.55360016710696));
#4515=CARTESIAN_POINT('Ctrl Pts',(14.277698407806,-135.500001959503,2.58644567005028));
#4516=CARTESIAN_POINT('Ctrl Pts',(14.2360165249556,-135.500001959503,2.60300122201443));
#4517=CARTESIAN_POINT('Ctrl Pts',(14.5122783910483,-136.000001959503,2.18553878366947));
#4518=CARTESIAN_POINT('Ctrl Pts',(14.5122783910483,-135.500001959503,2.18553878366947));
#4519=CARTESIAN_POINT('Ctrl Pts',(14.5096689139929,-136.000001959503,2.23319886910923));
#4520=CARTESIAN_POINT('Ctrl Pts',(14.5096689139929,-135.500001959503,2.23319886910923));
#4521=CARTESIAN_POINT('Ctrl Pts',(14.5046019948881,-136.000001959503,2.32574223788292));
#4522=CARTESIAN_POINT('Ctrl Pts',(14.5046019948881,-135.500001959503,2.32574223788292));
#4523=CARTESIAN_POINT('Ctrl Pts',(14.4615398105223,-136.000001959503,2.40771809481081));
#4524=CARTESIAN_POINT('Ctrl Pts',(14.4615398105223,-135.500001959503,2.40771809481081));
#4525=CARTESIAN_POINT('Ctrl Pts',(14.4406547676772,-136.000001959503,2.44747616350651));
#4526=CARTESIAN_POINT('Ctrl Pts',(14.4406547676772,-135.500001959503,2.44747616350651));
#4527=CARTESIAN_POINT('',(14.5122783910483,-136.000001959503,2.18553878366947));
#4528=CARTESIAN_POINT('Ctrl Pts',(14.5122783910483,-136.000001959503,2.18553878366947));
#4529=CARTESIAN_POINT('Ctrl Pts',(14.5096689139929,-136.000001959503,2.23319886910923));
#4530=CARTESIAN_POINT('Ctrl Pts',(14.5046019948881,-136.000001959503,2.32574223788292));
#4531=CARTESIAN_POINT('Ctrl Pts',(14.4615398105223,-136.000001959503,2.40771809481081));
#4532=CARTESIAN_POINT('Ctrl Pts',(14.4406547676772,-136.000001959503,2.44747616350651));
#4533=CARTESIAN_POINT('',(14.5122783910483,-135.500001959503,2.18553878366947));
#4534=CARTESIAN_POINT('',(14.5122783910483,-136.000001959503,2.18553878366947));
#4535=CARTESIAN_POINT('Ctrl Pts',(14.5122783910483,-135.500001959503,2.18553878366947));
#4536=CARTESIAN_POINT('Ctrl Pts',(14.5096689139929,-135.500001959503,2.23319886910923));
#4537=CARTESIAN_POINT('Ctrl Pts',(14.5046019948881,-135.500001959503,2.32574223788292));
#4538=CARTESIAN_POINT('Ctrl Pts',(14.4615398105223,-135.500001959503,2.40771809481081));
#4539=CARTESIAN_POINT('Ctrl Pts',(14.4406547676772,-135.500001959503,2.44747616350651));
#4540=CARTESIAN_POINT('Ctrl Pts',(14.4345157872885,-136.000001959503,1.92360155284405));
#4541=CARTESIAN_POINT('Ctrl Pts',(14.4345157872885,-135.500001959503,1.92360155284405));
#4542=CARTESIAN_POINT('Ctrl Pts',(14.4571802327497,-136.000001959503,1.96183705206914));
#4543=CARTESIAN_POINT('Ctrl Pts',(14.4571802327497,-135.500001959503,1.96183705206914));
#4544=CARTESIAN_POINT('Ctrl Pts',(14.504967756813,-136.000001959503,2.04245582751758));
#4545=CARTESIAN_POINT('Ctrl Pts',(14.504967756813,-135.500001959503,2.04245582751758));
#4546=CARTESIAN_POINT('Ctrl Pts',(14.5097593385126,-136.000001959503,2.13623615520909));
#4547=CARTESIAN_POINT('Ctrl Pts',(14.5097593385126,-135.500001959503,2.13623615520909));
#4548=CARTESIAN_POINT('Ctrl Pts',(14.5122783910483,-136.000001959503,2.18553878366947));
#4549=CARTESIAN_POINT('Ctrl Pts',(14.5122783910483,-135.500001959503,2.18553878366947));
#4550=CARTESIAN_POINT('',(14.4345157872885,-136.000001959503,1.92360155284405));
#4551=CARTESIAN_POINT('Ctrl Pts',(14.4345157872885,-136.000001959503,1.92360155284405));
#4552=CARTESIAN_POINT('Ctrl Pts',(14.4571802327497,-136.000001959503,1.96183705206914));
#4553=CARTESIAN_POINT('Ctrl Pts',(14.504967756813,-136.000001959503,2.04245582751758));
#4554=CARTESIAN_POINT('Ctrl Pts',(14.5097593385126,-136.000001959503,2.13623615520909));
#4555=CARTESIAN_POINT('Ctrl Pts',(14.5122783910483,-136.000001959503,2.18553878366947));
#4556=CARTESIAN_POINT('',(14.4345157872885,-135.500001959503,1.92360155284405));
#4557=CARTESIAN_POINT('',(14.4345157872885,-136.000001959503,1.92360155284405));
#4558=CARTESIAN_POINT('Ctrl Pts',(14.4345157872885,-135.500001959503,1.92360155284405));
#4559=CARTESIAN_POINT('Ctrl Pts',(14.4571802327497,-135.500001959503,1.96183705206914));
#4560=CARTESIAN_POINT('Ctrl Pts',(14.504967756813,-135.500001959503,2.04245582751758));
#4561=CARTESIAN_POINT('Ctrl Pts',(14.5097593385126,-135.500001959503,2.13623615520909));
#4562=CARTESIAN_POINT('Ctrl Pts',(14.5122783910483,-135.500001959503,2.18553878366947));
#4563=CARTESIAN_POINT('Ctrl Pts',(14.2073669563979,-136.000001959503,1.77421547472477));
#4564=CARTESIAN_POINT('Ctrl Pts',(14.2073669563979,-135.500001959503,1.77421547472477));
#4565=CARTESIAN_POINT('Ctrl Pts',(14.2538973002497,-136.000001959503,1.79064639615238));
#4566=CARTESIAN_POINT('Ctrl Pts',(14.2538973002497,-135.500001959503,1.79064639615238));
#4567=CARTESIAN_POINT('Ctrl Pts',(14.3421211085962,-136.000001959503,1.82180022702892));
#4568=CARTESIAN_POINT('Ctrl Pts',(14.3421211085962,-135.500001959503,1.82180022702892));
#4569=CARTESIAN_POINT('Ctrl Pts',(14.4048641930755,-136.000001959503,1.89093114751175));
#4570=CARTESIAN_POINT('Ctrl Pts',(14.4048641930755,-135.500001959503,1.89093114751175));
#4571=CARTESIAN_POINT('Ctrl Pts',(14.4345157872885,-136.000001959503,1.92360155284405));
#4572=CARTESIAN_POINT('Ctrl Pts',(14.4345157872885,-135.500001959503,1.92360155284405));
#4573=CARTESIAN_POINT('',(14.2073669563979,-136.000001959503,1.77421547472477));
#4574=CARTESIAN_POINT('Ctrl Pts',(14.2073669563979,-136.000001959503,1.77421547472477));
#4575=CARTESIAN_POINT('Ctrl Pts',(14.2538973002497,-136.000001959503,1.79064639615238));
#4576=CARTESIAN_POINT('Ctrl Pts',(14.3421211085962,-136.000001959503,1.82180022702892));
#4577=CARTESIAN_POINT('Ctrl Pts',(14.4048641930755,-136.000001959503,1.89093114751175));
#4578=CARTESIAN_POINT('Ctrl Pts',(14.4345157872885,-136.000001959503,1.92360155284405));
#4579=CARTESIAN_POINT('',(14.2073669563979,-135.500001959503,1.77421547472477));
#4580=CARTESIAN_POINT('',(14.2073669563979,-136.000001959503,1.77421547472477));
#4581=CARTESIAN_POINT('Ctrl Pts',(14.2073669563979,-135.500001959503,1.77421547472477));
#4582=CARTESIAN_POINT('Ctrl Pts',(14.2538973002497,-135.500001959503,1.79064639615238));
#4583=CARTESIAN_POINT('Ctrl Pts',(14.3421211085962,-135.500001959503,1.82180022702892));
#4584=CARTESIAN_POINT('Ctrl Pts',(14.4048641930755,-135.500001959503,1.89093114751175));
#4585=CARTESIAN_POINT('Ctrl Pts',(14.4345157872885,-135.500001959503,1.92360155284405));
#4586=CARTESIAN_POINT('Ctrl Pts',(13.8287856709212,-136.000001959503,1.73942692577839));
#4587=CARTESIAN_POINT('Ctrl Pts',(13.8287856709212,-135.500001959503,1.73942692577839));
#4588=CARTESIAN_POINT('Ctrl Pts',(13.9046395525231,-136.000001959503,1.73938030328608));
#4589=CARTESIAN_POINT('Ctrl Pts',(13.9046395525231,-135.500001959503,1.73938030328608));
#4590=CARTESIAN_POINT('Ctrl Pts',(14.0320543066667,-136.000001959503,1.73930198964847));
#4591=CARTESIAN_POINT('Ctrl Pts',(14.0320543066667,-135.500001959503,1.73930198964847));
#4592=CARTESIAN_POINT('Ctrl Pts',(14.1568613464713,-136.000001959503,1.76415729089637));
#4593=CARTESIAN_POINT('Ctrl Pts',(14.1568613464713,-135.500001959503,1.76415729089637));
#4594=CARTESIAN_POINT('Ctrl Pts',(14.2073669563979,-136.000001959503,1.77421547472477));
#4595=CARTESIAN_POINT('Ctrl Pts',(14.2073669563979,-135.500001959503,1.77421547472477));
#4596=CARTESIAN_POINT('',(13.8287856709212,-136.000001959503,1.73942692577839));
#4597=CARTESIAN_POINT('Ctrl Pts',(13.8287856709212,-136.000001959503,1.73942692577839));
#4598=CARTESIAN_POINT('Ctrl Pts',(13.9046395525231,-136.000001959503,1.73938030328608));
#4599=CARTESIAN_POINT('Ctrl Pts',(14.0320543066667,-136.000001959503,1.73930198964847));
#4600=CARTESIAN_POINT('Ctrl Pts',(14.1568613464713,-136.000001959503,1.76415729089637));
#4601=CARTESIAN_POINT('Ctrl Pts',(14.2073669563979,-136.000001959503,1.77421547472477));
#4602=CARTESIAN_POINT('',(13.8287856709212,-135.500001959503,1.73942692577839));
#4603=CARTESIAN_POINT('',(13.8287856709212,-136.000001959503,1.73942692577839));
#4604=CARTESIAN_POINT('Ctrl Pts',(13.8287856709212,-135.500001959503,1.73942692577839));
#4605=CARTESIAN_POINT('Ctrl Pts',(13.9046395525231,-135.500001959503,1.73938030328608));
#4606=CARTESIAN_POINT('Ctrl Pts',(14.0320543066667,-135.500001959503,1.73930198964847));
#4607=CARTESIAN_POINT('Ctrl Pts',(14.1568613464713,-135.500001959503,1.76415729089637));
#4608=CARTESIAN_POINT('Ctrl Pts',(14.2073669563979,-135.500001959503,1.77421547472477));
#4609=CARTESIAN_POINT('Origin',(13.1800817977637,-136.000001959503,1.73942692577839));
#4610=CARTESIAN_POINT('',(13.1800817977637,-136.000001959503,1.73942692577839));
#4611=CARTESIAN_POINT('',(180.840043473057,-136.000001959503,1.73942692577839));
#4612=CARTESIAN_POINT('',(13.1800817977637,-135.500001959503,1.73942692577839));
#4613=CARTESIAN_POINT('',(13.1800817977637,-136.000001959503,1.73942692577839));
#4614=CARTESIAN_POINT('',(13.1800817977637,-135.500001959503,1.73942692577839));
#4615=CARTESIAN_POINT('Origin',(13.1800817977637,-136.000001959503,2.64597527682781));
#4616=CARTESIAN_POINT('',(13.1800817977637,-136.000001959503,0.322987638413956));
#4617=CARTESIAN_POINT('',(13.1800817977637,-135.500001959503,2.64597527682781));
#4618=CARTESIAN_POINT('Origin',(13.873806251213,-136.000001959503,1.38540245592594));
#4619=CARTESIAN_POINT('',(13.873806251213,-136.000001959503,1.38540245592594));
#4620=CARTESIAN_POINT('',(13.1800817977637,-136.000001959503,1.38540245592594));
#4621=CARTESIAN_POINT('',(181.186905699782,-136.000001959503,1.38540245592594));
#4622=CARTESIAN_POINT('',(13.873806251213,-135.500001959503,1.38540245592594));
#4623=CARTESIAN_POINT('',(13.873806251213,-136.000001959503,1.38540245592594));
#4624=CARTESIAN_POINT('',(13.1800817977637,-135.500001959503,1.38540245592594));
#4625=CARTESIAN_POINT('',(13.873806251213,-135.500001959503,1.38540245592594));
#4626=CARTESIAN_POINT('',(13.1800817977637,-136.000001959503,1.38540245592594));
#4627=CARTESIAN_POINT('Ctrl Pts',(14.311732603237,-136.000001959503,1.33424274623394));
#4628=CARTESIAN_POINT('Ctrl Pts',(14.311732603237,-135.500001959503,1.33424274623394));
#4629=CARTESIAN_POINT('Ctrl Pts',(14.2502631127559,-136.000001959503,1.349086473029));
#4630=CARTESIAN_POINT('Ctrl Pts',(14.2502631127559,-135.500001959503,1.349086473029));
#4631=CARTESIAN_POINT('Ctrl Pts',(14.1065491499662,-136.000001959503,1.38379069431972));
#4632=CARTESIAN_POINT('Ctrl Pts',(14.1065491499662,-135.500001959503,1.38379069431972));
#4633=CARTESIAN_POINT('Ctrl Pts',(13.9585201362388,-136.000001959503,1.38481580607269));
#4634=CARTESIAN_POINT('Ctrl Pts',(13.9585201362388,-135.500001959503,1.38481580607269));
#4635=CARTESIAN_POINT('Ctrl Pts',(13.873806251213,-136.000001959503,1.38540245592594));
#4636=CARTESIAN_POINT('Ctrl Pts',(13.873806251213,-135.500001959503,1.38540245592594));
#4637=CARTESIAN_POINT('',(14.311732603237,-136.000001959503,1.33424274623394));
#4638=CARTESIAN_POINT('Ctrl Pts',(14.311732603237,-136.000001959503,1.33424274623394));
#4639=CARTESIAN_POINT('Ctrl Pts',(14.2502631127559,-136.000001959503,1.349086473029));
#4640=CARTESIAN_POINT('Ctrl Pts',(14.1065491499662,-136.000001959503,1.38379069431972));
#4641=CARTESIAN_POINT('Ctrl Pts',(13.9585201362388,-136.000001959503,1.38481580607269));
#4642=CARTESIAN_POINT('Ctrl Pts',(13.873806251213,-136.000001959503,1.38540245592594));
#4643=CARTESIAN_POINT('',(14.311732603237,-135.500001959503,1.33424274623394));
#4644=CARTESIAN_POINT('',(14.311732603237,-136.000001959503,1.33424274623394));
#4645=CARTESIAN_POINT('Ctrl Pts',(14.311732603237,-135.500001959503,1.33424274623394));
#4646=CARTESIAN_POINT('Ctrl Pts',(14.2502631127559,-135.500001959503,1.349086473029));
#4647=CARTESIAN_POINT('Ctrl Pts',(14.1065491499662,-135.500001959503,1.38379069431972));
#4648=CARTESIAN_POINT('Ctrl Pts',(13.9585201362388,-135.500001959503,1.38481580607269));
#4649=CARTESIAN_POINT('Ctrl Pts',(13.873806251213,-135.500001959503,1.38540245592594));
#4650=CARTESIAN_POINT('Ctrl Pts',(14.5511596929282,-136.000001959503,1.16030000150204));
#4651=CARTESIAN_POINT('Ctrl Pts',(14.5511596929282,-135.500001959503,1.16030000150204));
#4652=CARTESIAN_POINT('Ctrl Pts',(14.5192834384943,-136.000001959503,1.19888498987507));
#4653=CARTESIAN_POINT('Ctrl Pts',(14.5192834384943,-135.500001959503,1.19888498987507));
#4654=CARTESIAN_POINT('Ctrl Pts',(14.4544525445381,-136.000001959503,1.27736031057802));
#4655=CARTESIAN_POINT('Ctrl Pts',(14.4544525445381,-135.500001959503,1.27736031057802));
#4656=CARTESIAN_POINT('Ctrl Pts',(14.3598305585368,-136.000001959503,1.31507283330811));
#4657=CARTESIAN_POINT('Ctrl Pts',(14.3598305585368,-135.500001959503,1.31507283330811));
#4658=CARTESIAN_POINT('Ctrl Pts',(14.311732603237,-136.000001959503,1.33424274623394));
#4659=CARTESIAN_POINT('Ctrl Pts',(14.311732603237,-135.500001959503,1.33424274623394));
#4660=CARTESIAN_POINT('',(14.5511596929282,-136.000001959503,1.16030000150204));
#4661=CARTESIAN_POINT('Ctrl Pts',(14.5511596929282,-136.000001959503,1.16030000150204));
#4662=CARTESIAN_POINT('Ctrl Pts',(14.5192834384943,-136.000001959503,1.19888498987507));
#4663=CARTESIAN_POINT('Ctrl Pts',(14.4544525445381,-136.000001959503,1.27736031057802));
#4664=CARTESIAN_POINT('Ctrl Pts',(14.3598305585368,-136.000001959503,1.31507283330811));
#4665=CARTESIAN_POINT('Ctrl Pts',(14.311732603237,-136.000001959503,1.33424274623394));
#4666=CARTESIAN_POINT('',(14.5511596929282,-135.500001959503,1.16030000150204));
#4667=CARTESIAN_POINT('',(14.5511596929282,-136.000001959503,1.16030000150204));
#4668=CARTESIAN_POINT('Ctrl Pts',(14.5511596929282,-135.500001959503,1.16030000150204));
#4669=CARTESIAN_POINT('Ctrl Pts',(14.5192834384943,-135.500001959503,1.19888498987507));
#4670=CARTESIAN_POINT('Ctrl Pts',(14.4544525445381,-135.500001959503,1.27736031057802));
#4671=CARTESIAN_POINT('Ctrl Pts',(14.3598305585368,-135.500001959503,1.31507283330811));
#4672=CARTESIAN_POINT('Ctrl Pts',(14.311732603237,-135.500001959503,1.33424274623394));
#4673=CARTESIAN_POINT('Ctrl Pts',(14.637107802555,-136.000001959503,0.869713351130486));
#4674=CARTESIAN_POINT('Ctrl Pts',(14.637107802555,-135.500001959503,0.869713351130486));
#4675=CARTESIAN_POINT('Ctrl Pts',(14.6339803553248,-136.000001959503,0.923110463572978));
#4676=CARTESIAN_POINT('Ctrl Pts',(14.6339803553248,-135.500001959503,0.923110463572978));
#4677=CARTESIAN_POINT('Ctrl Pts',(14.6279091921343,-136.000001959503,1.02676771489877));
#4678=CARTESIAN_POINT('Ctrl Pts',(14.6279091921343,-135.500001959503,1.02676771489877));
#4679=CARTESIAN_POINT('Ctrl Pts',(14.5762214516033,-136.000001959503,1.11669640829553));
#4680=CARTESIAN_POINT('Ctrl Pts',(14.5762214516033,-135.500001959503,1.11669640829553));
#4681=CARTESIAN_POINT('Ctrl Pts',(14.5511596929282,-136.000001959503,1.16030000150204));
#4682=CARTESIAN_POINT('Ctrl Pts',(14.5511596929282,-135.500001959503,1.16030000150204));
#4683=CARTESIAN_POINT('',(14.637107802555,-136.000001959503,0.869713351130486));
#4684=CARTESIAN_POINT('Ctrl Pts',(14.637107802555,-136.000001959503,0.869713351130486));
#4685=CARTESIAN_POINT('Ctrl Pts',(14.6339803553248,-136.000001959503,0.923110463572978));
#4686=CARTESIAN_POINT('Ctrl Pts',(14.6279091921343,-136.000001959503,1.02676771489877));
#4687=CARTESIAN_POINT('Ctrl Pts',(14.5762214516033,-136.000001959503,1.11669640829553));
#4688=CARTESIAN_POINT('Ctrl Pts',(14.5511596929282,-136.000001959503,1.16030000150204));
#4689=CARTESIAN_POINT('',(14.637107802555,-135.500001959503,0.869713351130486));
#4690=CARTESIAN_POINT('',(14.637107802555,-136.000001959503,0.869713351130486));
#4691=CARTESIAN_POINT('Ctrl Pts',(14.637107802555,-135.500001959503,0.869713351130486));
#4692=CARTESIAN_POINT('Ctrl Pts',(14.6339803553248,-135.500001959503,0.923110463572978));
#4693=CARTESIAN_POINT('Ctrl Pts',(14.6279091921343,-135.500001959503,1.02676771489877));
#4694=CARTESIAN_POINT('Ctrl Pts',(14.5762214516033,-135.500001959503,1.11669640829553));
#4695=CARTESIAN_POINT('Ctrl Pts',(14.5511596929282,-135.500001959503,1.16030000150204));
#4696=CARTESIAN_POINT('Ctrl Pts',(14.5777627360076,-136.000001959503,0.615961775183678));
#4697=CARTESIAN_POINT('Ctrl Pts',(14.5777627360076,-135.500001959503,0.615961775183678));
#4698=CARTESIAN_POINT('Ctrl Pts',(14.5950659960286,-136.000001959503,0.654936874870783));
#4699=CARTESIAN_POINT('Ctrl Pts',(14.5950659960286,-135.500001959503,0.654936874870783));
#4700=CARTESIAN_POINT('Ctrl Pts',(14.6309164280369,-136.000001959503,0.735688950470996));
#4701=CARTESIAN_POINT('Ctrl Pts',(14.6309164280369,-135.500001959503,0.735688950470996));
#4702=CARTESIAN_POINT('Ctrl Pts',(14.6349968182544,-136.000001959503,0.824016970647923));
#4703=CARTESIAN_POINT('Ctrl Pts',(14.6349968182544,-135.500001959503,0.824016970647923));
#4704=CARTESIAN_POINT('Ctrl Pts',(14.637107802555,-136.000001959503,0.869713351130486));
#4705=CARTESIAN_POINT('Ctrl Pts',(14.637107802555,-135.500001959503,0.869713351130486));
#4706=CARTESIAN_POINT('',(14.5777627360076,-136.000001959503,0.615961775183678));
#4707=CARTESIAN_POINT('Ctrl Pts',(14.5777627360076,-136.000001959503,0.615961775183678));
#4708=CARTESIAN_POINT('Ctrl Pts',(14.5950659960286,-136.000001959503,0.654936874870783));
#4709=CARTESIAN_POINT('Ctrl Pts',(14.6309164280369,-136.000001959503,0.735688950470996));
#4710=CARTESIAN_POINT('Ctrl Pts',(14.6349968182544,-136.000001959503,0.824016970647923));
#4711=CARTESIAN_POINT('Ctrl Pts',(14.637107802555,-136.000001959503,0.869713351130486));
#4712=CARTESIAN_POINT('',(14.5777627360076,-135.500001959503,0.615961775183678));
#4713=CARTESIAN_POINT('',(14.5777627360076,-136.000001959503,0.615961775183678));
#4714=CARTESIAN_POINT('Ctrl Pts',(14.5777627360076,-135.500001959503,0.615961775183678));
#4715=CARTESIAN_POINT('Ctrl Pts',(14.5950659960286,-135.500001959503,0.654936874870783));
#4716=CARTESIAN_POINT('Ctrl Pts',(14.6309164280369,-135.500001959503,0.735688950470996));
#4717=CARTESIAN_POINT('Ctrl Pts',(14.6349968182544,-135.500001959503,0.824016970647923));
#4718=CARTESIAN_POINT('Ctrl Pts',(14.637107802555,-135.500001959503,0.869713351130486));
#4719=CARTESIAN_POINT('Ctrl Pts',(14.4263302814215,-136.000001959503,0.450204536318779));
#4720=CARTESIAN_POINT('Ctrl Pts',(14.4263302814215,-135.500001959503,0.450204536318779));
#4721=CARTESIAN_POINT('Ctrl Pts',(14.4559757537823,-136.000001959503,0.472020336809703));
#4722=CARTESIAN_POINT('Ctrl Pts',(14.4559757537823,-135.500001959503,0.472020336809703));
#4723=CARTESIAN_POINT('Ctrl Pts',(14.5173756144325,-136.000001959503,0.517203867495794));
#4724=CARTESIAN_POINT('Ctrl Pts',(14.5173756144325,-135.500001959503,0.517203867495794));
#4725=CARTESIAN_POINT('Ctrl Pts',(14.5571779948068,-136.000001959503,0.582297213630432));
#4726=CARTESIAN_POINT('Ctrl Pts',(14.5571779948068,-135.500001959503,0.582297213630432));
#4727=CARTESIAN_POINT('Ctrl Pts',(14.5777627360076,-136.000001959503,0.615961775183678));
#4728=CARTESIAN_POINT('Ctrl Pts',(14.5777627360076,-135.500001959503,0.615961775183678));
#4729=CARTESIAN_POINT('',(14.4263302814215,-136.000001959503,0.450204536318779));
#4730=CARTESIAN_POINT('Ctrl Pts',(14.4263302814215,-136.000001959503,0.450204536318779));
#4731=CARTESIAN_POINT('Ctrl Pts',(14.4559757537823,-136.000001959503,0.472020336809703));
#4732=CARTESIAN_POINT('Ctrl Pts',(14.5173756144325,-136.000001959503,0.517203867495794));
#4733=CARTESIAN_POINT('Ctrl Pts',(14.5571779948068,-136.000001959503,0.582297213630432));
#4734=CARTESIAN_POINT('Ctrl Pts',(14.5777627360076,-136.000001959503,0.615961775183678));
#4735=CARTESIAN_POINT('',(14.4263302814215,-135.500001959503,0.450204536318779));
#4736=CARTESIAN_POINT('',(14.4263302814215,-136.000001959503,0.450204536318779));
#4737=CARTESIAN_POINT('Ctrl Pts',(14.4263302814215,-135.500001959503,0.450204536318779));
#4738=CARTESIAN_POINT('Ctrl Pts',(14.4559757537823,-135.500001959503,0.472020336809703));
#4739=CARTESIAN_POINT('Ctrl Pts',(14.5173756144325,-135.500001959503,0.517203867495794));
#4740=CARTESIAN_POINT('Ctrl Pts',(14.5571779948068,-135.500001959503,0.582297213630432));
#4741=CARTESIAN_POINT('Ctrl Pts',(14.5777627360076,-135.500001959503,0.615961775183678));
#4742=CARTESIAN_POINT('Ctrl Pts',(14.1971349250525,-136.000001959503,0.368349179625511));
#4743=CARTESIAN_POINT('Ctrl Pts',(14.1971349250525,-135.500001959503,0.368349179625511));
#4744=CARTESIAN_POINT('Ctrl Pts',(14.2398305941975,-136.000001959503,0.377217184973374));
#4745=CARTESIAN_POINT('Ctrl Pts',(14.2398305941975,-135.500001959503,0.377217184973374));
#4746=CARTESIAN_POINT('Ctrl Pts',(14.3200926290576,-136.000001959503,0.393887825547059));
#4747=CARTESIAN_POINT('Ctrl Pts',(14.3200926290576,-135.500001959503,0.393887825547059));
#4748=CARTESIAN_POINT('Ctrl Pts',(14.3924593090419,-136.000001959503,0.432249492013728));
#4749=CARTESIAN_POINT('Ctrl Pts',(14.3924593090419,-135.500001959503,0.432249492013728));
#4750=CARTESIAN_POINT('Ctrl Pts',(14.4263302814215,-136.000001959503,0.450204536318779));
#4751=CARTESIAN_POINT('Ctrl Pts',(14.4263302814215,-135.500001959503,0.450204536318779));
#4752=CARTESIAN_POINT('',(14.1971349250525,-136.000001959503,0.368349179625511));
#4753=CARTESIAN_POINT('Ctrl Pts',(14.1971349250525,-136.000001959503,0.368349179625511));
#4754=CARTESIAN_POINT('Ctrl Pts',(14.2398305941975,-136.000001959503,0.377217184973374));
#4755=CARTESIAN_POINT('Ctrl Pts',(14.3200926290576,-136.000001959503,0.393887825547059));
#4756=CARTESIAN_POINT('Ctrl Pts',(14.3924593090419,-136.000001959503,0.432249492013728));
#4757=CARTESIAN_POINT('Ctrl Pts',(14.4263302814215,-136.000001959503,0.450204536318779));
#4758=CARTESIAN_POINT('',(14.1971349250525,-135.500001959503,0.368349179625511));
#4759=CARTESIAN_POINT('',(14.1971349250525,-136.000001959503,0.368349179625511));
#4760=CARTESIAN_POINT('Ctrl Pts',(14.1971349250525,-135.500001959503,0.368349179625511));
#4761=CARTESIAN_POINT('Ctrl Pts',(14.2398305941975,-135.500001959503,0.377217184973374));
#4762=CARTESIAN_POINT('Ctrl Pts',(14.3200926290576,-135.500001959503,0.393887825547059));
#4763=CARTESIAN_POINT('Ctrl Pts',(14.3924593090419,-135.500001959503,0.432249492013728));
#4764=CARTESIAN_POINT('Ctrl Pts',(14.4263302814215,-135.500001959503,0.450204536318779));
#4765=CARTESIAN_POINT('Ctrl Pts',(13.9270123373717,-136.000001959503,0.354024395346642));
#4766=CARTESIAN_POINT('Ctrl Pts',(13.9270123373717,-135.500001959503,0.354024395346642));
#4767=CARTESIAN_POINT('Ctrl Pts',(13.9816621322211,-136.000001959503,0.353920742450533));
#4768=CARTESIAN_POINT('Ctrl Pts',(13.9816621322211,-135.500001959503,0.353920742450533));
#4769=CARTESIAN_POINT('Ctrl Pts',(14.0720063177628,-136.000001959503,0.35374938889827));
#4770=CARTESIAN_POINT('Ctrl Pts',(14.0720063177628,-135.500001959503,0.35374938889827));
#4771=CARTESIAN_POINT('Ctrl Pts',(14.161698239485,-136.000001959503,0.364214488090469));
#4772=CARTESIAN_POINT('Ctrl Pts',(14.161698239485,-135.500001959503,0.364214488090469));
#4773=CARTESIAN_POINT('Ctrl Pts',(14.1971349250525,-136.000001959503,0.368349179625511));
#4774=CARTESIAN_POINT('Ctrl Pts',(14.1971349250525,-135.500001959503,0.368349179625511));
#4775=CARTESIAN_POINT('',(13.9270123373717,-136.000001959503,0.354024395346642));
#4776=CARTESIAN_POINT('Ctrl Pts',(13.9270123373717,-136.000001959503,0.354024395346642));
#4777=CARTESIAN_POINT('Ctrl Pts',(13.9816621322211,-136.000001959503,0.353920742450533));
#4778=CARTESIAN_POINT('Ctrl Pts',(14.0720063177628,-136.000001959503,0.35374938889827));
#4779=CARTESIAN_POINT('Ctrl Pts',(14.161698239485,-136.000001959503,0.364214488090469));
#4780=CARTESIAN_POINT('Ctrl Pts',(14.1971349250525,-136.000001959503,0.368349179625511));
#4781=CARTESIAN_POINT('',(13.9270123373717,-135.500001959503,0.354024395346642));
#4782=CARTESIAN_POINT('',(13.9270123373717,-136.000001959503,0.354024395346642));
#4783=CARTESIAN_POINT('Ctrl Pts',(13.9270123373717,-135.500001959503,0.354024395346642));
#4784=CARTESIAN_POINT('Ctrl Pts',(13.9816621322211,-135.500001959503,0.353920742450533));
#4785=CARTESIAN_POINT('Ctrl Pts',(14.0720063177628,-135.500001959503,0.35374938889827));
#4786=CARTESIAN_POINT('Ctrl Pts',(14.161698239485,-135.500001959503,0.364214488090469));
#4787=CARTESIAN_POINT('Ctrl Pts',(14.1971349250525,-135.500001959503,0.368349179625511));
#4788=CARTESIAN_POINT('Origin',(13.1800817977637,-136.000001959503,0.354024395346642));
#4789=CARTESIAN_POINT('',(13.1800817977637,-136.000001959503,0.354024395346642));
#4790=CARTESIAN_POINT('',(180.840043473057,-136.000001959503,0.354024395346642));
#4791=CARTESIAN_POINT('',(13.1800817977637,-135.500001959503,0.354024395346642));
#4792=CARTESIAN_POINT('',(13.1800817977637,-136.000001959503,0.354024395346642));
#4793=CARTESIAN_POINT('',(13.1800817977637,-135.500001959503,0.354024395346642));
#4794=CARTESIAN_POINT('Origin',(13.1800817977637,-136.000001959503,1.38540245592594));
#4795=CARTESIAN_POINT('',(13.1800817977637,-136.000001959503,-0.30729877203698));
#4796=CARTESIAN_POINT('',(13.1800817977637,-135.500001959503,1.38540245592594));
#4797=CARTESIAN_POINT('Ctrl Pts',(14.4099589716643,-136.000001959503,0.0491132587194443));
#4798=CARTESIAN_POINT('Ctrl Pts',(14.4099589716643,-135.500001959503,0.0491132587194443));
#4799=CARTESIAN_POINT('Ctrl Pts',(14.3371871750716,-136.000001959503,0.0348168972798751));
#4800=CARTESIAN_POINT('Ctrl Pts',(14.3371871750716,-135.500001959503,0.0348168972798751));
#4801=CARTESIAN_POINT('Ctrl Pts',(14.177803258697,-136.000001959503,0.00350517786612381));
#4802=CARTESIAN_POINT('Ctrl Pts',(14.177803258697,-135.500001959503,0.00350517786612381));
#4803=CARTESIAN_POINT('Ctrl Pts',(14.0153126760984,-136.000001959503,0.00123408090192678));
#4804=CARTESIAN_POINT('Ctrl Pts',(14.0153126760984,-135.500001959503,0.00123408090192678));
#4805=CARTESIAN_POINT('Ctrl Pts',(13.9270123373717,-136.000001959503,-7.45058059692383E-8));
#4806=CARTESIAN_POINT('Ctrl Pts',(13.9270123373717,-135.500001959503,-7.45058059692383E-8));
#4807=CARTESIAN_POINT('',(14.4099589716643,-136.000001959503,0.0491132587194443));
#4808=CARTESIAN_POINT('',(13.9270123373717,-136.000001959503,-7.45058059692383E-8));
#4809=CARTESIAN_POINT('Ctrl Pts',(14.4099589716643,-136.000001959503,0.0491132587194443));
#4810=CARTESIAN_POINT('Ctrl Pts',(14.3371871750716,-136.000001959503,0.0348168972798751));
#4811=CARTESIAN_POINT('Ctrl Pts',(14.177803258697,-136.000001959503,0.00350517786612381));
#4812=CARTESIAN_POINT('Ctrl Pts',(14.0153126760984,-136.000001959503,0.00123408090192678));
#4813=CARTESIAN_POINT('Ctrl Pts',(13.9270123373717,-136.000001959503,-7.45058059692383E-8));
#4814=CARTESIAN_POINT('',(14.4099589716643,-135.500001959503,0.0491132587194443));
#4815=CARTESIAN_POINT('',(14.4099589716643,-136.000001959503,0.0491132587194443));
#4816=CARTESIAN_POINT('',(13.9270123373717,-135.500001959503,-7.45058059692383E-8));
#4817=CARTESIAN_POINT('Ctrl Pts',(14.4099589716643,-135.500001959503,0.0491132587194443));
#4818=CARTESIAN_POINT('Ctrl Pts',(14.3371871750716,-135.500001959503,0.0348168972798751));
#4819=CARTESIAN_POINT('Ctrl Pts',(14.177803258697,-135.500001959503,0.00350517786612381));
#4820=CARTESIAN_POINT('Ctrl Pts',(14.0153126760984,-135.500001959503,0.00123408090192678));
#4821=CARTESIAN_POINT('Ctrl Pts',(13.9270123373717,-135.500001959503,-7.45058059692383E-8));
#4822=CARTESIAN_POINT('',(13.9270123373717,-136.000001959503,-7.45058059692383E-8));
#4823=CARTESIAN_POINT('Ctrl Pts',(14.7394269239157,-136.000001959503,0.19849918782711));
#4824=CARTESIAN_POINT('Ctrl Pts',(14.7394269239157,-135.500001959503,0.19849918782711));
#4825=CARTESIAN_POINT('Ctrl Pts',(14.6912414381732,-136.000001959503,0.167292978249657));
#4826=CARTESIAN_POINT('Ctrl Pts',(14.6912414381732,-135.500001959503,0.167292978249657));
#4827=CARTESIAN_POINT('Ctrl Pts',(14.5889811666152,-136.000001959503,0.10106649082271));
#4828=CARTESIAN_POINT('Ctrl Pts',(14.5889811666152,-135.500001959503,0.10106649082271));
#4829=CARTESIAN_POINT('Ctrl Pts',(14.4718810191617,-136.000001959503,0.0670833797249687));
#4830=CARTESIAN_POINT('Ctrl Pts',(14.4718810191617,-135.500001959503,0.0670833797249687));
#4831=CARTESIAN_POINT('Ctrl Pts',(14.4099589716643,-136.000001959503,0.0491132587194443));
#4832=CARTESIAN_POINT('Ctrl Pts',(14.4099589716643,-135.500001959503,0.0491132587194443));
#4833=CARTESIAN_POINT('',(14.7394269239157,-136.000001959503,0.19849918782711));
#4834=CARTESIAN_POINT('Ctrl Pts',(14.7394269239157,-136.000001959503,0.19849918782711));
#4835=CARTESIAN_POINT('Ctrl Pts',(14.6912414381732,-136.000001959503,0.167292978249657));
#4836=CARTESIAN_POINT('Ctrl Pts',(14.5889811666152,-136.000001959503,0.10106649082271));
#4837=CARTESIAN_POINT('Ctrl Pts',(14.4718810191617,-136.000001959503,0.0670833797249687));
#4838=CARTESIAN_POINT('Ctrl Pts',(14.4099589716643,-136.000001959503,0.0491132587194443));
#4839=CARTESIAN_POINT('',(14.7394269239157,-135.500001959503,0.19849918782711));
#4840=CARTESIAN_POINT('',(14.7394269239157,-136.000001959503,0.19849918782711));
#4841=CARTESIAN_POINT('Ctrl Pts',(14.7394269239157,-135.500001959503,0.19849918782711));
#4842=CARTESIAN_POINT('Ctrl Pts',(14.6912414381732,-135.500001959503,0.167292978249657));
#4843=CARTESIAN_POINT('Ctrl Pts',(14.5889811666152,-135.500001959503,0.10106649082271));
#4844=CARTESIAN_POINT('Ctrl Pts',(14.4718810191617,-135.500001959503,0.0670833797249687));
#4845=CARTESIAN_POINT('Ctrl Pts',(14.4099589716643,-135.500001959503,0.0491132587194443));
#4846=CARTESIAN_POINT('Ctrl Pts',(14.9583902489394,-136.000001959503,0.476807579398155));
#4847=CARTESIAN_POINT('Ctrl Pts',(14.9583902489394,-135.500001959503,0.476807579398155));
#4848=CARTESIAN_POINT('Ctrl Pts',(14.9285322747192,-136.000001959503,0.421167051893832));
#4849=CARTESIAN_POINT('Ctrl Pts',(14.9285322747192,-135.500001959503,0.421167051893832));
#4850=CARTESIAN_POINT('Ctrl Pts',(14.8717985422622,-136.000001959503,0.315443375601406));
#4851=CARTESIAN_POINT('Ctrl Pts',(14.8717985422622,-135.500001959503,0.315443375601406));
#4852=CARTESIAN_POINT('Ctrl Pts',(14.7819769691627,-136.000001959503,0.236090180090618));
#4853=CARTESIAN_POINT('Ctrl Pts',(14.7819769691627,-135.500001959503,0.236090180090618));
#4854=CARTESIAN_POINT('Ctrl Pts',(14.7394269239157,-136.000001959503,0.19849918782711));
#4855=CARTESIAN_POINT('Ctrl Pts',(14.7394269239157,-135.500001959503,0.19849918782711));
#4856=CARTESIAN_POINT('',(14.9583902489394,-136.000001959503,0.476807579398155));
#4857=CARTESIAN_POINT('Ctrl Pts',(14.9583902489394,-136.000001959503,0.476807579398155));
#4858=CARTESIAN_POINT('Ctrl Pts',(14.9285322747192,-136.000001959503,0.421167051893832));
#4859=CARTESIAN_POINT('Ctrl Pts',(14.8717985422622,-136.000001959503,0.315443375601406));
#4860=CARTESIAN_POINT('Ctrl Pts',(14.7819769691627,-136.000001959503,0.236090180090618));
#4861=CARTESIAN_POINT('Ctrl Pts',(14.7394269239157,-136.000001959503,0.19849918782711));
#4862=CARTESIAN_POINT('',(14.9583902489394,-135.500001959503,0.476807579398155));
#4863=CARTESIAN_POINT('',(14.9583902489394,-136.000001959503,0.476807579398155));
#4864=CARTESIAN_POINT('Ctrl Pts',(14.9583902489394,-135.500001959503,0.476807579398155));
#4865=CARTESIAN_POINT('Ctrl Pts',(14.9285322747192,-135.500001959503,0.421167051893832));
#4866=CARTESIAN_POINT('Ctrl Pts',(14.8717985422622,-135.500001959503,0.315443375601406));
#4867=CARTESIAN_POINT('Ctrl Pts',(14.7819769691627,-135.500001959503,0.236090180090618));
#4868=CARTESIAN_POINT('Ctrl Pts',(14.7394269239157,-135.500001959503,0.19849918782711));
#4869=CARTESIAN_POINT('Ctrl Pts',(15.0484314095229,-136.000001959503,0.869713351130486));
#4870=CARTESIAN_POINT('Ctrl Pts',(15.0484314095229,-135.500001959503,0.869713351130486));
#4871=CARTESIAN_POINT('Ctrl Pts',(15.0448252318208,-136.000001959503,0.800943936769137));
#4872=CARTESIAN_POINT('Ctrl Pts',(15.0448252318208,-135.500001959503,0.800943936769137));
#4873=CARTESIAN_POINT('Ctrl Pts',(15.0376811711322,-136.000001959503,0.664707480802321));
#4874=CARTESIAN_POINT('Ctrl Pts',(15.0376811711322,-135.500001959503,0.664707480802321));
#4875=CARTESIAN_POINT('Ctrl Pts',(14.9846515748875,-136.000001959503,0.539040435567941));
#4876=CARTESIAN_POINT('Ctrl Pts',(14.9846515748875,-135.500001959503,0.539040435567941));
#4877=CARTESIAN_POINT('Ctrl Pts',(14.9583902489394,-136.000001959503,0.476807579398155));
#4878=CARTESIAN_POINT('Ctrl Pts',(14.9583902489394,-135.500001959503,0.476807579398155));
#4879=CARTESIAN_POINT('',(15.0484314095229,-136.000001959503,0.869713351130486));
#4880=CARTESIAN_POINT('Ctrl Pts',(15.0484314095229,-136.000001959503,0.869713351130486));
#4881=CARTESIAN_POINT('Ctrl Pts',(15.0448252318208,-136.000001959503,0.800943936769137));
#4882=CARTESIAN_POINT('Ctrl Pts',(15.0376811711322,-136.000001959503,0.664707480802321));
#4883=CARTESIAN_POINT('Ctrl Pts',(14.9846515748875,-136.000001959503,0.539040435567941));
#4884=CARTESIAN_POINT('Ctrl Pts',(14.9583902489394,-136.000001959503,0.476807579398155));
#4885=CARTESIAN_POINT('',(15.0484314095229,-135.500001959503,0.869713351130486));
#4886=CARTESIAN_POINT('',(15.0484314095229,-136.000001959503,0.869713351130486));
#4887=CARTESIAN_POINT('Ctrl Pts',(15.0484314095229,-135.500001959503,0.869713351130486));
#4888=CARTESIAN_POINT('Ctrl Pts',(15.0448252318208,-135.500001959503,0.800943936769137));
#4889=CARTESIAN_POINT('Ctrl Pts',(15.0376811711322,-135.500001959503,0.664707480802321));
#4890=CARTESIAN_POINT('Ctrl Pts',(14.9846515748875,-135.500001959503,0.539040435567941));
#4891=CARTESIAN_POINT('Ctrl Pts',(14.9583902489394,-135.500001959503,0.476807579398155));
#4892=CARTESIAN_POINT('Ctrl Pts',(14.9010914098471,-136.000001959503,1.32401086390018));
#4893=CARTESIAN_POINT('Ctrl Pts',(14.9010914098471,-135.500001959503,1.32401086390018));
#4894=CARTESIAN_POINT('Ctrl Pts',(14.9440601881074,-136.000001959503,1.25610626023756));
#4895=CARTESIAN_POINT('Ctrl Pts',(14.9440601881074,-135.500001959503,1.25610626023756));
#4896=CARTESIAN_POINT('Ctrl Pts',(15.0318497715655,-136.000001959503,1.11737024977137));
#4897=CARTESIAN_POINT('Ctrl Pts',(15.0318497715655,-135.500001959503,1.11737024977137));
#4898=CARTESIAN_POINT('Ctrl Pts',(15.0428270042249,-136.000001959503,0.953418570023179));
#4899=CARTESIAN_POINT('Ctrl Pts',(15.0428270042249,-135.500001959503,0.953418570023179));
#4900=CARTESIAN_POINT('Ctrl Pts',(15.0484314095229,-136.000001959503,0.869713351130486));
#4901=CARTESIAN_POINT('Ctrl Pts',(15.0484314095229,-135.500001959503,0.869713351130486));
#4902=CARTESIAN_POINT('',(14.9010914098471,-136.000001959503,1.32401086390018));
#4903=CARTESIAN_POINT('Ctrl Pts',(14.9010914098471,-136.000001959503,1.32401086390018));
#4904=CARTESIAN_POINT('Ctrl Pts',(14.9440601881074,-136.000001959503,1.25610626023756));
#4905=CARTESIAN_POINT('Ctrl Pts',(15.0318497715655,-136.000001959503,1.11737024977137));
#4906=CARTESIAN_POINT('Ctrl Pts',(15.0428270042249,-136.000001959503,0.953418570023179));
#4907=CARTESIAN_POINT('Ctrl Pts',(15.0484314095229,-136.000001959503,0.869713351130486));
#4908=CARTESIAN_POINT('',(14.9010914098471,-135.500001959503,1.32401086390018));
#4909=CARTESIAN_POINT('',(14.9010914098471,-136.000001959503,1.32401086390018));
#4910=CARTESIAN_POINT('Ctrl Pts',(14.9010914098471,-135.500001959503,1.32401086390018));
#4911=CARTESIAN_POINT('Ctrl Pts',(14.9440601881074,-135.500001959503,1.25610626023756));
#4912=CARTESIAN_POINT('Ctrl Pts',(15.0318497715655,-135.500001959503,1.11737024977137));
#4913=CARTESIAN_POINT('Ctrl Pts',(15.0428270042249,-135.500001959503,0.953418570023179));
#4914=CARTESIAN_POINT('Ctrl Pts',(15.0484314095229,-135.500001959503,0.869713351130486));
#4915=CARTESIAN_POINT('Ctrl Pts',(14.4836288224906,-136.000001959503,1.59617997705936));
#4916=CARTESIAN_POINT('Ctrl Pts',(14.4836288224906,-135.500001959503,1.59617997705936));
#4917=CARTESIAN_POINT('Ctrl Pts',(14.5678869183991,-136.000001959503,1.56640066194639));
#4918=CARTESIAN_POINT('Ctrl Pts',(14.5678869183991,-135.500001959503,1.56640066194639));
#4919=CARTESIAN_POINT('Ctrl Pts',(14.7293347691571,-136.000001959503,1.50934019351075));
#4920=CARTESIAN_POINT('Ctrl Pts',(14.7293347691571,-135.500001959503,1.50934019351075));
#4921=CARTESIAN_POINT('Ctrl Pts',(14.8455349817021,-136.000001959503,1.38395751599067));
#4922=CARTESIAN_POINT('Ctrl Pts',(14.8455349817021,-135.500001959503,1.38395751599067));
#4923=CARTESIAN_POINT('Ctrl Pts',(14.9010914098471,-136.000001959503,1.32401086390018));
#4924=CARTESIAN_POINT('Ctrl Pts',(14.9010914098471,-135.500001959503,1.32401086390018));
#4925=CARTESIAN_POINT('',(14.4836288224906,-136.000001959503,1.59617997705936));
#4926=CARTESIAN_POINT('Ctrl Pts',(14.4836288224906,-136.000001959503,1.59617997705936));
#4927=CARTESIAN_POINT('Ctrl Pts',(14.5678869183991,-136.000001959503,1.56640066194639));
#4928=CARTESIAN_POINT('Ctrl Pts',(14.7293347691571,-136.000001959503,1.50934019351075));
#4929=CARTESIAN_POINT('Ctrl Pts',(14.8455349817021,-136.000001959503,1.38395751599067));
#4930=CARTESIAN_POINT('Ctrl Pts',(14.9010914098471,-136.000001959503,1.32401086390018));
#4931=CARTESIAN_POINT('',(14.4836288224906,-135.500001959503,1.59617997705936));
#4932=CARTESIAN_POINT('',(14.4836288224906,-136.000001959503,1.59617997705936));
#4933=CARTESIAN_POINT('Ctrl Pts',(14.4836288224906,-135.500001959503,1.59617997705936));
#4934=CARTESIAN_POINT('Ctrl Pts',(14.5678869183991,-135.500001959503,1.56640066194639));
#4935=CARTESIAN_POINT('Ctrl Pts',(14.7293347691571,-135.500001959503,1.50934019351075));
#4936=CARTESIAN_POINT('Ctrl Pts',(14.8455349817021,-135.500001959503,1.38395751599067));
#4937=CARTESIAN_POINT('Ctrl Pts',(14.9010914098471,-135.500001959503,1.32401086390018));
#4938=CARTESIAN_POINT('Ctrl Pts',(14.7987722884864,-136.000001959503,1.87039561569691));
#4939=CARTESIAN_POINT('Ctrl Pts',(14.7987722884864,-135.500001959503,1.87039561569691));
#4940=CARTESIAN_POINT('Ctrl Pts',(14.7581258212736,-136.000001959503,1.81582035673061));
#4941=CARTESIAN_POINT('Ctrl Pts',(14.7581258212736,-135.500001959503,1.81582035673061));
#4942=CARTESIAN_POINT('Ctrl Pts',(14.6731143761865,-136.000001959503,1.70167706338024));
#4943=CARTESIAN_POINT('Ctrl Pts',(14.6731143761865,-135.500001959503,1.70167706338024));
#4944=CARTESIAN_POINT('Ctrl Pts',(14.5486060587195,-136.000001959503,1.63235639771852));
#4945=CARTESIAN_POINT('Ctrl Pts',(14.5486060587195,-135.500001959503,1.63235639771852));
#4946=CARTESIAN_POINT('Ctrl Pts',(14.4836288224906,-136.000001959503,1.59617997705936));
#4947=CARTESIAN_POINT('Ctrl Pts',(14.4836288224906,-135.500001959503,1.59617997705936));
#4948=CARTESIAN_POINT('',(14.7987722884864,-136.000001959503,1.87039561569691));
#4949=CARTESIAN_POINT('Ctrl Pts',(14.7987722884864,-136.000001959503,1.87039561569691));
#4950=CARTESIAN_POINT('Ctrl Pts',(14.7581258212736,-136.000001959503,1.81582035673061));
#4951=CARTESIAN_POINT('Ctrl Pts',(14.6731143761865,-136.000001959503,1.70167706338024));
#4952=CARTESIAN_POINT('Ctrl Pts',(14.5486060587195,-136.000001959503,1.63235639771852));
#4953=CARTESIAN_POINT('Ctrl Pts',(14.4836288224906,-136.000001959503,1.59617997705936));
#4954=CARTESIAN_POINT('',(14.7987722884864,-135.500001959503,1.87039561569691));
#4955=CARTESIAN_POINT('',(14.7987722884864,-136.000001959503,1.87039561569691));
#4956=CARTESIAN_POINT('Ctrl Pts',(14.7987722884864,-135.500001959503,1.87039561569691));
#4957=CARTESIAN_POINT('Ctrl Pts',(14.7581258212736,-135.500001959503,1.81582035673061));
#4958=CARTESIAN_POINT('Ctrl Pts',(14.6731143761865,-135.500001959503,1.70167706338024));
#4959=CARTESIAN_POINT('Ctrl Pts',(14.5486060587195,-135.500001959503,1.63235639771852));
#4960=CARTESIAN_POINT('Ctrl Pts',(14.4836288224906,-135.500001959503,1.59617997705936));
#4961=CARTESIAN_POINT('Ctrl Pts',(14.9031379353255,-136.000001959503,2.23260574042797));
#4962=CARTESIAN_POINT('Ctrl Pts',(14.9031379353255,-135.500001959503,2.23260574042797));
#4963=CARTESIAN_POINT('Ctrl Pts',(14.898627361092,-136.000001959503,2.16916126433667));
#4964=CARTESIAN_POINT('Ctrl Pts',(14.898627361092,-135.500001959503,2.16916126433667));
#4965=CARTESIAN_POINT('Ctrl Pts',(14.8895201630926,-136.000001959503,2.04106196348827));
#4966=CARTESIAN_POINT('Ctrl Pts',(14.8895201630926,-135.500001959503,2.04106196348827));
#4967=CARTESIAN_POINT('Ctrl Pts',(14.8292115224655,-136.000001959503,1.92764161639195));
#4968=CARTESIAN_POINT('Ctrl Pts',(14.8292115224655,-135.500001959503,1.92764161639195));
#4969=CARTESIAN_POINT('Ctrl Pts',(14.7987722884864,-136.000001959503,1.87039561569691));
#4970=CARTESIAN_POINT('Ctrl Pts',(14.7987722884864,-135.500001959503,1.87039561569691));
#4971=CARTESIAN_POINT('',(14.9031379353255,-136.000001959503,2.23260574042797));
#4972=CARTESIAN_POINT('Ctrl Pts',(14.9031379353255,-136.000001959503,2.23260574042797));
#4973=CARTESIAN_POINT('Ctrl Pts',(14.898627361092,-136.000001959503,2.16916126433667));
#4974=CARTESIAN_POINT('Ctrl Pts',(14.8895201630926,-136.000001959503,2.04106196348827));
#4975=CARTESIAN_POINT('Ctrl Pts',(14.8292115224655,-136.000001959503,1.92764161639195));
#4976=CARTESIAN_POINT('Ctrl Pts',(14.7987722884864,-136.000001959503,1.87039561569691));
#4977=CARTESIAN_POINT('',(14.9031379353255,-135.500001959503,2.23260574042797));
#4978=CARTESIAN_POINT('',(14.9031379353255,-136.000001959503,2.23260574042797));
#4979=CARTESIAN_POINT('Ctrl Pts',(14.9031379353255,-135.500001959503,2.23260574042797));
#4980=CARTESIAN_POINT('Ctrl Pts',(14.898627361092,-135.500001959503,2.16916126433667));
#4981=CARTESIAN_POINT('Ctrl Pts',(14.8895201630926,-135.500001959503,2.04106196348827));
#4982=CARTESIAN_POINT('Ctrl Pts',(14.8292115224655,-135.500001959503,1.92764161639195));
#4983=CARTESIAN_POINT('Ctrl Pts',(14.7987722884864,-135.500001959503,1.87039561569691));
#4984=CARTESIAN_POINT('Ctrl Pts',(14.7844475042075,-136.000001959503,2.62755803763866));
#4985=CARTESIAN_POINT('Ctrl Pts',(14.7844475042075,-135.500001959503,2.62755803763866));
#4986=CARTESIAN_POINT('Ctrl Pts',(14.819061624293,-136.000001959503,2.56473720529438));
#4987=CARTESIAN_POINT('Ctrl Pts',(14.819061624293,-135.500001959503,2.56473720529438));
#4988=CARTESIAN_POINT('Ctrl Pts',(14.8869575857028,-136.000001959503,2.44151348046653));
#4989=CARTESIAN_POINT('Ctrl Pts',(14.8869575857028,-135.500001959503,2.44151348046653));
#4990=CARTESIAN_POINT('Ctrl Pts',(14.897815504771,-136.000001959503,2.30132470908998));
#4991=CARTESIAN_POINT('Ctrl Pts',(14.897815504771,-135.500001959503,2.30132470908998));
#4992=CARTESIAN_POINT('Ctrl Pts',(14.9031379353255,-136.000001959503,2.23260574042797));
#4993=CARTESIAN_POINT('Ctrl Pts',(14.9031379353255,-135.500001959503,2.23260574042797));
#4994=CARTESIAN_POINT('',(14.7844475042075,-136.000001959503,2.62755803763866));
#4995=CARTESIAN_POINT('Ctrl Pts',(14.7844475042075,-136.000001959503,2.62755803763866));
#4996=CARTESIAN_POINT('Ctrl Pts',(14.819061624293,-136.000001959503,2.56473720529438));
#4997=CARTESIAN_POINT('Ctrl Pts',(14.8869575857028,-136.000001959503,2.44151348046653));
#4998=CARTESIAN_POINT('Ctrl Pts',(14.897815504771,-136.000001959503,2.30132470908998));
#4999=CARTESIAN_POINT('Ctrl Pts',(14.9031379353255,-136.000001959503,2.23260574042797));
#5000=CARTESIAN_POINT('',(14.7844475042075,-135.500001959503,2.62755803763866));
#5001=CARTESIAN_POINT('',(14.7844475042075,-136.000001959503,2.62755803763866));
#5002=CARTESIAN_POINT('Ctrl Pts',(14.7844475042075,-135.500001959503,2.62755803763866));
#5003=CARTESIAN_POINT('Ctrl Pts',(14.819061624293,-135.500001959503,2.56473720529438));
#5004=CARTESIAN_POINT('Ctrl Pts',(14.8869575857028,-135.500001959503,2.44151348046653));
#5005=CARTESIAN_POINT('Ctrl Pts',(14.897815504771,-135.500001959503,2.30132470908998));
#5006=CARTESIAN_POINT('Ctrl Pts',(14.9031379353255,-135.500001959503,2.23260574042797));
#5007=CARTESIAN_POINT('Ctrl Pts',(14.4590723048896,-136.000001959503,2.90791265666485));
#5008=CARTESIAN_POINT('Ctrl Pts',(14.4590723048896,-135.500001959503,2.90791265666485));
#5009=CARTESIAN_POINT('Ctrl Pts',(14.5247160952204,-136.000001959503,2.87387754917752));
#5010=CARTESIAN_POINT('Ctrl Pts',(14.5247160952204,-135.500001959503,2.87387754917752));
#5011=CARTESIAN_POINT('Ctrl Pts',(14.6553643148462,-136.000001959503,2.80613883123362));
#5012=CARTESIAN_POINT('Ctrl Pts',(14.6553643148462,-135.500001959503,2.80613883123362));
#5013=CARTESIAN_POINT('Ctrl Pts',(14.7415603820434,-136.000001959503,2.68689044450722));
#5014=CARTESIAN_POINT('Ctrl Pts',(14.7415603820434,-135.500001959503,2.68689044450722));
#5015=CARTESIAN_POINT('Ctrl Pts',(14.7844475042075,-136.000001959503,2.62755803763866));
#5016=CARTESIAN_POINT('Ctrl Pts',(14.7844475042075,-135.500001959503,2.62755803763866));
#5017=CARTESIAN_POINT('',(14.4590723048896,-136.000001959503,2.90791265666485));
#5018=CARTESIAN_POINT('Ctrl Pts',(14.4590723048896,-136.000001959503,2.90791265666485));
#5019=CARTESIAN_POINT('Ctrl Pts',(14.5247160952204,-136.000001959503,2.87387754917752));
#5020=CARTESIAN_POINT('Ctrl Pts',(14.6553643148462,-136.000001959503,2.80613883123362));
#5021=CARTESIAN_POINT('Ctrl Pts',(14.7415603820434,-136.000001959503,2.68689044450722));
#5022=CARTESIAN_POINT('Ctrl Pts',(14.7844475042075,-136.000001959503,2.62755803763866));
#5023=CARTESIAN_POINT('',(14.4590723048896,-135.500001959503,2.90791265666485));
#5024=CARTESIAN_POINT('',(14.4590723048896,-136.000001959503,2.90791265666485));
#5025=CARTESIAN_POINT('Ctrl Pts',(14.4590723048896,-135.500001959503,2.90791265666485));
#5026=CARTESIAN_POINT('Ctrl Pts',(14.5247160952204,-135.500001959503,2.87387754917752));
#5027=CARTESIAN_POINT('Ctrl Pts',(14.6553643148462,-135.500001959503,2.80613883123362));
#5028=CARTESIAN_POINT('Ctrl Pts',(14.7415603820434,-135.500001959503,2.68689044450722));
#5029=CARTESIAN_POINT('Ctrl Pts',(14.7844475042075,-135.500001959503,2.62755803763866));
#5030=CARTESIAN_POINT('Ctrl Pts',(13.9085948001593,-136.000001959503,3.00000004470348));
#5031=CARTESIAN_POINT('Ctrl Pts',(13.9085948001593,-135.500001959503,3.00000004470348));
#5032=CARTESIAN_POINT('Ctrl Pts',(14.0127956173206,-136.000001959503,2.99808822209128));
#5033=CARTESIAN_POINT('Ctrl Pts',(14.0127956173206,-135.500001959503,2.99808822209128));
#5034=CARTESIAN_POINT('Ctrl Pts',(14.2011519269814,-136.000001959503,2.99463235809931));
#5035=CARTESIAN_POINT('Ctrl Pts',(14.2011519269814,-135.500001959503,2.99463235809931));
#5036=CARTESIAN_POINT('Ctrl Pts',(14.3794228502368,-136.000001959503,2.93469292499002));
#5037=CARTESIAN_POINT('Ctrl Pts',(14.3794228502368,-135.500001959503,2.93469292499002));
#5038=CARTESIAN_POINT('Ctrl Pts',(14.4590723048896,-136.000001959503,2.90791265666485));
#5039=CARTESIAN_POINT('Ctrl Pts',(14.4590723048896,-135.500001959503,2.90791265666485));
#5040=CARTESIAN_POINT('',(13.9085948001593,-136.000001959503,3.00000004470348));
#5041=CARTESIAN_POINT('Ctrl Pts',(13.9085948001593,-136.000001959503,3.00000004470348));
#5042=CARTESIAN_POINT('Ctrl Pts',(14.0127956173206,-136.000001959503,2.99808822209128));
#5043=CARTESIAN_POINT('Ctrl Pts',(14.2011519269814,-136.000001959503,2.99463235809931));
#5044=CARTESIAN_POINT('Ctrl Pts',(14.3794228502368,-136.000001959503,2.93469292499002));
#5045=CARTESIAN_POINT('Ctrl Pts',(14.4590723048896,-136.000001959503,2.90791265666485));
#5046=CARTESIAN_POINT('',(13.9085948001593,-135.500001959503,3.00000004470348));
#5047=CARTESIAN_POINT('',(13.9085948001593,-136.000001959503,3.00000004470348));
#5048=CARTESIAN_POINT('Ctrl Pts',(13.9085948001593,-135.500001959503,3.00000004470348));
#5049=CARTESIAN_POINT('Ctrl Pts',(14.0127956173206,-135.500001959503,2.99808822209128));
#5050=CARTESIAN_POINT('Ctrl Pts',(14.2011519269814,-135.500001959503,2.99463235809931));
#5051=CARTESIAN_POINT('Ctrl Pts',(14.3794228502368,-135.500001959503,2.93469292499002));
#5052=CARTESIAN_POINT('Ctrl Pts',(14.4590723048896,-135.500001959503,2.90791265666485));
#5053=CARTESIAN_POINT('Origin',(12.7830832730979,-136.000001959503,3.00000004470348));
#5054=CARTESIAN_POINT('',(12.7830832730979,-136.000001959503,3.00000004470348));
#5055=CARTESIAN_POINT('',(180.641544210725,-136.000001959503,3.00000004470348));
#5056=CARTESIAN_POINT('',(12.7830832730979,-135.500001959503,3.00000004470348));
#5057=CARTESIAN_POINT('',(12.7830832730979,-136.000001959503,3.00000004470348));
#5058=CARTESIAN_POINT('',(12.7830832730979,-135.500001959503,3.00000004470348));
#5059=CARTESIAN_POINT('Origin',(12.7830832730979,-136.000001959503,-7.45058059692383E-8));
#5060=CARTESIAN_POINT('',(12.7830832730979,-136.000001959503,-7.45058059692383E-8));
#5061=CARTESIAN_POINT('',(12.7830832730979,-136.000001959503,-1.00000003725285));
#5062=CARTESIAN_POINT('',(12.7830832730979,-135.500001959503,-7.45058059692383E-8));
#5063=CARTESIAN_POINT('',(12.7830832730979,-136.000001959503,-7.45058059692383E-8));
#5064=CARTESIAN_POINT('',(12.7830832730979,-135.500001959503,-7.45058059692383E-8));
#5065=CARTESIAN_POINT('Origin',(13.9270123373717,-136.000001959503,-7.45058059692383E-8));
#5066=CARTESIAN_POINT('',(181.213508742861,-136.000001959503,-7.45058059692383E-8));
#5067=CARTESIAN_POINT('',(13.9270123373717,-135.500001959503,-7.45058059692383E-8));
#5068=CARTESIAN_POINT('Origin',(19.7060026740655,-135.500001959503,1.48158244788647));
#5069=CARTESIAN_POINT('Ctrl Pts',(19.2066850792617,-136.000001959503,0.587312206625938));
#5070=CARTESIAN_POINT('Ctrl Pts',(19.2066850792617,-135.500001959503,0.587312206625938));
#5071=CARTESIAN_POINT('Ctrl Pts',(19.2239059531028,-136.000001959503,0.638391710732326));
#5072=CARTESIAN_POINT('Ctrl Pts',(19.2239059531028,-135.500001959503,0.638391710732326));
#5073=CARTESIAN_POINT('Ctrl Pts',(19.2640858713682,-136.000001959503,0.757570930031058));
#5074=CARTESIAN_POINT('Ctrl Pts',(19.2640858713682,-135.500001959503,0.757570930031058));
#5075=CARTESIAN_POINT('Ctrl Pts',(19.2653233443855,-136.000001959503,0.883630544716231));
#5076=CARTESIAN_POINT('Ctrl Pts',(19.2653233443855,-135.500001959503,0.883630544716231));
#5077=CARTESIAN_POINT('Ctrl Pts',(19.2660304438323,-136.000001959503,0.955661758780479));
#5078=CARTESIAN_POINT('Ctrl Pts',(19.2660304438323,-135.500001959503,0.955661758780479));
#5079=CARTESIAN_POINT('',(19.2066850792617,-136.000001959503,0.587312206625938));
#5080=CARTESIAN_POINT('',(19.2660304438323,-136.000001959503,0.955661758780479));
#5081=CARTESIAN_POINT('Ctrl Pts',(19.2066850792617,-136.000001959503,0.587312206625938));
#5082=CARTESIAN_POINT('Ctrl Pts',(19.2239059531028,-136.000001959503,0.638391710732326));
#5083=CARTESIAN_POINT('Ctrl Pts',(19.2640858713682,-136.000001959503,0.757570930031058));
#5084=CARTESIAN_POINT('Ctrl Pts',(19.2653233443855,-136.000001959503,0.883630544716231));
#5085=CARTESIAN_POINT('Ctrl Pts',(19.2660304438323,-136.000001959503,0.955661758780479));
#5086=CARTESIAN_POINT('',(19.2066850792617,-135.500001959503,0.587312206625938));
#5087=CARTESIAN_POINT('',(19.2066850792617,-136.000001959503,0.587312206625938));
#5088=CARTESIAN_POINT('',(19.2660304438323,-135.500001959503,0.955661758780479));
#5089=CARTESIAN_POINT('Ctrl Pts',(19.2066850792617,-135.500001959503,0.587312206625938));
#5090=CARTESIAN_POINT('Ctrl Pts',(19.2239059531028,-135.500001959503,0.638391710732326));
#5091=CARTESIAN_POINT('Ctrl Pts',(19.2640858713682,-135.500001959503,0.757570930031058));
#5092=CARTESIAN_POINT('Ctrl Pts',(19.2653233443855,-135.500001959503,0.883630544716231));
#5093=CARTESIAN_POINT('Ctrl Pts',(19.2660304438323,-135.500001959503,0.955661758780479));
#5094=CARTESIAN_POINT('',(19.2660304438323,-136.000001959503,0.955661758780479));
#5095=CARTESIAN_POINT('Ctrl Pts',(18.9631655346602,-136.000001959503,0.331514105200768));
#5096=CARTESIAN_POINT('Ctrl Pts',(18.9631655346602,-135.500001959503,0.331514105200768));
#5097=CARTESIAN_POINT('Ctrl Pts',(19.0145316592686,-136.000001959503,0.36525496716591));
#5098=CARTESIAN_POINT('Ctrl Pts',(19.0145316592686,-135.500001959503,0.36525496716591));
#5099=CARTESIAN_POINT('Ctrl Pts',(19.1156206767921,-136.000001959503,0.431657301631653));
#5100=CARTESIAN_POINT('Ctrl Pts',(19.1156206767921,-135.500001959503,0.431657301631653));
#5101=CARTESIAN_POINT('Ctrl Pts',(19.1766610213527,-136.000001959503,0.535992571789155));
#5102=CARTESIAN_POINT('Ctrl Pts',(19.1766610213527,-135.500001959503,0.535992571789155));
#5103=CARTESIAN_POINT('Ctrl Pts',(19.2066850792617,-136.000001959503,0.587312206625938));
#5104=CARTESIAN_POINT('Ctrl Pts',(19.2066850792617,-135.500001959503,0.587312206625938));
#5105=CARTESIAN_POINT('',(18.9631655346602,-136.000001959503,0.331514105200768));
#5106=CARTESIAN_POINT('Ctrl Pts',(18.9631655346602,-136.000001959503,0.331514105200768));
#5107=CARTESIAN_POINT('Ctrl Pts',(19.0145316592686,-136.000001959503,0.36525496716591));
#5108=CARTESIAN_POINT('Ctrl Pts',(19.1156206767921,-136.000001959503,0.431657301631653));
#5109=CARTESIAN_POINT('Ctrl Pts',(19.1766610213527,-136.000001959503,0.535992571789155));
#5110=CARTESIAN_POINT('Ctrl Pts',(19.2066850792617,-136.000001959503,0.587312206625938));
#5111=CARTESIAN_POINT('',(18.9631655346602,-135.500001959503,0.331514105200768));
#5112=CARTESIAN_POINT('',(18.9631655346602,-136.000001959503,0.331514105200768));
#5113=CARTESIAN_POINT('Ctrl Pts',(18.9631655346602,-135.500001959503,0.331514105200768));
#5114=CARTESIAN_POINT('Ctrl Pts',(19.0145316592686,-135.500001959503,0.36525496716591));
#5115=CARTESIAN_POINT('Ctrl Pts',(19.1156206767921,-135.500001959503,0.431657301631653));
#5116=CARTESIAN_POINT('Ctrl Pts',(19.1766610213527,-135.500001959503,0.535992571789155));
#5117=CARTESIAN_POINT('Ctrl Pts',(19.2066850792617,-135.500001959503,0.587312206625938));
#5118=CARTESIAN_POINT('Ctrl Pts',(18.5845842491835,-136.000001959503,0.239427015185356));
#5119=CARTESIAN_POINT('Ctrl Pts',(18.5845842491835,-135.500001959503,0.239427015185356));
#5120=CARTESIAN_POINT('Ctrl Pts',(18.6526727640006,-136.000001959503,0.242778036159919));
#5121=CARTESIAN_POINT('Ctrl Pts',(18.6526727640006,-135.500001959503,0.242778036159919));
#5122=CARTESIAN_POINT('Ctrl Pts',(18.784850937635,-136.000001959503,0.249283271784723));
#5123=CARTESIAN_POINT('Ctrl Pts',(18.784850937635,-135.500001959503,0.249283271784723));
#5124=CARTESIAN_POINT('Ctrl Pts',(18.9049383583434,-136.000001959503,0.304662297688229));
#5125=CARTESIAN_POINT('Ctrl Pts',(18.9049383583434,-135.500001959503,0.304662297688229));
#5126=CARTESIAN_POINT('Ctrl Pts',(18.9631655346602,-136.000001959503,0.331514105200768));
#5127=CARTESIAN_POINT('Ctrl Pts',(18.9631655346602,-135.500001959503,0.331514105200768));
#5128=CARTESIAN_POINT('',(18.5845842491835,-136.000001959503,0.239427015185356));
#5129=CARTESIAN_POINT('Ctrl Pts',(18.5845842491835,-136.000001959503,0.239427015185356));
#5130=CARTESIAN_POINT('Ctrl Pts',(18.6526727640006,-136.000001959503,0.242778036159919));
#5131=CARTESIAN_POINT('Ctrl Pts',(18.784850937635,-136.000001959503,0.249283271784723));
#5132=CARTESIAN_POINT('Ctrl Pts',(18.9049383583434,-136.000001959503,0.304662297688229));
#5133=CARTESIAN_POINT('Ctrl Pts',(18.9631655346602,-136.000001959503,0.331514105200768));
#5134=CARTESIAN_POINT('',(18.5845842491835,-135.500001959503,0.239427015185356));
#5135=CARTESIAN_POINT('',(18.5845842491835,-136.000001959503,0.239427015185356));
#5136=CARTESIAN_POINT('Ctrl Pts',(18.5845842491835,-135.500001959503,0.239427015185356));
#5137=CARTESIAN_POINT('Ctrl Pts',(18.6526727640006,-135.500001959503,0.242778036159919));
#5138=CARTESIAN_POINT('Ctrl Pts',(18.784850937635,-135.500001959503,0.249283271784723));
#5139=CARTESIAN_POINT('Ctrl Pts',(18.9049383583434,-135.500001959503,0.304662297688229));
#5140=CARTESIAN_POINT('Ctrl Pts',(18.9631655346602,-135.500001959503,0.331514105200768));
#5141=CARTESIAN_POINT('Ctrl Pts',(18.2571628224105,-136.000001959503,0.337653383612633));
#5142=CARTESIAN_POINT('Ctrl Pts',(18.2571628224105,-135.500001959503,0.337653383612633));
#5143=CARTESIAN_POINT('Ctrl Pts',(18.3019207756542,-136.000001959503,0.309076725694726));
#5144=CARTESIAN_POINT('Ctrl Pts',(18.3019207756542,-135.500001959503,0.309076725694726));
#5145=CARTESIAN_POINT('Ctrl Pts',(18.4012517506108,-136.000001959503,0.24565677267476));
#5146=CARTESIAN_POINT('Ctrl Pts',(18.4012517506108,-135.500001959503,0.24565677267476));
#5147=CARTESIAN_POINT('Ctrl Pts',(18.5195761360624,-136.000001959503,0.241636033132208));
#5148=CARTESIAN_POINT('Ctrl Pts',(18.5195761360624,-135.500001959503,0.241636033132208));
#5149=CARTESIAN_POINT('Ctrl Pts',(18.5845842491835,-136.000001959503,0.239427015185356));
#5150=CARTESIAN_POINT('Ctrl Pts',(18.5845842491835,-135.500001959503,0.239427015185356));
#5151=CARTESIAN_POINT('',(18.2571628224105,-136.000001959503,0.337653383612633));
#5152=CARTESIAN_POINT('Ctrl Pts',(18.2571628224105,-136.000001959503,0.337653383612633));
#5153=CARTESIAN_POINT('Ctrl Pts',(18.3019207756542,-136.000001959503,0.309076725694726));
#5154=CARTESIAN_POINT('Ctrl Pts',(18.4012517506108,-136.000001959503,0.24565677267476));
#5155=CARTESIAN_POINT('Ctrl Pts',(18.5195761360624,-136.000001959503,0.241636033132208));
#5156=CARTESIAN_POINT('Ctrl Pts',(18.5845842491835,-136.000001959503,0.239427015185356));
#5157=CARTESIAN_POINT('',(18.2571628224105,-135.500001959503,0.337653383612633));
#5158=CARTESIAN_POINT('',(18.2571628224105,-136.000001959503,0.337653383612633));
#5159=CARTESIAN_POINT('Ctrl Pts',(18.2571628224105,-135.500001959503,0.337653383612633));
#5160=CARTESIAN_POINT('Ctrl Pts',(18.3019207756542,-135.500001959503,0.309076725694726));
#5161=CARTESIAN_POINT('Ctrl Pts',(18.4012517506108,-135.500001959503,0.24565677267476));
#5162=CARTESIAN_POINT('Ctrl Pts',(18.5195761360624,-135.500001959503,0.241636033132208));
#5163=CARTESIAN_POINT('Ctrl Pts',(18.5845842491835,-135.500001959503,0.239427015185356));
#5164=CARTESIAN_POINT('Ctrl Pts',(18.1466575991362,-136.000001959503,0.583219453692436));
#5165=CARTESIAN_POINT('Ctrl Pts',(18.1466575991362,-135.500001959503,0.583219453692436));
#5166=CARTESIAN_POINT('Ctrl Pts',(18.1512801167812,-136.000001959503,0.536136398860388));
#5167=CARTESIAN_POINT('Ctrl Pts',(18.1512801167812,-135.500001959503,0.536136398860388));
#5168=CARTESIAN_POINT('Ctrl Pts',(18.1605343144759,-136.000001959503,0.441876964726383));
#5169=CARTESIAN_POINT('Ctrl Pts',(18.1605343144759,-135.500001959503,0.441876964726383));
#5170=CARTESIAN_POINT('Ctrl Pts',(18.2249320667697,-136.000001959503,0.37241750081451));
#5171=CARTESIAN_POINT('Ctrl Pts',(18.2249320667697,-135.500001959503,0.37241750081451));
#5172=CARTESIAN_POINT('Ctrl Pts',(18.2571628224105,-136.000001959503,0.337653383612633));
#5173=CARTESIAN_POINT('Ctrl Pts',(18.2571628224105,-135.500001959503,0.337653383612633));
#5174=CARTESIAN_POINT('',(18.1466575991362,-136.000001959503,0.583219453692436));
#5175=CARTESIAN_POINT('Ctrl Pts',(18.1466575991362,-136.000001959503,0.583219453692436));
#5176=CARTESIAN_POINT('Ctrl Pts',(18.1512801167812,-136.000001959503,0.536136398860388));
#5177=CARTESIAN_POINT('Ctrl Pts',(18.1605343144759,-136.000001959503,0.441876964726383));
#5178=CARTESIAN_POINT('Ctrl Pts',(18.2249320667697,-136.000001959503,0.37241750081451));
#5179=CARTESIAN_POINT('Ctrl Pts',(18.2571628224105,-136.000001959503,0.337653383612633));
#5180=CARTESIAN_POINT('',(18.1466575991362,-135.500001959503,0.583219453692436));
#5181=CARTESIAN_POINT('',(18.1466575991362,-136.000001959503,0.583219453692436));
#5182=CARTESIAN_POINT('Ctrl Pts',(18.1466575991362,-135.500001959503,0.583219453692436));
#5183=CARTESIAN_POINT('Ctrl Pts',(18.1512801167812,-135.500001959503,0.536136398860388));
#5184=CARTESIAN_POINT('Ctrl Pts',(18.1605343144759,-135.500001959503,0.441876964726383));
#5185=CARTESIAN_POINT('Ctrl Pts',(18.2249320667697,-135.500001959503,0.37241750081451));
#5186=CARTESIAN_POINT('Ctrl Pts',(18.2571628224105,-135.500001959503,0.337653383612633));
#5187=CARTESIAN_POINT('Ctrl Pts',(18.1978174578398,-136.000001959503,0.757162198424339));
#5188=CARTESIAN_POINT('Ctrl Pts',(18.1978174578398,-135.500001959503,0.757162198424339));
#5189=CARTESIAN_POINT('Ctrl Pts',(18.1828961538194,-136.000001959503,0.730336402420616));
#5190=CARTESIAN_POINT('Ctrl Pts',(18.1828961538194,-135.500001959503,0.730336402420616));
#5191=CARTESIAN_POINT('Ctrl Pts',(18.1527910038553,-136.000001959503,0.67621280769389));
#5192=CARTESIAN_POINT('Ctrl Pts',(18.1527910038553,-135.500001959503,0.67621280769389));
#5193=CARTESIAN_POINT('Ctrl Pts',(18.1487139192312,-136.000001959503,0.614396933621909));
#5194=CARTESIAN_POINT('Ctrl Pts',(18.1487139192312,-135.500001959503,0.614396933621909));
#5195=CARTESIAN_POINT('Ctrl Pts',(18.1466575991362,-136.000001959503,0.583219453692436));
#5196=CARTESIAN_POINT('Ctrl Pts',(18.1466575991362,-135.500001959503,0.583219453692436));
#5197=CARTESIAN_POINT('',(18.1978174578398,-136.000001959503,0.757162198424339));
#5198=CARTESIAN_POINT('Ctrl Pts',(18.1978174578398,-136.000001959503,0.757162198424339));
#5199=CARTESIAN_POINT('Ctrl Pts',(18.1828961538194,-136.000001959503,0.730336402420616));
#5200=CARTESIAN_POINT('Ctrl Pts',(18.1527910038553,-136.000001959503,0.67621280769389));
#5201=CARTESIAN_POINT('Ctrl Pts',(18.1487139192312,-136.000001959503,0.614396933621909));
#5202=CARTESIAN_POINT('Ctrl Pts',(18.1466575991362,-136.000001959503,0.583219453692436));
#5203=CARTESIAN_POINT('',(18.1978174578398,-135.500001959503,0.757162198424339));
#5204=CARTESIAN_POINT('',(18.1978174578398,-136.000001959503,0.757162198424339));
#5205=CARTESIAN_POINT('Ctrl Pts',(18.1978174578398,-135.500001959503,0.757162198424339));
#5206=CARTESIAN_POINT('Ctrl Pts',(18.1828961538194,-135.500001959503,0.730336402420616));
#5207=CARTESIAN_POINT('Ctrl Pts',(18.1527910038553,-135.500001959503,0.67621280769389));
#5208=CARTESIAN_POINT('Ctrl Pts',(18.1487139192312,-135.500001959503,0.614396933621909));
#5209=CARTESIAN_POINT('Ctrl Pts',(18.1466575991362,-135.500001959503,0.583219453692436));
#5210=CARTESIAN_POINT('Ctrl Pts',(18.3431109320372,-136.000001959503,0.877899155020714));
#5211=CARTESIAN_POINT('Ctrl Pts',(18.3431109320372,-135.500001959503,0.877899155020714));
#5212=CARTESIAN_POINT('Ctrl Pts',(18.313714174854,-136.000001959503,0.862929440404582));
#5213=CARTESIAN_POINT('Ctrl Pts',(18.313714174854,-135.500001959503,0.862929440404582));
#5214=CARTESIAN_POINT('Ctrl Pts',(18.2561421079679,-136.000001959503,0.833612009037066));
#5215=CARTESIAN_POINT('Ctrl Pts',(18.2561421079679,-135.500001959503,0.833612009037066));
#5216=CARTESIAN_POINT('Ctrl Pts',(18.2169820684209,-136.000001959503,0.782282466547136));
#5217=CARTESIAN_POINT('Ctrl Pts',(18.2169820684209,-135.500001959503,0.782282466547136));
#5218=CARTESIAN_POINT('Ctrl Pts',(18.1978174578398,-136.000001959503,0.757162198424339));
#5219=CARTESIAN_POINT('Ctrl Pts',(18.1978174578398,-135.500001959503,0.757162198424339));
#5220=CARTESIAN_POINT('',(18.3431109320372,-136.000001959503,0.877899155020714));
#5221=CARTESIAN_POINT('Ctrl Pts',(18.3431109320372,-136.000001959503,0.877899155020714));
#5222=CARTESIAN_POINT('Ctrl Pts',(18.313714174854,-136.000001959503,0.862929440404582));
#5223=CARTESIAN_POINT('Ctrl Pts',(18.2561421079679,-136.000001959503,0.833612009037066));
#5224=CARTESIAN_POINT('Ctrl Pts',(18.2169820684209,-136.000001959503,0.782282466547136));
#5225=CARTESIAN_POINT('Ctrl Pts',(18.1978174578398,-136.000001959503,0.757162198424339));
#5226=CARTESIAN_POINT('',(18.3431109320372,-135.500001959503,0.877899155020714));
#5227=CARTESIAN_POINT('',(18.3431109320372,-136.000001959503,0.877899155020714));
#5228=CARTESIAN_POINT('Ctrl Pts',(18.3431109320372,-135.500001959503,0.877899155020714));
#5229=CARTESIAN_POINT('Ctrl Pts',(18.313714174854,-135.500001959503,0.862929440404582));
#5230=CARTESIAN_POINT('Ctrl Pts',(18.2561421079679,-135.500001959503,0.833612009037066));
#5231=CARTESIAN_POINT('Ctrl Pts',(18.2169820684209,-135.500001959503,0.782282466547136));
#5232=CARTESIAN_POINT('Ctrl Pts',(18.1978174578398,-135.500001959503,0.757162198424339));
#5233=CARTESIAN_POINT('Ctrl Pts',(18.6643930803984,-136.000001959503,0.951568707823753));
#5234=CARTESIAN_POINT('Ctrl Pts',(18.6643930803984,-135.500001959503,0.951568707823753));
#5235=CARTESIAN_POINT('Ctrl Pts',(18.5992160022682,-136.000001959503,0.942231689003072));
#5236=CARTESIAN_POINT('Ctrl Pts',(18.5992160022682,-135.500001959503,0.942231689003072));
#5237=CARTESIAN_POINT('Ctrl Pts',(18.4899717436143,-136.000001959503,0.926581774518335));
#5238=CARTESIAN_POINT('Ctrl Pts',(18.4899717436143,-135.500001959503,0.926581774518335));
#5239=CARTESIAN_POINT('Ctrl Pts',(18.3853239719144,-136.000001959503,0.891892277734034));
#5240=CARTESIAN_POINT('Ctrl Pts',(18.3853239719144,-135.500001959503,0.891892277734034));
#5241=CARTESIAN_POINT('Ctrl Pts',(18.3431109320372,-136.000001959503,0.877899155020714));
#5242=CARTESIAN_POINT('Ctrl Pts',(18.3431109320372,-135.500001959503,0.877899155020714));
#5243=CARTESIAN_POINT('',(18.6643930803984,-136.000001959503,0.951568707823753));
#5244=CARTESIAN_POINT('Ctrl Pts',(18.6643930803984,-136.000001959503,0.951568707823753));
#5245=CARTESIAN_POINT('Ctrl Pts',(18.5992160022682,-136.000001959503,0.942231689003072));
#5246=CARTESIAN_POINT('Ctrl Pts',(18.4899717436143,-136.000001959503,0.926581774518335));
#5247=CARTESIAN_POINT('Ctrl Pts',(18.3853239719144,-136.000001959503,0.891892277734034));
#5248=CARTESIAN_POINT('Ctrl Pts',(18.3431109320372,-136.000001959503,0.877899155020714));
#5249=CARTESIAN_POINT('',(18.6643930803984,-135.500001959503,0.951568707823753));
#5250=CARTESIAN_POINT('',(18.6643930803984,-136.000001959503,0.951568707823753));
#5251=CARTESIAN_POINT('Ctrl Pts',(18.6643930803984,-135.500001959503,0.951568707823753));
#5252=CARTESIAN_POINT('Ctrl Pts',(18.5992160022682,-135.500001959503,0.942231689003072));
#5253=CARTESIAN_POINT('Ctrl Pts',(18.4899717436143,-135.500001959503,0.926581774518335));
#5254=CARTESIAN_POINT('Ctrl Pts',(18.3853239719144,-135.500001959503,0.891892277734034));
#5255=CARTESIAN_POINT('Ctrl Pts',(18.3431109320372,-135.500001959503,0.877899155020714));
#5256=CARTESIAN_POINT('Ctrl Pts',(19.2660304438323,-136.000001959503,1.09072290360928));
#5257=CARTESIAN_POINT('Ctrl Pts',(19.2660304438323,-135.500001959503,1.09072290360928));
#5258=CARTESIAN_POINT('Ctrl Pts',(19.1829642977257,-136.000001959503,1.06342810909848));
#5259=CARTESIAN_POINT('Ctrl Pts',(19.1829642977257,-135.500001959503,1.06342810909848));
#5260=CARTESIAN_POINT('Ctrl Pts',(18.9867687101378,-136.000001959503,0.998959989435625));
#5261=CARTESIAN_POINT('Ctrl Pts',(18.9867687101378,-135.500001959503,0.998959989435625));
#5262=CARTESIAN_POINT('Ctrl Pts',(18.7822955180037,-136.000001959503,0.96890112103314));
#5263=CARTESIAN_POINT('Ctrl Pts',(18.7822955180037,-135.500001959503,0.96890112103314));
#5264=CARTESIAN_POINT('Ctrl Pts',(18.6643930803984,-136.000001959503,0.951568707823753));
#5265=CARTESIAN_POINT('Ctrl Pts',(18.6643930803984,-135.500001959503,0.951568707823753));
#5266=CARTESIAN_POINT('',(19.2660304438323,-136.000001959503,1.09072290360928));
#5267=CARTESIAN_POINT('Ctrl Pts',(19.2660304438323,-136.000001959503,1.09072290360928));
#5268=CARTESIAN_POINT('Ctrl Pts',(19.1829642977257,-136.000001959503,1.06342810909848));
#5269=CARTESIAN_POINT('Ctrl Pts',(18.9867687101378,-136.000001959503,0.998959989435625));
#5270=CARTESIAN_POINT('Ctrl Pts',(18.7822955180037,-136.000001959503,0.96890112103314));
#5271=CARTESIAN_POINT('Ctrl Pts',(18.6643930803984,-136.000001959503,0.951568707823753));
#5272=CARTESIAN_POINT('',(19.2660304438323,-135.500001959503,1.09072290360928));
#5273=CARTESIAN_POINT('',(19.2660304438323,-136.000001959503,1.09072290360928));
#5274=CARTESIAN_POINT('Ctrl Pts',(19.2660304438323,-135.500001959503,1.09072290360928));
#5275=CARTESIAN_POINT('Ctrl Pts',(19.1829642977257,-135.500001959503,1.06342810909848));
#5276=CARTESIAN_POINT('Ctrl Pts',(18.9867687101378,-135.500001959503,0.998959989435625));
#5277=CARTESIAN_POINT('Ctrl Pts',(18.7822955180037,-135.500001959503,0.96890112103314));
#5278=CARTESIAN_POINT('Ctrl Pts',(18.6643930803984,-135.500001959503,0.951568707823753));
#5279=CARTESIAN_POINT('Origin',(19.2660304438323,-136.000001959503,0.955661758780479));
#5280=CARTESIAN_POINT('',(19.2660304438323,-136.000001959503,-0.522169120609711));
#5281=CARTESIAN_POINT('',(19.2660304438323,-135.500001959503,0.955661758780479));
#5282=CARTESIAN_POINT('Origin',(19.7551163565367,-136.000001959503,-7.45058059692383E-8));
#5283=CARTESIAN_POINT('',(19.7551163565367,-136.000001959503,-7.45058059692383E-8));
#5284=CARTESIAN_POINT('',(19.3703957926482,-136.000001959503,-7.45058059692383E-8));
#5285=CARTESIAN_POINT('',(184.127560752444,-136.000001959503,-7.45058059692383E-8));
#5286=CARTESIAN_POINT('',(19.7551163565367,-135.500001959503,-7.45058059692383E-8));
#5287=CARTESIAN_POINT('',(19.7551163565367,-136.000001959503,-7.45058059692383E-8));
#5288=CARTESIAN_POINT('',(19.3703957926482,-135.500001959503,-7.45058059692383E-8));
#5289=CARTESIAN_POINT('',(19.7551163565367,-135.500001959503,-7.45058059692383E-8));
#5290=CARTESIAN_POINT('',(19.3703957926482,-136.000001959503,-7.45058059692383E-8));
#5291=CARTESIAN_POINT('Ctrl Pts',(19.660982741043,-136.000001959503,0.259890779852867));
#5292=CARTESIAN_POINT('Ctrl Pts',(19.660982741043,-135.500001959503,0.259890779852867));
#5293=CARTESIAN_POINT('Ctrl Pts',(19.6711610609852,-136.000001959503,0.215087553137173));
#5294=CARTESIAN_POINT('Ctrl Pts',(19.6711610609852,-135.500001959503,0.215087553137173));
#5295=CARTESIAN_POINT('Ctrl Pts',(19.6917287351434,-136.000001959503,0.124552162860434));
#5296=CARTESIAN_POINT('Ctrl Pts',(19.6917287351434,-135.500001959503,0.124552162860434));
#5297=CARTESIAN_POINT('Ctrl Pts',(19.7338431114563,-136.000001959503,0.0418003624339197));
#5298=CARTESIAN_POINT('Ctrl Pts',(19.7338431114563,-135.500001959503,0.0418003624339197));
#5299=CARTESIAN_POINT('Ctrl Pts',(19.7551163565367,-136.000001959503,-7.45058059692383E-8));
#5300=CARTESIAN_POINT('Ctrl Pts',(19.7551163565367,-135.500001959503,-7.45058059692383E-8));
#5301=CARTESIAN_POINT('',(19.660982741043,-136.000001959503,0.259890779852867));
#5302=CARTESIAN_POINT('Ctrl Pts',(19.660982741043,-136.000001959503,0.259890779852867));
#5303=CARTESIAN_POINT('Ctrl Pts',(19.6711610609852,-136.000001959503,0.215087553137173));
#5304=CARTESIAN_POINT('Ctrl Pts',(19.6917287351434,-136.000001959503,0.124552162860434));
#5305=CARTESIAN_POINT('Ctrl Pts',(19.7338431114563,-136.000001959503,0.0418003624339197));
#5306=CARTESIAN_POINT('Ctrl Pts',(19.7551163565367,-136.000001959503,-7.45058059692383E-8));
#5307=CARTESIAN_POINT('',(19.660982741043,-135.500001959503,0.259890779852867));
#5308=CARTESIAN_POINT('',(19.660982741043,-136.000001959503,0.259890779852867));
#5309=CARTESIAN_POINT('Ctrl Pts',(19.660982741043,-135.500001959503,0.259890779852867));
#5310=CARTESIAN_POINT('Ctrl Pts',(19.6711610609852,-135.500001959503,0.215087553137173));
#5311=CARTESIAN_POINT('Ctrl Pts',(19.6917287351434,-135.500001959503,0.124552162860434));
#5312=CARTESIAN_POINT('Ctrl Pts',(19.7338431114563,-135.500001959503,0.0418003624339197));
#5313=CARTESIAN_POINT('Ctrl Pts',(19.7551163565367,-135.500001959503,-7.45058059692383E-8));
#5314=CARTESIAN_POINT('Ctrl Pts',(19.6384724508971,-136.000001959503,0.910641178488731));
#5315=CARTESIAN_POINT('Ctrl Pts',(19.6384724508971,-135.500001959503,0.910641178488731));
#5316=CARTESIAN_POINT('Ctrl Pts',(19.6376732862577,-136.000001959503,0.77068941309027));
#5317=CARTESIAN_POINT('Ctrl Pts',(19.6376732862577,-135.500001959503,0.77068941309027));
#5318=CARTESIAN_POINT('Ctrl Pts',(19.636432473509,-136.000001959503,0.553395095819527));
#5319=CARTESIAN_POINT('Ctrl Pts',(19.636432473509,-135.500001959503,0.553395095819527));
#5320=CARTESIAN_POINT('Ctrl Pts',(19.6545382646753,-136.000001959503,0.336936035079803));
#5321=CARTESIAN_POINT('Ctrl Pts',(19.6545382646753,-135.500001959503,0.336936035079803));
#5322=CARTESIAN_POINT('Ctrl Pts',(19.660982741043,-136.000001959503,0.259890779852867));
#5323=CARTESIAN_POINT('Ctrl Pts',(19.660982741043,-135.500001959503,0.259890779852867));
#5324=CARTESIAN_POINT('',(19.6384724508971,-136.000001959503,0.910641178488731));
#5325=CARTESIAN_POINT('Ctrl Pts',(19.6384724508971,-136.000001959503,0.910641178488731));
#5326=CARTESIAN_POINT('Ctrl Pts',(19.6376732862577,-136.000001959503,0.77068941309027));
#5327=CARTESIAN_POINT('Ctrl Pts',(19.636432473509,-136.000001959503,0.553395095819527));
#5328=CARTESIAN_POINT('Ctrl Pts',(19.6545382646753,-136.000001959503,0.336936035079803));
#5329=CARTESIAN_POINT('Ctrl Pts',(19.660982741043,-136.000001959503,0.259890779852867));
#5330=CARTESIAN_POINT('',(19.6384724508971,-135.500001959503,0.910641178488731));
#5331=CARTESIAN_POINT('',(19.6384724508971,-136.000001959503,0.910641178488731));
#5332=CARTESIAN_POINT('Ctrl Pts',(19.6384724508971,-135.500001959503,0.910641178488731));
#5333=CARTESIAN_POINT('Ctrl Pts',(19.6376732862577,-135.500001959503,0.77068941309027));
#5334=CARTESIAN_POINT('Ctrl Pts',(19.636432473509,-135.500001959503,0.553395095819527));
#5335=CARTESIAN_POINT('Ctrl Pts',(19.6545382646753,-135.500001959503,0.336936035079803));
#5336=CARTESIAN_POINT('Ctrl Pts',(19.660982741043,-135.500001959503,0.259890779852867));
#5337=CARTESIAN_POINT('Origin',(19.6384724508971,-136.000001959503,1.40177346765995));
#5338=CARTESIAN_POINT('',(19.6384724508971,-136.000001959503,1.40177346765995));
#5339=CARTESIAN_POINT('',(19.6384724508971,-136.000001959503,-0.299113266169975));
#5340=CARTESIAN_POINT('',(19.6384724508971,-135.500001959503,1.40177346765995));
#5341=CARTESIAN_POINT('',(19.6384724508971,-136.000001959503,1.40177346765995));
#5342=CARTESIAN_POINT('',(19.6384724508971,-135.500001959503,1.40177346765995));
#5343=CARTESIAN_POINT('Ctrl Pts',(19.6200552117079,-136.000001959503,1.74147330224514));
#5344=CARTESIAN_POINT('Ctrl Pts',(19.6200552117079,-135.500001959503,1.74147330224514));
#5345=CARTESIAN_POINT('Ctrl Pts',(19.6253657420893,-136.000001959503,1.69752074206518));
#5346=CARTESIAN_POINT('Ctrl Pts',(19.6253657420893,-135.500001959503,1.69752074206518));
#5347=CARTESIAN_POINT('Ctrl Pts',(19.6389898083421,-136.000001959503,1.58476127194189));
#5348=CARTESIAN_POINT('Ctrl Pts',(19.6389898083421,-135.500001959503,1.58476127194189));
#5349=CARTESIAN_POINT('Ctrl Pts',(19.6386685101406,-136.000001959503,1.47111904455219));
#5350=CARTESIAN_POINT('Ctrl Pts',(19.6386685101406,-135.500001959503,1.47111904455219));
#5351=CARTESIAN_POINT('Ctrl Pts',(19.6384724508971,-136.000001959503,1.40177346765995));
#5352=CARTESIAN_POINT('Ctrl Pts',(19.6384724508971,-135.500001959503,1.40177346765995));
#5353=CARTESIAN_POINT('',(19.6200552117079,-136.000001959503,1.74147330224514));
#5354=CARTESIAN_POINT('Ctrl Pts',(19.6200552117079,-136.000001959503,1.74147330224514));
#5355=CARTESIAN_POINT('Ctrl Pts',(19.6253657420893,-136.000001959503,1.69752074206518));
#5356=CARTESIAN_POINT('Ctrl Pts',(19.6389898083421,-136.000001959503,1.58476127194189));
#5357=CARTESIAN_POINT('Ctrl Pts',(19.6386685101406,-136.000001959503,1.47111904455219));
#5358=CARTESIAN_POINT('Ctrl Pts',(19.6384724508971,-136.000001959503,1.40177346765995));
#5359=CARTESIAN_POINT('',(19.6200552117079,-135.500001959503,1.74147330224514));
#5360=CARTESIAN_POINT('',(19.6200552117079,-136.000001959503,1.74147330224514));
#5361=CARTESIAN_POINT('Ctrl Pts',(19.6200552117079,-135.500001959503,1.74147330224514));
#5362=CARTESIAN_POINT('Ctrl Pts',(19.6253657420893,-135.500001959503,1.69752074206518));
#5363=CARTESIAN_POINT('Ctrl Pts',(19.6389898083421,-135.500001959503,1.58476127194189));
#5364=CARTESIAN_POINT('Ctrl Pts',(19.6386685101406,-135.500001959503,1.47111904455219));
#5365=CARTESIAN_POINT('Ctrl Pts',(19.6384724508971,-135.500001959503,1.40177346765995));
#5366=CARTESIAN_POINT('Ctrl Pts',(19.5054575335234,-136.000001959503,1.99113227427006));
#5367=CARTESIAN_POINT('Ctrl Pts',(19.5054575335234,-135.500001959503,1.99113227427006));
#5368=CARTESIAN_POINT('Ctrl Pts',(19.5309333156862,-136.000001959503,1.95502128511824));
#5369=CARTESIAN_POINT('Ctrl Pts',(19.5309333156862,-135.500001959503,1.95502128511824));
#5370=CARTESIAN_POINT('Ctrl Pts',(19.5845653971076,-136.000001959503,1.87899977190133));
#5371=CARTESIAN_POINT('Ctrl Pts',(19.5845653971076,-135.500001959503,1.87899977190133));
#5372=CARTESIAN_POINT('Ctrl Pts',(19.6078375613252,-136.000001959503,1.78881788106462));
#5373=CARTESIAN_POINT('Ctrl Pts',(19.6078375613252,-135.500001959503,1.78881788106462));
#5374=CARTESIAN_POINT('Ctrl Pts',(19.6200552117079,-136.000001959503,1.74147330224514));
#5375=CARTESIAN_POINT('Ctrl Pts',(19.6200552117079,-135.500001959503,1.74147330224514));
#5376=CARTESIAN_POINT('',(19.5054575335234,-136.000001959503,1.99113227427006));
#5377=CARTESIAN_POINT('Ctrl Pts',(19.5054575335234,-136.000001959503,1.99113227427006));
#5378=CARTESIAN_POINT('Ctrl Pts',(19.5309333156862,-136.000001959503,1.95502128511824));
#5379=CARTESIAN_POINT('Ctrl Pts',(19.5845653971076,-136.000001959503,1.87899977190133));
#5380=CARTESIAN_POINT('Ctrl Pts',(19.6078375613252,-136.000001959503,1.78881788106462));
#5381=CARTESIAN_POINT('Ctrl Pts',(19.6200552117079,-136.000001959503,1.74147330224514));
#5382=CARTESIAN_POINT('',(19.5054575335234,-135.500001959503,1.99113227427006));
#5383=CARTESIAN_POINT('',(19.5054575335234,-136.000001959503,1.99113227427006));
#5384=CARTESIAN_POINT('Ctrl Pts',(19.5054575335234,-135.500001959503,1.99113227427006));
#5385=CARTESIAN_POINT('Ctrl Pts',(19.5309333156862,-135.500001959503,1.95502128511824));
#5386=CARTESIAN_POINT('Ctrl Pts',(19.5845653971076,-135.500001959503,1.87899977190133));
#5387=CARTESIAN_POINT('Ctrl Pts',(19.6078375613252,-135.500001959503,1.78881788106462));
#5388=CARTESIAN_POINT('Ctrl Pts',(19.6200552117079,-135.500001959503,1.74147330224514));
#5389=CARTESIAN_POINT('Ctrl Pts',(19.2496594320983,-136.000001959503,2.15688951313496));
#5390=CARTESIAN_POINT('Ctrl Pts',(19.2496594320983,-135.500001959503,2.15688951313496));
#5391=CARTESIAN_POINT('Ctrl Pts',(19.3021771912157,-136.000001959503,2.13548350843455));
#5392=CARTESIAN_POINT('Ctrl Pts',(19.3021771912157,-135.500001959503,2.13548350843455));
#5393=CARTESIAN_POINT('Ctrl Pts',(19.3981763642808,-136.000001959503,2.09635467307677));
#5394=CARTESIAN_POINT('Ctrl Pts',(19.3981763642808,-135.500001959503,2.09635467307677));
#5395=CARTESIAN_POINT('Ctrl Pts',(19.4720139050693,-136.000001959503,2.02393410552891));
#5396=CARTESIAN_POINT('Ctrl Pts',(19.4720139050693,-135.500001959503,2.02393410552891));
#5397=CARTESIAN_POINT('Ctrl Pts',(19.5054575335234,-136.000001959503,1.99113227427006));
#5398=CARTESIAN_POINT('Ctrl Pts',(19.5054575335234,-135.500001959503,1.99113227427006));
#5399=CARTESIAN_POINT('',(19.2496594320983,-136.000001959503,2.15688951313496));
#5400=CARTESIAN_POINT('Ctrl Pts',(19.2496594320983,-136.000001959503,2.15688951313496));
#5401=CARTESIAN_POINT('Ctrl Pts',(19.3021771912157,-136.000001959503,2.13548350843455));
#5402=CARTESIAN_POINT('Ctrl Pts',(19.3981763642808,-136.000001959503,2.09635467307677));
#5403=CARTESIAN_POINT('Ctrl Pts',(19.4720139050693,-136.000001959503,2.02393410552891));
#5404=CARTESIAN_POINT('Ctrl Pts',(19.5054575335234,-136.000001959503,1.99113227427006));
#5405=CARTESIAN_POINT('',(19.2496594320983,-135.500001959503,2.15688951313496));
#5406=CARTESIAN_POINT('',(19.2496594320983,-136.000001959503,2.15688951313496));
#5407=CARTESIAN_POINT('Ctrl Pts',(19.2496594320983,-135.500001959503,2.15688951313496));
#5408=CARTESIAN_POINT('Ctrl Pts',(19.3021771912157,-135.500001959503,2.13548350843455));
#5409=CARTESIAN_POINT('Ctrl Pts',(19.3981763642808,-135.500001959503,2.09635467307677));
#5410=CARTESIAN_POINT('Ctrl Pts',(19.4720139050693,-135.500001959503,2.02393410552891));
#5411=CARTESIAN_POINT('Ctrl Pts',(19.5054575335234,-135.500001959503,1.99113227427006));
#5412=CARTESIAN_POINT('Ctrl Pts',(18.7974079977721,-136.000001959503,2.2223737090826));
#5413=CARTESIAN_POINT('Ctrl Pts',(18.7974079977721,-135.500001959503,2.2223737090826));
#5414=CARTESIAN_POINT('Ctrl Pts',(18.8821010589618,-136.000001959503,2.22094756191931));
#5415=CARTESIAN_POINT('Ctrl Pts',(18.8821010589618,-135.500001959503,2.22094756191931));
#5416=CARTESIAN_POINT('Ctrl Pts',(19.0358142475196,-136.000001959503,2.21835918425599));
#5417=CARTESIAN_POINT('Ctrl Pts',(19.0358142475196,-135.500001959503,2.21835918425599));
#5418=CARTESIAN_POINT('Ctrl Pts',(19.1833935400142,-136.000001959503,2.17593760440236));
#5419=CARTESIAN_POINT('Ctrl Pts',(19.1833935400142,-135.500001959503,2.17593760440236));
#5420=CARTESIAN_POINT('Ctrl Pts',(19.2496594320983,-136.000001959503,2.15688951313496));
#5421=CARTESIAN_POINT('Ctrl Pts',(19.2496594320983,-135.500001959503,2.15688951313496));
#5422=CARTESIAN_POINT('',(18.7974079977721,-136.000001959503,2.2223737090826));
#5423=CARTESIAN_POINT('Ctrl Pts',(18.7974079977721,-136.000001959503,2.2223737090826));
#5424=CARTESIAN_POINT('Ctrl Pts',(18.8821010589618,-136.000001959503,2.22094756191931));
#5425=CARTESIAN_POINT('Ctrl Pts',(19.0358142475196,-136.000001959503,2.21835918425599));
#5426=CARTESIAN_POINT('Ctrl Pts',(19.1833935400142,-136.000001959503,2.17593760440236));
#5427=CARTESIAN_POINT('Ctrl Pts',(19.2496594320983,-136.000001959503,2.15688951313496));
#5428=CARTESIAN_POINT('',(18.7974079977721,-135.500001959503,2.2223737090826));
#5429=CARTESIAN_POINT('',(18.7974079977721,-136.000001959503,2.2223737090826));
#5430=CARTESIAN_POINT('Ctrl Pts',(18.7974079977721,-135.500001959503,2.2223737090826));
#5431=CARTESIAN_POINT('Ctrl Pts',(18.8821010589618,-135.500001959503,2.22094756191931));
#5432=CARTESIAN_POINT('Ctrl Pts',(19.0358142475196,-135.500001959503,2.21835918425599));
#5433=CARTESIAN_POINT('Ctrl Pts',(19.1833935400142,-135.500001959503,2.17593760440236));
#5434=CARTESIAN_POINT('Ctrl Pts',(19.2496594320983,-135.500001959503,2.15688951313496));
#5435=CARTESIAN_POINT('Ctrl Pts',(18.3042296301574,-136.000001959503,2.14461110532284));
#5436=CARTESIAN_POINT('Ctrl Pts',(18.3042296301574,-135.500001959503,2.14461110532284));
#5437=CARTESIAN_POINT('Ctrl Pts',(18.380274588886,-136.000001959503,2.16727376821701));
#5438=CARTESIAN_POINT('Ctrl Pts',(18.380274588886,-135.500001959503,2.16727376821701));
#5439=CARTESIAN_POINT('Ctrl Pts',(18.541090305767,-136.000001959503,2.2151995274085));
#5440=CARTESIAN_POINT('Ctrl Pts',(18.541090305767,-135.500001959503,2.2151995274085));
#5441=CARTESIAN_POINT('Ctrl Pts',(18.7089330722854,-136.000001959503,2.21989734787601));
#5442=CARTESIAN_POINT('Ctrl Pts',(18.7089330722854,-135.500001959503,2.21989734787601));
#5443=CARTESIAN_POINT('Ctrl Pts',(18.7974079977721,-136.000001959503,2.2223737090826));
#5444=CARTESIAN_POINT('Ctrl Pts',(18.7974079977721,-135.500001959503,2.2223737090826));
#5445=CARTESIAN_POINT('',(18.3042296301574,-136.000001959503,2.14461110532284));
#5446=CARTESIAN_POINT('Ctrl Pts',(18.3042296301574,-136.000001959503,2.14461110532284));
#5447=CARTESIAN_POINT('Ctrl Pts',(18.380274588886,-136.000001959503,2.16727376821701));
#5448=CARTESIAN_POINT('Ctrl Pts',(18.541090305767,-136.000001959503,2.2151995274085));
#5449=CARTESIAN_POINT('Ctrl Pts',(18.7089330722854,-136.000001959503,2.21989734787601));
#5450=CARTESIAN_POINT('Ctrl Pts',(18.7974079977721,-136.000001959503,2.2223737090826));
#5451=CARTESIAN_POINT('',(18.3042296301574,-135.500001959503,2.14461110532284));
#5452=CARTESIAN_POINT('',(18.3042296301574,-136.000001959503,2.14461110532284));
#5453=CARTESIAN_POINT('Ctrl Pts',(18.3042296301574,-135.500001959503,2.14461110532284));
#5454=CARTESIAN_POINT('Ctrl Pts',(18.380274588886,-135.500001959503,2.16727376821701));
#5455=CARTESIAN_POINT('Ctrl Pts',(18.541090305767,-135.500001959503,2.2151995274085));
#5456=CARTESIAN_POINT('Ctrl Pts',(18.7089330722854,-135.500001959503,2.21989734787601));
#5457=CARTESIAN_POINT('Ctrl Pts',(18.7974079977721,-135.500001959503,2.2223737090826));
#5458=CARTESIAN_POINT('Ctrl Pts',(17.9788544308394,-136.000001959503,1.9256479293108));
#5459=CARTESIAN_POINT('Ctrl Pts',(17.9788544308394,-135.500001959503,1.9256479293108));
#5460=CARTESIAN_POINT('Ctrl Pts',(18.0223740070754,-136.000001959503,1.97120592973142));
#5461=CARTESIAN_POINT('Ctrl Pts',(18.0223740070754,-135.500001959503,1.97120592973142));
#5462=CARTESIAN_POINT('Ctrl Pts',(18.1146574653017,-136.000001959503,2.06781187565991));
#5463=CARTESIAN_POINT('Ctrl Pts',(18.1146574653017,-135.500001959503,2.06781187565991));
#5464=CARTESIAN_POINT('Ctrl Pts',(18.2386894032983,-136.000001959503,2.11805953358475));
#5465=CARTESIAN_POINT('Ctrl Pts',(18.2386894032983,-135.500001959503,2.11805953358475));
#5466=CARTESIAN_POINT('Ctrl Pts',(18.3042296301574,-136.000001959503,2.14461110532284));
#5467=CARTESIAN_POINT('Ctrl Pts',(18.3042296301574,-135.500001959503,2.14461110532284));
#5468=CARTESIAN_POINT('',(17.9788544308394,-136.000001959503,1.9256479293108));
#5469=CARTESIAN_POINT('Ctrl Pts',(17.9788544308394,-136.000001959503,1.9256479293108));
#5470=CARTESIAN_POINT('Ctrl Pts',(18.0223740070754,-136.000001959503,1.97120592973142));
#5471=CARTESIAN_POINT('Ctrl Pts',(18.1146574653017,-136.000001959503,2.06781187565991));
#5472=CARTESIAN_POINT('Ctrl Pts',(18.2386894032983,-136.000001959503,2.11805953358475));
#5473=CARTESIAN_POINT('Ctrl Pts',(18.3042296301574,-136.000001959503,2.14461110532284));
#5474=CARTESIAN_POINT('',(17.9788544308394,-135.500001959503,1.9256479293108));
#5475=CARTESIAN_POINT('',(17.9788544308394,-136.000001959503,1.9256479293108));
#5476=CARTESIAN_POINT('Ctrl Pts',(17.9788544308394,-135.500001959503,1.9256479293108));
#5477=CARTESIAN_POINT('Ctrl Pts',(18.0223740070754,-135.500001959503,1.97120592973142));
#5478=CARTESIAN_POINT('Ctrl Pts',(18.1146574653017,-135.500001959503,2.06781187565991));
#5479=CARTESIAN_POINT('Ctrl Pts',(18.2386894032983,-135.500001959503,2.11805953358475));
#5480=CARTESIAN_POINT('Ctrl Pts',(18.3042296301574,-135.500001959503,2.14461110532284));
#5481=CARTESIAN_POINT('Ctrl Pts',(17.817189944908,-136.000001959503,1.55320592224598));
#5482=CARTESIAN_POINT('Ctrl Pts',(17.817189944908,-135.500001959503,1.55320592224598));
#5483=CARTESIAN_POINT('Ctrl Pts',(17.8347291701837,-136.000001959503,1.62461046987591));
#5484=CARTESIAN_POINT('Ctrl Pts',(17.8347291701837,-135.500001959503,1.62461046987591));
#5485=CARTESIAN_POINT('Ctrl Pts',(17.8675229038686,-136.000001959503,1.7581181751511));
#5486=CARTESIAN_POINT('Ctrl Pts',(17.8675229038686,-135.500001959503,1.7581181751511));
#5487=CARTESIAN_POINT('Ctrl Pts',(17.9435085442811,-136.000001959503,1.8724600512067));
#5488=CARTESIAN_POINT('Ctrl Pts',(17.9435085442811,-135.500001959503,1.8724600512067));
#5489=CARTESIAN_POINT('Ctrl Pts',(17.9788544308394,-136.000001959503,1.9256479293108));
#5490=CARTESIAN_POINT('Ctrl Pts',(17.9788544308394,-135.500001959503,1.9256479293108));
#5491=CARTESIAN_POINT('',(17.817189944908,-136.000001959503,1.55320592224598));
#5492=CARTESIAN_POINT('Ctrl Pts',(17.817189944908,-136.000001959503,1.55320592224598));
#5493=CARTESIAN_POINT('Ctrl Pts',(17.8347291701837,-136.000001959503,1.62461046987591));
#5494=CARTESIAN_POINT('Ctrl Pts',(17.8675229038686,-136.000001959503,1.7581181751511));
#5495=CARTESIAN_POINT('Ctrl Pts',(17.9435085442811,-136.000001959503,1.8724600512067));
#5496=CARTESIAN_POINT('Ctrl Pts',(17.9788544308394,-136.000001959503,1.9256479293108));
#5497=CARTESIAN_POINT('',(17.817189944908,-135.500001959503,1.55320592224598));
#5498=CARTESIAN_POINT('',(17.817189944908,-136.000001959503,1.55320592224598));
#5499=CARTESIAN_POINT('Ctrl Pts',(17.817189944908,-135.500001959503,1.55320592224598));
#5500=CARTESIAN_POINT('Ctrl Pts',(17.8347291701837,-135.500001959503,1.62461046987591));
#5501=CARTESIAN_POINT('Ctrl Pts',(17.8675229038686,-135.500001959503,1.7581181751511));
#5502=CARTESIAN_POINT('Ctrl Pts',(17.9435085442811,-135.500001959503,1.8724600512067));
#5503=CARTESIAN_POINT('Ctrl Pts',(17.9788544308394,-135.500001959503,1.9256479293108));
#5504=CARTESIAN_POINT('Origin',(18.1773533951491,-136.000001959503,1.50409273803234));
#5505=CARTESIAN_POINT('',(18.1773533951491,-136.000001959503,1.50409273803234));
#5506=CARTESIAN_POINT('',(180.55811923475,-136.000001959503,-20.6387328598832));
#5507=CARTESIAN_POINT('',(18.1773533951491,-135.500001959503,1.50409273803234));
#5508=CARTESIAN_POINT('',(18.1773533951491,-136.000001959503,1.50409273803234));
#5509=CARTESIAN_POINT('',(18.1773533951491,-135.500001959503,1.50409273803234));
#5510=CARTESIAN_POINT('Ctrl Pts',(18.3594819437712,-136.000001959503,1.82537518441677));
#5511=CARTESIAN_POINT('Ctrl Pts',(18.3594819437712,-135.500001959503,1.82537518441677));
#5512=CARTESIAN_POINT('Ctrl Pts',(18.3203304670288,-136.000001959503,1.78568158702401));
#5513=CARTESIAN_POINT('Ctrl Pts',(18.3203304670288,-135.500001959503,1.78568158702401));
#5514=CARTESIAN_POINT('Ctrl Pts',(18.2313038212119,-136.000001959503,1.69542221163606));
#5515=CARTESIAN_POINT('Ctrl Pts',(18.2313038212119,-135.500001959503,1.69542221163606));
#5516=CARTESIAN_POINT('Ctrl Pts',(18.1967252559389,-136.000001959503,1.57279299117434));
#5517=CARTESIAN_POINT('Ctrl Pts',(18.1967252559389,-135.500001959503,1.57279299117434));
#5518=CARTESIAN_POINT('Ctrl Pts',(18.1773533951491,-136.000001959503,1.50409273803234));
#5519=CARTESIAN_POINT('Ctrl Pts',(18.1773533951491,-135.500001959503,1.50409273803234));
#5520=CARTESIAN_POINT('',(18.3594819437712,-136.000001959503,1.82537518441677));
#5521=CARTESIAN_POINT('Ctrl Pts',(18.3594819437712,-136.000001959503,1.82537518441677));
#5522=CARTESIAN_POINT('Ctrl Pts',(18.3203304670288,-136.000001959503,1.78568158702401));
#5523=CARTESIAN_POINT('Ctrl Pts',(18.2313038212119,-136.000001959503,1.69542221163606));
#5524=CARTESIAN_POINT('Ctrl Pts',(18.1967252559389,-136.000001959503,1.57279299117434));
#5525=CARTESIAN_POINT('Ctrl Pts',(18.1773533951491,-136.000001959503,1.50409273803234));
#5526=CARTESIAN_POINT('',(18.3594819437712,-135.500001959503,1.82537518441677));
#5527=CARTESIAN_POINT('',(18.3594819437712,-136.000001959503,1.82537518441677));
#5528=CARTESIAN_POINT('Ctrl Pts',(18.3594819437712,-135.500001959503,1.82537518441677));
#5529=CARTESIAN_POINT('Ctrl Pts',(18.3203304670288,-135.500001959503,1.78568158702401));
#5530=CARTESIAN_POINT('Ctrl Pts',(18.2313038212119,-135.500001959503,1.69542221163606));
#5531=CARTESIAN_POINT('Ctrl Pts',(18.1967252559389,-135.500001959503,1.57279299117434));
#5532=CARTESIAN_POINT('Ctrl Pts',(18.1773533951491,-135.500001959503,1.50409273803234));
#5533=CARTESIAN_POINT('Ctrl Pts',(18.7442025076598,-136.000001959503,1.91746242344379));
#5534=CARTESIAN_POINT('Ctrl Pts',(18.7442025076598,-135.500001959503,1.91746242344379));
#5535=CARTESIAN_POINT('Ctrl Pts',(18.6671489019332,-136.000001959503,1.91619843127336));
#5536=CARTESIAN_POINT('Ctrl Pts',(18.6671489019332,-135.500001959503,1.91619843127336));
#5537=CARTESIAN_POINT('Ctrl Pts',(18.5314542537455,-136.000001959503,1.91397248777256));
#5538=CARTESIAN_POINT('Ctrl Pts',(18.5314542537455,-135.500001959503,1.91397248777256));
#5539=CARTESIAN_POINT('Ctrl Pts',(18.4113748075971,-136.000001959503,1.85210953367956));
#5540=CARTESIAN_POINT('Ctrl Pts',(18.4113748075971,-135.500001959503,1.85210953367956));
#5541=CARTESIAN_POINT('Ctrl Pts',(18.3594819437712,-136.000001959503,1.82537518441677));
#5542=CARTESIAN_POINT('Ctrl Pts',(18.3594819437712,-135.500001959503,1.82537518441677));
#5543=CARTESIAN_POINT('',(18.7442025076598,-136.000001959503,1.91746242344379));
#5544=CARTESIAN_POINT('Ctrl Pts',(18.7442025076598,-136.000001959503,1.91746242344379));
#5545=CARTESIAN_POINT('Ctrl Pts',(18.6671489019332,-136.000001959503,1.91619843127336));
#5546=CARTESIAN_POINT('Ctrl Pts',(18.5314542537455,-136.000001959503,1.91397248777256));
#5547=CARTESIAN_POINT('Ctrl Pts',(18.4113748075971,-136.000001959503,1.85210953367956));
#5548=CARTESIAN_POINT('Ctrl Pts',(18.3594819437712,-136.000001959503,1.82537518441677));
#5549=CARTESIAN_POINT('',(18.7442025076598,-135.500001959503,1.91746242344379));
#5550=CARTESIAN_POINT('',(18.7442025076598,-136.000001959503,1.91746242344379));
#5551=CARTESIAN_POINT('Ctrl Pts',(18.7442025076598,-135.500001959503,1.91746242344379));
#5552=CARTESIAN_POINT('Ctrl Pts',(18.6671489019332,-135.500001959503,1.91619843127336));
#5553=CARTESIAN_POINT('Ctrl Pts',(18.5314542537455,-135.500001959503,1.91397248777256));
#5554=CARTESIAN_POINT('Ctrl Pts',(18.4113748075971,-135.500001959503,1.85210953367956));
#5555=CARTESIAN_POINT('Ctrl Pts',(18.3594819437712,-135.500001959503,1.82537518441677));
#5556=CARTESIAN_POINT('Ctrl Pts',(19.1637113224715,-136.000001959503,1.79263301193714));
#5557=CARTESIAN_POINT('Ctrl Pts',(19.1637113224715,-135.500001959503,1.79263301193714));
#5558=CARTESIAN_POINT('Ctrl Pts',(19.1068434081926,-136.000001959503,1.82893605083903));
#5559=CARTESIAN_POINT('Ctrl Pts',(19.1068434081926,-135.500001959503,1.82893605083903));
#5560=CARTESIAN_POINT('Ctrl Pts',(18.9796326515636,-136.000001959503,1.91014418208838));
#5561=CARTESIAN_POINT('Ctrl Pts',(18.9796326515636,-135.500001959503,1.91014418208838));
#5562=CARTESIAN_POINT('Ctrl Pts',(18.828032038393,-136.000001959503,1.91485661974999));
#5563=CARTESIAN_POINT('Ctrl Pts',(18.828032038393,-135.500001959503,1.91485661974999));
#5564=CARTESIAN_POINT('Ctrl Pts',(18.7442025076598,-136.000001959503,1.91746242344379));
#5565=CARTESIAN_POINT('Ctrl Pts',(18.7442025076598,-135.500001959503,1.91746242344379));
#5566=CARTESIAN_POINT('',(19.1637113224715,-136.000001959503,1.79263301193714));
#5567=CARTESIAN_POINT('Ctrl Pts',(19.1637113224715,-136.000001959503,1.79263301193714));
#5568=CARTESIAN_POINT('Ctrl Pts',(19.1068434081926,-136.000001959503,1.82893605083903));
#5569=CARTESIAN_POINT('Ctrl Pts',(18.9796326515636,-136.000001959503,1.91014418208838));
#5570=CARTESIAN_POINT('Ctrl Pts',(18.828032038393,-136.000001959503,1.91485661974999));
#5571=CARTESIAN_POINT('Ctrl Pts',(18.7442025076598,-136.000001959503,1.91746242344379));
#5572=CARTESIAN_POINT('',(19.1637113224715,-135.500001959503,1.79263301193714));
#5573=CARTESIAN_POINT('',(19.1637113224715,-136.000001959503,1.79263301193714));
#5574=CARTESIAN_POINT('Ctrl Pts',(19.1637113224715,-135.500001959503,1.79263301193714));
#5575=CARTESIAN_POINT('Ctrl Pts',(19.1068434081926,-135.500001959503,1.82893605083903));
#5576=CARTESIAN_POINT('Ctrl Pts',(18.9796326515636,-135.500001959503,1.91014418208838));
#5577=CARTESIAN_POINT('Ctrl Pts',(18.828032038393,-135.500001959503,1.91485661974999));
#5578=CARTESIAN_POINT('Ctrl Pts',(18.7442025076598,-135.500001959503,1.91746242344379));
#5579=CARTESIAN_POINT('Ctrl Pts',(19.2680766712874,-136.000001959503,1.47544331848621));
#5580=CARTESIAN_POINT('Ctrl Pts',(19.2680766712874,-135.500001959503,1.47544331848621));
#5581=CARTESIAN_POINT('Ctrl Pts',(19.2666071433117,-136.000001959503,1.54200412686879));
#5582=CARTESIAN_POINT('Ctrl Pts',(19.2666071433117,-135.500001959503,1.54200412686879));
#5583=CARTESIAN_POINT('Ctrl Pts',(19.2640160146247,-136.000001959503,1.65936672416801));
#5584=CARTESIAN_POINT('Ctrl Pts',(19.2640160146247,-135.500001959503,1.65936672416801));
#5585=CARTESIAN_POINT('Ctrl Pts',(19.1940129690495,-136.000001959503,1.75237379907229));
#5586=CARTESIAN_POINT('Ctrl Pts',(19.1940129690495,-135.500001959503,1.75237379907229));
#5587=CARTESIAN_POINT('Ctrl Pts',(19.1637113224715,-136.000001959503,1.79263301193714));
#5588=CARTESIAN_POINT('Ctrl Pts',(19.1637113224715,-135.500001959503,1.79263301193714));
#5589=CARTESIAN_POINT('',(19.2680766712874,-136.000001959503,1.47544331848621));
#5590=CARTESIAN_POINT('Ctrl Pts',(19.2680766712874,-136.000001959503,1.47544331848621));
#5591=CARTESIAN_POINT('Ctrl Pts',(19.2666071433117,-136.000001959503,1.54200412686879));
#5592=CARTESIAN_POINT('Ctrl Pts',(19.2640160146247,-136.000001959503,1.65936672416801));
#5593=CARTESIAN_POINT('Ctrl Pts',(19.1940129690495,-136.000001959503,1.75237379907229));
#5594=CARTESIAN_POINT('Ctrl Pts',(19.1637113224715,-136.000001959503,1.79263301193714));
#5595=CARTESIAN_POINT('',(19.2680766712874,-135.500001959503,1.47544331848621));
#5596=CARTESIAN_POINT('',(19.2680766712874,-136.000001959503,1.47544331848621));
#5597=CARTESIAN_POINT('Ctrl Pts',(19.2680766712874,-135.500001959503,1.47544331848621));
#5598=CARTESIAN_POINT('Ctrl Pts',(19.2666071433117,-135.500001959503,1.54200412686879));
#5599=CARTESIAN_POINT('Ctrl Pts',(19.2640160146247,-135.500001959503,1.65936672416801));
#5600=CARTESIAN_POINT('Ctrl Pts',(19.1940129690495,-135.500001959503,1.75237379907229));
#5601=CARTESIAN_POINT('Ctrl Pts',(19.1637113224715,-135.500001959503,1.79263301193714));
#5602=CARTESIAN_POINT('Ctrl Pts',(19.2660304438323,-136.000001959503,1.37926332652569));
#5603=CARTESIAN_POINT('Ctrl Pts',(19.2660304438323,-135.500001959503,1.37926332652569));
#5604=CARTESIAN_POINT('Ctrl Pts',(19.2666076018734,-136.000001959503,1.39989640787059));
#5605=CARTESIAN_POINT('Ctrl Pts',(19.2666076018734,-135.500001959503,1.39989640787059));
#5606=CARTESIAN_POINT('Ctrl Pts',(19.2675042796666,-136.000001959503,1.43195214396371));
#5607=CARTESIAN_POINT('Ctrl Pts',(19.2675042796666,-135.500001959503,1.43195214396371));
#5608=CARTESIAN_POINT('Ctrl Pts',(19.2679262924041,-136.000001959503,1.46401730520577));
#5609=CARTESIAN_POINT('Ctrl Pts',(19.2679262924041,-135.500001959503,1.46401730520577));
#5610=CARTESIAN_POINT('Ctrl Pts',(19.2680766712874,-136.000001959503,1.47544331848621));
#5611=CARTESIAN_POINT('Ctrl Pts',(19.2680766712874,-135.500001959503,1.47544331848621));
#5612=CARTESIAN_POINT('',(19.2660304438323,-136.000001959503,1.37926332652569));
#5613=CARTESIAN_POINT('Ctrl Pts',(19.2660304438323,-136.000001959503,1.37926332652569));
#5614=CARTESIAN_POINT('Ctrl Pts',(19.2666076018734,-136.000001959503,1.39989640787059));
#5615=CARTESIAN_POINT('Ctrl Pts',(19.2675042796666,-136.000001959503,1.43195214396371));
#5616=CARTESIAN_POINT('Ctrl Pts',(19.2679262924041,-136.000001959503,1.46401730520577));
#5617=CARTESIAN_POINT('Ctrl Pts',(19.2680766712874,-136.000001959503,1.47544331848621));
#5618=CARTESIAN_POINT('',(19.2660304438323,-135.500001959503,1.37926332652569));
#5619=CARTESIAN_POINT('',(19.2660304438323,-136.000001959503,1.37926332652569));
#5620=CARTESIAN_POINT('Ctrl Pts',(19.2660304438323,-135.500001959503,1.37926332652569));
#5621=CARTESIAN_POINT('Ctrl Pts',(19.2666076018734,-135.500001959503,1.39989640787059));
#5622=CARTESIAN_POINT('Ctrl Pts',(19.2675042796666,-135.500001959503,1.43195214396371));
#5623=CARTESIAN_POINT('Ctrl Pts',(19.2679262924041,-135.500001959503,1.46401730520577));
#5624=CARTESIAN_POINT('Ctrl Pts',(19.2680766712874,-135.500001959503,1.47544331848621));
#5625=CARTESIAN_POINT('Ctrl Pts',(18.6091407667845,-136.000001959503,1.25238738954067));
#5626=CARTESIAN_POINT('Ctrl Pts',(18.6091407667845,-135.500001959503,1.25238738954067));
#5627=CARTESIAN_POINT('Ctrl Pts',(18.738985134165,-136.000001959503,1.26810642052468));
#5628=CARTESIAN_POINT('Ctrl Pts',(18.738985134165,-135.500001959503,1.26810642052468));
#5629=CARTESIAN_POINT('Ctrl Pts',(18.9610593133286,-136.000001959503,1.2949908435724));
#5630=CARTESIAN_POINT('Ctrl Pts',(18.9610593133286,-135.500001959503,1.2949908435724));
#5631=CARTESIAN_POINT('Ctrl Pts',(19.1765392799405,-136.000001959503,1.35453428882602));
#5632=CARTESIAN_POINT('Ctrl Pts',(19.1765392799405,-135.500001959503,1.35453428882602));
#5633=CARTESIAN_POINT('Ctrl Pts',(19.2660304438323,-136.000001959503,1.37926332652569));
#5634=CARTESIAN_POINT('Ctrl Pts',(19.2660304438323,-135.500001959503,1.37926332652569));
#5635=CARTESIAN_POINT('',(18.6091407667845,-136.000001959503,1.25238738954067));
#5636=CARTESIAN_POINT('Ctrl Pts',(18.6091407667845,-136.000001959503,1.25238738954067));
#5637=CARTESIAN_POINT('Ctrl Pts',(18.738985134165,-136.000001959503,1.26810642052468));
#5638=CARTESIAN_POINT('Ctrl Pts',(18.9610593133286,-136.000001959503,1.2949908435724));
#5639=CARTESIAN_POINT('Ctrl Pts',(19.1765392799405,-136.000001959503,1.35453428882602));
#5640=CARTESIAN_POINT('Ctrl Pts',(19.2660304438323,-136.000001959503,1.37926332652569));
#5641=CARTESIAN_POINT('',(18.6091407667845,-135.500001959503,1.25238738954067));
#5642=CARTESIAN_POINT('',(18.6091407667845,-136.000001959503,1.25238738954067));
#5643=CARTESIAN_POINT('Ctrl Pts',(18.6091407667845,-135.500001959503,1.25238738954067));
#5644=CARTESIAN_POINT('Ctrl Pts',(18.738985134165,-135.500001959503,1.26810642052468));
#5645=CARTESIAN_POINT('Ctrl Pts',(18.9610593133286,-135.500001959503,1.2949908435724));
#5646=CARTESIAN_POINT('Ctrl Pts',(19.1765392799405,-135.500001959503,1.35453428882602));
#5647=CARTESIAN_POINT('Ctrl Pts',(19.2660304438323,-135.500001959503,1.37926332652569));
#5648=CARTESIAN_POINT('Ctrl Pts',(18.2817193400115,-136.000001959503,1.19713507592678));
#5649=CARTESIAN_POINT('Ctrl Pts',(18.2817193400115,-135.500001959503,1.19713507592678));
#5650=CARTESIAN_POINT('Ctrl Pts',(18.3269760188175,-136.000001959503,1.20711658560358));
#5651=CARTESIAN_POINT('Ctrl Pts',(18.3269760188175,-135.500001959503,1.20711658560358));
#5652=CARTESIAN_POINT('Ctrl Pts',(18.4351687675627,-136.000001959503,1.23097885294293));
#5653=CARTESIAN_POINT('Ctrl Pts',(18.4351687675627,-135.500001959503,1.23097885294293));
#5654=CARTESIAN_POINT('Ctrl Pts',(18.5451590599355,-136.000001959503,1.24451396899719));
#5655=CARTESIAN_POINT('Ctrl Pts',(18.5451590599355,-135.500001959503,1.24451396899719));
#5656=CARTESIAN_POINT('Ctrl Pts',(18.6091407667845,-136.000001959503,1.25238738954067));
#5657=CARTESIAN_POINT('Ctrl Pts',(18.6091407667845,-135.500001959503,1.25238738954067));
#5658=CARTESIAN_POINT('',(18.2817193400115,-136.000001959503,1.19713507592678));
#5659=CARTESIAN_POINT('Ctrl Pts',(18.2817193400115,-136.000001959503,1.19713507592678));
#5660=CARTESIAN_POINT('Ctrl Pts',(18.3269760188175,-136.000001959503,1.20711658560358));
#5661=CARTESIAN_POINT('Ctrl Pts',(18.4351687675627,-136.000001959503,1.23097885294293));
#5662=CARTESIAN_POINT('Ctrl Pts',(18.5451590599355,-136.000001959503,1.24451396899719));
#5663=CARTESIAN_POINT('Ctrl Pts',(18.6091407667845,-136.000001959503,1.25238738954067));
#5664=CARTESIAN_POINT('',(18.2817193400115,-135.500001959503,1.19713507592678));
#5665=CARTESIAN_POINT('',(18.2817193400115,-136.000001959503,1.19713507592678));
#5666=CARTESIAN_POINT('Ctrl Pts',(18.2817193400115,-135.500001959503,1.19713507592678));
#5667=CARTESIAN_POINT('Ctrl Pts',(18.3269760188175,-135.500001959503,1.20711658560358));
#5668=CARTESIAN_POINT('Ctrl Pts',(18.4351687675627,-135.500001959503,1.23097885294293));
#5669=CARTESIAN_POINT('Ctrl Pts',(18.5451590599355,-135.500001959503,1.24451396899719));
#5670=CARTESIAN_POINT('Ctrl Pts',(18.6091407667845,-135.500001959503,1.25238738954067));
#5671=CARTESIAN_POINT('Ctrl Pts',(18.0156895052642,-136.000001959503,1.07639841735363));
#5672=CARTESIAN_POINT('Ctrl Pts',(18.0156895052642,-135.500001959503,1.07639841735363));
#5673=CARTESIAN_POINT('Ctrl Pts',(18.0568517696195,-136.000001959503,1.10149267099393));
#5674=CARTESIAN_POINT('Ctrl Pts',(18.0568517696195,-135.500001959503,1.10149267099393));
#5675=CARTESIAN_POINT('Ctrl Pts',(18.1406030657697,-136.000001959503,1.15255099592372));
#5676=CARTESIAN_POINT('Ctrl Pts',(18.1406030657697,-135.500001959503,1.15255099592372));
#5677=CARTESIAN_POINT('Ctrl Pts',(18.2341493709587,-136.000001959503,1.18210588586783));
#5678=CARTESIAN_POINT('Ctrl Pts',(18.2341493709587,-135.500001959503,1.18210588586783));
#5679=CARTESIAN_POINT('Ctrl Pts',(18.2817193400115,-136.000001959503,1.19713507592678));
#5680=CARTESIAN_POINT('Ctrl Pts',(18.2817193400115,-135.500001959503,1.19713507592678));
#5681=CARTESIAN_POINT('',(18.0156895052642,-136.000001959503,1.07639841735363));
#5682=CARTESIAN_POINT('Ctrl Pts',(18.0156895052642,-136.000001959503,1.07639841735363));
#5683=CARTESIAN_POINT('Ctrl Pts',(18.0568517696195,-136.000001959503,1.10149267099393));
#5684=CARTESIAN_POINT('Ctrl Pts',(18.1406030657697,-136.000001959503,1.15255099592372));
#5685=CARTESIAN_POINT('Ctrl Pts',(18.2341493709587,-136.000001959503,1.18210588586783));
#5686=CARTESIAN_POINT('Ctrl Pts',(18.2817193400115,-136.000001959503,1.19713507592678));
#5687=CARTESIAN_POINT('',(18.0156895052642,-135.500001959503,1.07639841735363));
#5688=CARTESIAN_POINT('',(18.0156895052642,-136.000001959503,1.07639841735363));
#5689=CARTESIAN_POINT('Ctrl Pts',(18.0156895052642,-135.500001959503,1.07639841735363));
#5690=CARTESIAN_POINT('Ctrl Pts',(18.0568517696195,-135.500001959503,1.10149267099393));
#5691=CARTESIAN_POINT('Ctrl Pts',(18.1406030657697,-135.500001959503,1.15255099592372));
#5692=CARTESIAN_POINT('Ctrl Pts',(18.2341493709587,-135.500001959503,1.18210588586783));
#5693=CARTESIAN_POINT('Ctrl Pts',(18.2817193400115,-135.500001959503,1.19713507592678));
#5694=CARTESIAN_POINT('Ctrl Pts',(17.825375450775,-136.000001959503,0.863574370741844));
#5695=CARTESIAN_POINT('Ctrl Pts',(17.825375450775,-135.500001959503,0.863574370741844));
#5696=CARTESIAN_POINT('Ctrl Pts',(17.8513399695738,-136.000001959503,0.905431266441344));
#5697=CARTESIAN_POINT('Ctrl Pts',(17.8513399695738,-135.500001959503,0.905431266441344));
#5698=CARTESIAN_POINT('Ctrl Pts',(17.9022994095345,-136.000001959503,0.987581988350125));
#5699=CARTESIAN_POINT('Ctrl Pts',(17.9022994095345,-135.500001959503,0.987581988350125));
#5700=CARTESIAN_POINT('Ctrl Pts',(17.978375301558,-136.000001959503,1.04717087060042));
#5701=CARTESIAN_POINT('Ctrl Pts',(17.978375301558,-135.500001959503,1.04717087060042));
#5702=CARTESIAN_POINT('Ctrl Pts',(18.0156895052642,-136.000001959503,1.07639841735363));
#5703=CARTESIAN_POINT('Ctrl Pts',(18.0156895052642,-135.500001959503,1.07639841735363));
#5704=CARTESIAN_POINT('',(17.825375450775,-136.000001959503,0.863574370741844));
#5705=CARTESIAN_POINT('Ctrl Pts',(17.825375450775,-136.000001959503,0.863574370741844));
#5706=CARTESIAN_POINT('Ctrl Pts',(17.8513399695738,-136.000001959503,0.905431266441344));
#5707=CARTESIAN_POINT('Ctrl Pts',(17.9022994095345,-136.000001959503,0.987581988350125));
#5708=CARTESIAN_POINT('Ctrl Pts',(17.978375301558,-136.000001959503,1.04717087060042));
#5709=CARTESIAN_POINT('Ctrl Pts',(18.0156895052642,-136.000001959503,1.07639841735363));
#5710=CARTESIAN_POINT('',(17.825375450775,-135.500001959503,0.863574370741844));
#5711=CARTESIAN_POINT('',(17.825375450775,-136.000001959503,0.863574370741844));
#5712=CARTESIAN_POINT('Ctrl Pts',(17.825375450775,-135.500001959503,0.863574370741844));
#5713=CARTESIAN_POINT('Ctrl Pts',(17.8513399695738,-135.500001959503,0.905431266441344));
#5714=CARTESIAN_POINT('Ctrl Pts',(17.9022994095345,-135.500001959503,0.987581988350125));
#5715=CARTESIAN_POINT('Ctrl Pts',(17.978375301558,-135.500001959503,1.04717087060042));
#5716=CARTESIAN_POINT('Ctrl Pts',(18.0156895052642,-135.500001959503,1.07639841735363));
#5717=CARTESIAN_POINT('Ctrl Pts',(17.7537521254271,-136.000001959503,0.572987720370293));
#5718=CARTESIAN_POINT('Ctrl Pts',(17.7537521254271,-135.500001959503,0.572987720370293));
#5719=CARTESIAN_POINT('Ctrl Pts',(17.7565213222782,-136.000001959503,0.624602437942373));
#5720=CARTESIAN_POINT('Ctrl Pts',(17.7565213222782,-135.500001959503,0.624602437942373));
#5721=CARTESIAN_POINT('Ctrl Pts',(17.7619641950401,-136.000001959503,0.726051470095339));
#5722=CARTESIAN_POINT('Ctrl Pts',(17.7619641950401,-135.500001959503,0.726051470095339));
#5723=CARTESIAN_POINT('Ctrl Pts',(17.8044871208002,-136.000001959503,0.818272890831099));
#5724=CARTESIAN_POINT('Ctrl Pts',(17.8044871208002,-135.500001959503,0.818272890831099));
#5725=CARTESIAN_POINT('Ctrl Pts',(17.825375450775,-136.000001959503,0.863574370741844));
#5726=CARTESIAN_POINT('Ctrl Pts',(17.825375450775,-135.500001959503,0.863574370741844));
#5727=CARTESIAN_POINT('',(17.7537521254271,-136.000001959503,0.572987720370293));
#5728=CARTESIAN_POINT('Ctrl Pts',(17.7537521254271,-136.000001959503,0.572987720370293));
#5729=CARTESIAN_POINT('Ctrl Pts',(17.7565213222782,-136.000001959503,0.624602437942373));
#5730=CARTESIAN_POINT('Ctrl Pts',(17.7619641950401,-136.000001959503,0.726051470095339));
#5731=CARTESIAN_POINT('Ctrl Pts',(17.8044871208002,-136.000001959503,0.818272890831099));
#5732=CARTESIAN_POINT('Ctrl Pts',(17.825375450775,-136.000001959503,0.863574370741844));
#5733=CARTESIAN_POINT('',(17.7537521254271,-135.500001959503,0.572987720370293));
#5734=CARTESIAN_POINT('',(17.7537521254271,-136.000001959503,0.572987720370293));
#5735=CARTESIAN_POINT('Ctrl Pts',(17.7537521254271,-135.500001959503,0.572987720370293));
#5736=CARTESIAN_POINT('Ctrl Pts',(17.7565213222782,-135.500001959503,0.624602437942373));
#5737=CARTESIAN_POINT('Ctrl Pts',(17.7619641950401,-135.500001959503,0.726051470095339));
#5738=CARTESIAN_POINT('Ctrl Pts',(17.8044871208002,-135.500001959503,0.818272890831099));
#5739=CARTESIAN_POINT('Ctrl Pts',(17.825375450775,-135.500001959503,0.863574370741844));
#5740=CARTESIAN_POINT('Ctrl Pts',(17.9461124073714,-136.000001959503,0.124829337000847));
#5741=CARTESIAN_POINT('Ctrl Pts',(17.9461124073714,-135.500001959503,0.124829337000847));
#5742=CARTESIAN_POINT('Ctrl Pts',(17.890009473303,-136.000001959503,0.188042531064259));
#5743=CARTESIAN_POINT('Ctrl Pts',(17.890009473303,-135.500001959503,0.188042531064259));
#5744=CARTESIAN_POINT('Ctrl Pts',(17.7764139800848,-136.000001959503,0.316034659760753));
#5745=CARTESIAN_POINT('Ctrl Pts',(17.7764139800848,-135.500001959503,0.316034659760753));
#5746=CARTESIAN_POINT('Ctrl Pts',(17.76136743229,-136.000001959503,0.486641018591003));
#5747=CARTESIAN_POINT('Ctrl Pts',(17.76136743229,-135.500001959503,0.486641018591003));
#5748=CARTESIAN_POINT('Ctrl Pts',(17.7537521254271,-136.000001959503,0.572987720370293));
#5749=CARTESIAN_POINT('Ctrl Pts',(17.7537521254271,-135.500001959503,0.572987720370293));
#5750=CARTESIAN_POINT('',(17.9461124073714,-136.000001959503,0.124829337000847));
#5751=CARTESIAN_POINT('Ctrl Pts',(17.9461124073714,-136.000001959503,0.124829337000847));
#5752=CARTESIAN_POINT('Ctrl Pts',(17.890009473303,-136.000001959503,0.188042531064259));
#5753=CARTESIAN_POINT('Ctrl Pts',(17.7764139800848,-136.000001959503,0.316034659760753));
#5754=CARTESIAN_POINT('Ctrl Pts',(17.76136743229,-136.000001959503,0.486641018591003));
#5755=CARTESIAN_POINT('Ctrl Pts',(17.7537521254271,-136.000001959503,0.572987720370293));
#5756=CARTESIAN_POINT('',(17.9461124073714,-135.500001959503,0.124829337000847));
#5757=CARTESIAN_POINT('',(17.9461124073714,-136.000001959503,0.124829337000847));
#5758=CARTESIAN_POINT('Ctrl Pts',(17.9461124073714,-135.500001959503,0.124829337000847));
#5759=CARTESIAN_POINT('Ctrl Pts',(17.890009473303,-135.500001959503,0.188042531064259));
#5760=CARTESIAN_POINT('Ctrl Pts',(17.7764139800848,-135.500001959503,0.316034659760753));
#5761=CARTESIAN_POINT('Ctrl Pts',(17.76136743229,-135.500001959503,0.486641018591003));
#5762=CARTESIAN_POINT('Ctrl Pts',(17.7537521254271,-135.500001959503,0.572987720370293));
#5763=CARTESIAN_POINT('Ctrl Pts',(18.4965899121016,-136.000001959503,-0.0491134077310562));
#5764=CARTESIAN_POINT('Ctrl Pts',(18.4965899121016,-135.500001959503,-0.0491134077310562));
#5765=CARTESIAN_POINT('Ctrl Pts',(18.3876254193356,-136.000001959503,-0.044800775727748));
#5766=CARTESIAN_POINT('Ctrl Pts',(18.3876254193356,-135.500001959503,-0.044800775727748));
#5767=CARTESIAN_POINT('Ctrl Pts',(18.1873941802817,-136.000001959503,-0.0368759588659817));
#5768=CARTESIAN_POINT('Ctrl Pts',(18.1873941802817,-135.500001959503,-0.0368759588659817));
#5769=CARTESIAN_POINT('Ctrl Pts',(18.0216566768327,-136.000001959503,0.0742001150047561));
#5770=CARTESIAN_POINT('Ctrl Pts',(18.0216566768327,-135.500001959503,0.0742001150047561));
#5771=CARTESIAN_POINT('Ctrl Pts',(17.9461124073714,-136.000001959503,0.124829337000847));
#5772=CARTESIAN_POINT('Ctrl Pts',(17.9461124073714,-135.500001959503,0.124829337000847));
#5773=CARTESIAN_POINT('',(18.4965899121016,-136.000001959503,-0.0491134077310562));
#5774=CARTESIAN_POINT('Ctrl Pts',(18.4965899121016,-136.000001959503,-0.0491134077310562));
#5775=CARTESIAN_POINT('Ctrl Pts',(18.3876254193356,-136.000001959503,-0.044800775727748));
#5776=CARTESIAN_POINT('Ctrl Pts',(18.1873941802817,-136.000001959503,-0.0368759588659817));
#5777=CARTESIAN_POINT('Ctrl Pts',(18.0216566768327,-136.000001959503,0.0742001150047561));
#5778=CARTESIAN_POINT('Ctrl Pts',(17.9461124073714,-136.000001959503,0.124829337000847));
#5779=CARTESIAN_POINT('',(18.4965899121016,-135.500001959503,-0.0491134077310562));
#5780=CARTESIAN_POINT('',(18.4965899121016,-136.000001959503,-0.0491134077310562));
#5781=CARTESIAN_POINT('Ctrl Pts',(18.4965899121016,-135.500001959503,-0.0491134077310562));
#5782=CARTESIAN_POINT('Ctrl Pts',(18.3876254193356,-135.500001959503,-0.044800775727748));
#5783=CARTESIAN_POINT('Ctrl Pts',(18.1873941802817,-135.500001959503,-0.0368759588659817));
#5784=CARTESIAN_POINT('Ctrl Pts',(18.0216566768327,-135.500001959503,0.0742001150047561));
#5785=CARTESIAN_POINT('Ctrl Pts',(17.9461124073714,-135.500001959503,0.124829337000847));
#5786=CARTESIAN_POINT('Ctrl Pts',(18.9017739426345,-136.000001959503,0.0225102156400681));
#5787=CARTESIAN_POINT('Ctrl Pts',(18.9017739426345,-135.500001959503,0.0225102156400681));
#5788=CARTESIAN_POINT('Ctrl Pts',(18.8371631548933,-136.000001959503,0.00162206351163597));
#5789=CARTESIAN_POINT('Ctrl Pts',(18.8371631548933,-135.500001959503,0.00162206351163597));
#5790=CARTESIAN_POINT('Ctrl Pts',(18.7054426904965,-136.000001959503,-0.0409621115919467));
#5791=CARTESIAN_POINT('Ctrl Pts',(18.7054426904965,-135.500001959503,-0.0409621115919467));
#5792=CARTESIAN_POINT('Ctrl Pts',(18.5670824559007,-136.000001959503,-0.0463621606347925));
#5793=CARTESIAN_POINT('Ctrl Pts',(18.5670824559007,-135.500001959503,-0.0463621606347925));
#5794=CARTESIAN_POINT('Ctrl Pts',(18.4965899121016,-136.000001959503,-0.0491134077310562));
#5795=CARTESIAN_POINT('Ctrl Pts',(18.4965899121016,-135.500001959503,-0.0491134077310562));
#5796=CARTESIAN_POINT('',(18.9017739426345,-136.000001959503,0.0225102156400681));
#5797=CARTESIAN_POINT('Ctrl Pts',(18.9017739426345,-136.000001959503,0.0225102156400681));
#5798=CARTESIAN_POINT('Ctrl Pts',(18.8371631548933,-136.000001959503,0.00162206351163596));
#5799=CARTESIAN_POINT('Ctrl Pts',(18.7054426904965,-136.000001959503,-0.0409621115919467));
#5800=CARTESIAN_POINT('Ctrl Pts',(18.5670824559007,-136.000001959503,-0.0463621606347925));
#5801=CARTESIAN_POINT('Ctrl Pts',(18.4965899121016,-136.000001959503,-0.0491134077310562));
#5802=CARTESIAN_POINT('',(18.9017739426345,-135.500001959503,0.0225102156400681));
#5803=CARTESIAN_POINT('',(18.9017739426345,-136.000001959503,0.0225102156400681));
#5804=CARTESIAN_POINT('Ctrl Pts',(18.9017739426345,-135.500001959503,0.0225102156400681));
#5805=CARTESIAN_POINT('Ctrl Pts',(18.8371631548933,-135.500001959503,0.00162206351163596));
#5806=CARTESIAN_POINT('Ctrl Pts',(18.7054426904965,-135.500001959503,-0.0409621115919467));
#5807=CARTESIAN_POINT('Ctrl Pts',(18.5670824559007,-135.500001959503,-0.0463621606347925));
#5808=CARTESIAN_POINT('Ctrl Pts',(18.4965899121016,-135.500001959503,-0.0491134077310562));
#5809=CARTESIAN_POINT('Ctrl Pts',(19.2967262398452,-136.000001959503,0.268076285719872));
#5810=CARTESIAN_POINT('Ctrl Pts',(19.2967262398452,-135.500001959503,0.268076285719872));
#5811=CARTESIAN_POINT('Ctrl Pts',(19.2316982436817,-136.000001959503,0.215376038047864));
#5812=CARTESIAN_POINT('Ctrl Pts',(19.2316982436817,-135.500001959503,0.215376038047864));
#5813=CARTESIAN_POINT('Ctrl Pts',(19.1102239291038,-136.000001959503,0.116930340168062));
#5814=CARTESIAN_POINT('Ctrl Pts',(19.1102239291038,-135.500001959503,0.116930340168062));
#5815=CARTESIAN_POINT('Ctrl Pts',(18.9679058696169,-136.000001959503,0.0524655295584031));
#5816=CARTESIAN_POINT('Ctrl Pts',(18.9679058696169,-135.500001959503,0.0524655295584031));
#5817=CARTESIAN_POINT('Ctrl Pts',(18.9017739426345,-136.000001959503,0.0225102156400681));
#5818=CARTESIAN_POINT('Ctrl Pts',(18.9017739426345,-135.500001959503,0.0225102156400681));
#5819=CARTESIAN_POINT('',(19.2967262398452,-136.000001959503,0.268076285719872));
#5820=CARTESIAN_POINT('Ctrl Pts',(19.2967262398452,-136.000001959503,0.268076285719872));
#5821=CARTESIAN_POINT('Ctrl Pts',(19.2316982436817,-136.000001959503,0.215376038047864));
#5822=CARTESIAN_POINT('Ctrl Pts',(19.1102239291038,-136.000001959503,0.116930340168062));
#5823=CARTESIAN_POINT('Ctrl Pts',(18.9679058696169,-136.000001959503,0.0524655295584031));
#5824=CARTESIAN_POINT('Ctrl Pts',(18.9017739426345,-136.000001959503,0.0225102156400681));
#5825=CARTESIAN_POINT('',(19.2967262398452,-135.500001959503,0.268076285719872));
#5826=CARTESIAN_POINT('',(19.2967262398452,-136.000001959503,0.268076285719872));
#5827=CARTESIAN_POINT('Ctrl Pts',(19.2967262398452,-135.500001959503,0.268076285719872));
#5828=CARTESIAN_POINT('Ctrl Pts',(19.2316982436817,-135.500001959503,0.215376038047864));
#5829=CARTESIAN_POINT('Ctrl Pts',(19.1102239291038,-135.500001959503,0.116930340168062));
#5830=CARTESIAN_POINT('Ctrl Pts',(18.9679058696169,-135.500001959503,0.0524655295584031));
#5831=CARTESIAN_POINT('Ctrl Pts',(18.9017739426345,-135.500001959503,0.0225102156400681));
#5832=CARTESIAN_POINT('Ctrl Pts',(19.3703957926482,-136.000001959503,-7.45058059692383E-8));
#5833=CARTESIAN_POINT('Ctrl Pts',(19.3703957926482,-135.500001959503,-7.45058059692383E-8));
#5834=CARTESIAN_POINT('Ctrl Pts',(19.3528909405209,-136.000001959503,0.0409318924992164));
#5835=CARTESIAN_POINT('Ctrl Pts',(19.3528909405209,-135.500001959503,0.0409318924992164));
#5836=CARTESIAN_POINT('Ctrl Pts',(19.3161338276341,-136.000001959503,0.126881829176371));
#5837=CARTESIAN_POINT('Ctrl Pts',(19.3161338276341,-135.500001959503,0.126881829176371));
#5838=CARTESIAN_POINT('Ctrl Pts',(19.3033972650058,-136.000001959503,0.219543114962781));
#5839=CARTESIAN_POINT('Ctrl Pts',(19.3033972650058,-135.500001959503,0.219543114962781));
#5840=CARTESIAN_POINT('Ctrl Pts',(19.2967262398452,-136.000001959503,0.268076285719872));
#5841=CARTESIAN_POINT('Ctrl Pts',(19.2967262398452,-135.500001959503,0.268076285719872));
#5842=CARTESIAN_POINT('Ctrl Pts',(19.3703957926482,-136.000001959503,-7.45058059692383E-8));
#5843=CARTESIAN_POINT('Ctrl Pts',(19.3528909405209,-136.000001959503,0.0409318924992164));
#5844=CARTESIAN_POINT('Ctrl Pts',(19.3161338276341,-136.000001959503,0.126881829176371));
#5845=CARTESIAN_POINT('Ctrl Pts',(19.3033972650058,-136.000001959503,0.219543114962781));
#5846=CARTESIAN_POINT('Ctrl Pts',(19.2967262398452,-136.000001959503,0.268076285719872));
#5847=CARTESIAN_POINT('Ctrl Pts',(19.3703957926482,-135.500001959503,-7.45058059692383E-8));
#5848=CARTESIAN_POINT('Ctrl Pts',(19.3528909405209,-135.500001959503,0.0409318924992164));
#5849=CARTESIAN_POINT('Ctrl Pts',(19.3161338276341,-135.500001959503,0.126881829176371));
#5850=CARTESIAN_POINT('Ctrl Pts',(19.3033972650058,-135.500001959503,0.219543114962781));
#5851=CARTESIAN_POINT('Ctrl Pts',(19.2967262398452,-135.500001959503,0.268076285719872));
#5852=CARTESIAN_POINT('Origin',(19.7060026740655,-135.500001959503,1.48158244788647));
#5853=CARTESIAN_POINT('Origin',(20.5736687313765,-136.000001959503,1.13778971135616));
#5854=CARTESIAN_POINT('',(20.5736687313765,-136.000001959503,1.13778971135616));
#5855=CARTESIAN_POINT('',(20.5736687313765,-136.000001959503,-7.45058059692383E-8));
#5856=CARTESIAN_POINT('',(20.5736687313765,-136.000001959503,-0.431105144321869));
#5857=CARTESIAN_POINT('',(20.5736687313765,-135.500001959503,1.13778971135616));
#5858=CARTESIAN_POINT('',(20.5736687313765,-136.000001959503,1.13778971135616));
#5859=CARTESIAN_POINT('',(20.5736687313765,-135.500001959503,-7.45058059692383E-8));
#5860=CARTESIAN_POINT('',(20.5736687313765,-135.500001959503,1.13778971135616));
#5861=CARTESIAN_POINT('',(20.5736687313765,-136.000001959503,-7.45058059692383E-8));
#5862=CARTESIAN_POINT('Ctrl Pts',(20.6350603234023,-136.000001959503,1.56753070652485));
#5863=CARTESIAN_POINT('Ctrl Pts',(20.6350603234023,-135.500001959503,1.56753070652485));
#5864=CARTESIAN_POINT('Ctrl Pts',(20.6171590233084,-136.000001959503,1.49934780953437));
#5865=CARTESIAN_POINT('Ctrl Pts',(20.6171590233084,-135.500001959503,1.49934780953437));
#5866=CARTESIAN_POINT('Ctrl Pts',(20.5801799238689,-136.000001959503,1.35850093725843));
#5867=CARTESIAN_POINT('Ctrl Pts',(20.5801799238689,-135.500001959503,1.35850093725843));
#5868=CARTESIAN_POINT('Ctrl Pts',(20.5758846802885,-136.000001959503,1.21290418561993));
#5869=CARTESIAN_POINT('Ctrl Pts',(20.5758846802885,-135.500001959503,1.21290418561993));
#5870=CARTESIAN_POINT('Ctrl Pts',(20.5736687313765,-136.000001959503,1.13778971135616));
#5871=CARTESIAN_POINT('Ctrl Pts',(20.5736687313765,-135.500001959503,1.13778971135616));
#5872=CARTESIAN_POINT('',(20.6350603234023,-136.000001959503,1.56753070652485));
#5873=CARTESIAN_POINT('Ctrl Pts',(20.6350603234023,-136.000001959503,1.56753070652485));
#5874=CARTESIAN_POINT('Ctrl Pts',(20.6171590233084,-136.000001959503,1.49934780953437));
#5875=CARTESIAN_POINT('Ctrl Pts',(20.5801799238689,-136.000001959503,1.35850093725843));
#5876=CARTESIAN_POINT('Ctrl Pts',(20.5758846802885,-136.000001959503,1.21290418561993));
#5877=CARTESIAN_POINT('Ctrl Pts',(20.5736687313765,-136.000001959503,1.13778971135616));
#5878=CARTESIAN_POINT('',(20.6350603234023,-135.500001959503,1.56753070652485));
#5879=CARTESIAN_POINT('',(20.6350603234023,-136.000001959503,1.56753070652485));
#5880=CARTESIAN_POINT('Ctrl Pts',(20.6350603234023,-135.500001959503,1.56753070652485));
#5881=CARTESIAN_POINT('Ctrl Pts',(20.6171590233084,-135.500001959503,1.49934780953437));
#5882=CARTESIAN_POINT('Ctrl Pts',(20.5801799238689,-135.500001959503,1.35850093725843));
#5883=CARTESIAN_POINT('Ctrl Pts',(20.5758846802885,-135.500001959503,1.21290418561993));
#5884=CARTESIAN_POINT('Ctrl Pts',(20.5736687313765,-135.500001959503,1.13778971135616));
#5885=CARTESIAN_POINT('Ctrl Pts',(20.7721688877791,-136.000001959503,1.76807634532452));
#5886=CARTESIAN_POINT('Ctrl Pts',(20.7721688877791,-135.500001959503,1.76807634532452));
#5887=CARTESIAN_POINT('Ctrl Pts',(20.7422086729508,-136.000001959503,1.74115828308953));
#5888=CARTESIAN_POINT('Ctrl Pts',(20.7422086729508,-135.500001959503,1.74115828308953));
#5889=CARTESIAN_POINT('Ctrl Pts',(20.680285809539,-136.000001959503,1.68552305147853));
#5890=CARTESIAN_POINT('Ctrl Pts',(20.680285809539,-135.500001959503,1.68552305147853));
#5891=CARTESIAN_POINT('Ctrl Pts',(20.6504570154976,-136.000001959503,1.60770035333347));
#5892=CARTESIAN_POINT('Ctrl Pts',(20.6504570154976,-135.500001959503,1.60770035333347));
#5893=CARTESIAN_POINT('Ctrl Pts',(20.6350603234023,-136.000001959503,1.56753070652485));
#5894=CARTESIAN_POINT('Ctrl Pts',(20.6350603234023,-135.500001959503,1.56753070652485));
#5895=CARTESIAN_POINT('',(20.7721688877791,-136.000001959503,1.76807634532452));
#5896=CARTESIAN_POINT('Ctrl Pts',(20.7721688877791,-136.000001959503,1.76807634532452));
#5897=CARTESIAN_POINT('Ctrl Pts',(20.7422086729508,-136.000001959503,1.74115828308953));
#5898=CARTESIAN_POINT('Ctrl Pts',(20.680285809539,-136.000001959503,1.68552305147853));
#5899=CARTESIAN_POINT('Ctrl Pts',(20.6504570154976,-136.000001959503,1.60770035333347));
#5900=CARTESIAN_POINT('Ctrl Pts',(20.6350603234023,-136.000001959503,1.56753070652485));
#5901=CARTESIAN_POINT('',(20.7721688877791,-135.500001959503,1.76807634532452));
#5902=CARTESIAN_POINT('',(20.7721688877791,-136.000001959503,1.76807634532452));
#5903=CARTESIAN_POINT('Ctrl Pts',(20.7721688877791,-135.500001959503,1.76807634532452));
#5904=CARTESIAN_POINT('Ctrl Pts',(20.7422086729508,-135.500001959503,1.74115828308953));
#5905=CARTESIAN_POINT('Ctrl Pts',(20.680285809539,-135.500001959503,1.68552305147853));
#5906=CARTESIAN_POINT('Ctrl Pts',(20.6504570154976,-135.500001959503,1.60770035333347));
#5907=CARTESIAN_POINT('Ctrl Pts',(20.6350603234023,-135.500001959503,1.56753070652485));
#5908=CARTESIAN_POINT('Ctrl Pts',(20.9890856873244,-136.000001959503,1.84174619615078));
#5909=CARTESIAN_POINT('Ctrl Pts',(20.9890856873244,-135.500001959503,1.84174619615078));
#5910=CARTESIAN_POINT('Ctrl Pts',(20.9498481547317,-136.000001959503,1.83866524237193));
#5911=CARTESIAN_POINT('Ctrl Pts',(20.9498481547317,-135.500001959503,1.83866524237193));
#5912=CARTESIAN_POINT('Ctrl Pts',(20.871300447417,-136.000001959503,1.8324976309122));
#5913=CARTESIAN_POINT('Ctrl Pts',(20.871300447417,-135.500001959503,1.8324976309122));
#5914=CARTESIAN_POINT('Ctrl Pts',(20.8052331076894,-136.000001959503,1.78956334261737));
#5915=CARTESIAN_POINT('Ctrl Pts',(20.8052331076894,-135.500001959503,1.78956334261737));
#5916=CARTESIAN_POINT('Ctrl Pts',(20.7721688877791,-136.000001959503,1.76807634532452));
#5917=CARTESIAN_POINT('Ctrl Pts',(20.7721688877791,-135.500001959503,1.76807634532452));
#5918=CARTESIAN_POINT('',(20.9890856873244,-136.000001959503,1.84174619615078));
#5919=CARTESIAN_POINT('Ctrl Pts',(20.9890856873244,-136.000001959503,1.84174619615078));
#5920=CARTESIAN_POINT('Ctrl Pts',(20.9498481547317,-136.000001959503,1.83866524237193));
#5921=CARTESIAN_POINT('Ctrl Pts',(20.871300447417,-136.000001959503,1.8324976309122));
#5922=CARTESIAN_POINT('Ctrl Pts',(20.8052331076894,-136.000001959503,1.78956334261737));
#5923=CARTESIAN_POINT('Ctrl Pts',(20.7721688877791,-136.000001959503,1.76807634532452));
#5924=CARTESIAN_POINT('',(20.9890856873244,-135.500001959503,1.84174619615078));
#5925=CARTESIAN_POINT('',(20.9890856873244,-136.000001959503,1.84174619615078));
#5926=CARTESIAN_POINT('Ctrl Pts',(20.9890856873244,-135.500001959503,1.84174619615078));
#5927=CARTESIAN_POINT('Ctrl Pts',(20.9498481547317,-135.500001959503,1.83866524237193));
#5928=CARTESIAN_POINT('Ctrl Pts',(20.871300447417,-135.500001959503,1.8324976309122));
#5929=CARTESIAN_POINT('Ctrl Pts',(20.8052331076894,-135.500001959503,1.78956334261737));
#5930=CARTESIAN_POINT('Ctrl Pts',(20.7721688877791,-135.500001959503,1.76807634532452));
#5931=CARTESIAN_POINT('Ctrl Pts',(21.259207976982,-136.000001959503,1.76193721592426));
#5932=CARTESIAN_POINT('Ctrl Pts',(21.259207976982,-135.500001959503,1.76193721592426));
#5933=CARTESIAN_POINT('Ctrl Pts',(21.2151474173273,-136.000001959503,1.78520409646572));
#5934=CARTESIAN_POINT('Ctrl Pts',(21.2151474173273,-135.500001959503,1.78520409646572));
#5935=CARTESIAN_POINT('Ctrl Pts',(21.1303681255998,-136.000001959503,1.82997315224878));
#5936=CARTESIAN_POINT('Ctrl Pts',(21.1303681255998,-135.500001959503,1.82997315224878));
#5937=CARTESIAN_POINT('Ctrl Pts',(21.0349257856505,-136.000001959503,1.83792634779134));
#5938=CARTESIAN_POINT('Ctrl Pts',(21.0349257856505,-135.500001959503,1.83792634779134));
#5939=CARTESIAN_POINT('Ctrl Pts',(20.9890856873244,-136.000001959503,1.84174619615078));
#5940=CARTESIAN_POINT('Ctrl Pts',(20.9890856873244,-135.500001959503,1.84174619615078));
#5941=CARTESIAN_POINT('',(21.259207976982,-136.000001959503,1.76193721592426));
#5942=CARTESIAN_POINT('Ctrl Pts',(21.259207976982,-136.000001959503,1.76193721592426));
#5943=CARTESIAN_POINT('Ctrl Pts',(21.2151474173273,-136.000001959503,1.78520409646572));
#5944=CARTESIAN_POINT('Ctrl Pts',(21.1303681255998,-136.000001959503,1.82997315224878));
#5945=CARTESIAN_POINT('Ctrl Pts',(21.0349257856505,-136.000001959503,1.83792634779134));
#5946=CARTESIAN_POINT('Ctrl Pts',(20.9890856873244,-136.000001959503,1.84174619615078));
#5947=CARTESIAN_POINT('',(21.259207976982,-135.500001959503,1.76193721592426));
#5948=CARTESIAN_POINT('',(21.259207976982,-136.000001959503,1.76193721592426));
#5949=CARTESIAN_POINT('Ctrl Pts',(21.259207976982,-135.500001959503,1.76193721592426));
#5950=CARTESIAN_POINT('Ctrl Pts',(21.2151474173273,-135.500001959503,1.78520409646572));
#5951=CARTESIAN_POINT('Ctrl Pts',(21.1303681255998,-135.500001959503,1.82997315224878));
#5952=CARTESIAN_POINT('Ctrl Pts',(21.0349257856505,-135.500001959503,1.83792634779134));
#5953=CARTESIAN_POINT('Ctrl Pts',(20.9890856873244,-135.500001959503,1.84174619615078));
#5954=CARTESIAN_POINT('Origin',(21.3860836159438,-136.000001959503,2.1036834269762));
#5955=CARTESIAN_POINT('',(21.3860836159438,-136.000001959503,2.1036834269762));
#5956=CARTESIAN_POINT('',(40.5291357235729,-136.000001959503,53.6665017842672));
#5957=CARTESIAN_POINT('',(21.3860836159438,-135.500001959503,2.1036834269762));
#5958=CARTESIAN_POINT('',(21.3860836159438,-136.000001959503,2.1036834269762));
#5959=CARTESIAN_POINT('',(21.3860836159438,-135.500001959503,2.1036834269762));
#5960=CARTESIAN_POINT('Ctrl Pts',(21.0075023304671,-136.000001959503,2.2223737090826));
#5961=CARTESIAN_POINT('Ctrl Pts',(21.0075023304671,-135.500001959503,2.2223737090826));
#5962=CARTESIAN_POINT('Ctrl Pts',(21.0713125497325,-136.000001959503,2.2164908416281));
#5963=CARTESIAN_POINT('Ctrl Pts',(21.0713125497325,-135.500001959503,2.2164908416281));
#5964=CARTESIAN_POINT('Ctrl Pts',(21.2058083055812,-136.000001959503,2.20409124930637));
#5965=CARTESIAN_POINT('Ctrl Pts',(21.2058083055812,-135.500001959503,2.20409124930637));
#5966=CARTESIAN_POINT('Ctrl Pts',(21.3239782607495,-136.000001959503,2.13827420625459));
#5967=CARTESIAN_POINT('Ctrl Pts',(21.3239782607495,-135.500001959503,2.13827420625459));
#5968=CARTESIAN_POINT('Ctrl Pts',(21.3860836159438,-136.000001959503,2.1036834269762));
#5969=CARTESIAN_POINT('Ctrl Pts',(21.3860836159438,-135.500001959503,2.1036834269762));
#5970=CARTESIAN_POINT('',(21.0075023304671,-136.000001959503,2.2223737090826));
#5971=CARTESIAN_POINT('Ctrl Pts',(21.0075023304671,-136.000001959503,2.2223737090826));
#5972=CARTESIAN_POINT('Ctrl Pts',(21.0713125497325,-136.000001959503,2.2164908416281));
#5973=CARTESIAN_POINT('Ctrl Pts',(21.2058083055812,-136.000001959503,2.20409124930637));
#5974=CARTESIAN_POINT('Ctrl Pts',(21.3239782607495,-136.000001959503,2.13827420625459));
#5975=CARTESIAN_POINT('Ctrl Pts',(21.3860836159438,-136.000001959503,2.1036834269762));
#5976=CARTESIAN_POINT('',(21.0075023304671,-135.500001959503,2.2223737090826));
#5977=CARTESIAN_POINT('',(21.0075023304671,-136.000001959503,2.2223737090826));
#5978=CARTESIAN_POINT('Ctrl Pts',(21.0075023304671,-135.500001959503,2.2223737090826));
#5979=CARTESIAN_POINT('Ctrl Pts',(21.0713125497325,-135.500001959503,2.2164908416281));
#5980=CARTESIAN_POINT('Ctrl Pts',(21.2058083055812,-135.500001959503,2.20409124930637));
#5981=CARTESIAN_POINT('Ctrl Pts',(21.3239782607495,-135.500001959503,2.13827420625459));
#5982=CARTESIAN_POINT('Ctrl Pts',(21.3860836159438,-135.500001959503,2.1036834269762));
#5983=CARTESIAN_POINT('Ctrl Pts',(20.7701220642775,-136.000001959503,2.14870385825634));
#5984=CARTESIAN_POINT('Ctrl Pts',(20.7701220642775,-135.500001959503,2.14870385825634));
#5985=CARTESIAN_POINT('Ctrl Pts',(20.8070298965014,-136.000001959503,2.17019073562867));
#5986=CARTESIAN_POINT('Ctrl Pts',(20.8070298965014,-135.500001959503,2.17019073562867));
#5987=CARTESIAN_POINT('Ctrl Pts',(20.8805146065495,-136.000001959503,2.21297181645642));
#5988=CARTESIAN_POINT('Ctrl Pts',(20.8805146065495,-135.500001959503,2.21297181645642));
#5989=CARTESIAN_POINT('Ctrl Pts',(20.965300372884,-136.000001959503,2.21924916868161));
#5990=CARTESIAN_POINT('Ctrl Pts',(20.965300372884,-135.500001959503,2.21924916868161));
#5991=CARTESIAN_POINT('Ctrl Pts',(21.0075023304671,-136.000001959503,2.2223737090826));
#5992=CARTESIAN_POINT('Ctrl Pts',(21.0075023304671,-135.500001959503,2.2223737090826));
#5993=CARTESIAN_POINT('',(20.7701220642775,-136.000001959503,2.14870385825634));
#5994=CARTESIAN_POINT('Ctrl Pts',(20.7701220642775,-136.000001959503,2.14870385825634));
#5995=CARTESIAN_POINT('Ctrl Pts',(20.8070298965014,-136.000001959503,2.17019073562867));
#5996=CARTESIAN_POINT('Ctrl Pts',(20.8805146065495,-136.000001959503,2.21297181645642));
#5997=CARTESIAN_POINT('Ctrl Pts',(20.965300372884,-136.000001959503,2.21924916868161));
#5998=CARTESIAN_POINT('Ctrl Pts',(21.0075023304671,-136.000001959503,2.2223737090826));
#5999=CARTESIAN_POINT('',(20.7701220642775,-135.500001959503,2.14870385825634));
#6000=CARTESIAN_POINT('',(20.7701220642775,-136.000001959503,2.14870385825634));
#6001=CARTESIAN_POINT('Ctrl Pts',(20.7701220642775,-135.500001959503,2.14870385825634));
#6002=CARTESIAN_POINT('Ctrl Pts',(20.8070298965014,-135.500001959503,2.17019073562867));
#6003=CARTESIAN_POINT('Ctrl Pts',(20.8805146065495,-135.500001959503,2.21297181645642));
#6004=CARTESIAN_POINT('Ctrl Pts',(20.965300372884,-135.500001959503,2.21924916868161));
#6005=CARTESIAN_POINT('Ctrl Pts',(21.0075023304671,-135.500001959503,2.2223737090826));
#6006=CARTESIAN_POINT('Ctrl Pts',(20.5368342529982,-136.000001959503,1.84379257261753));
#6007=CARTESIAN_POINT('Ctrl Pts',(20.5368342529982,-135.500001959503,1.84379257261753));
#6008=CARTESIAN_POINT('Ctrl Pts',(20.573711817522,-136.000001959503,1.9106930464814));
#6009=CARTESIAN_POINT('Ctrl Pts',(20.573711817522,-135.500001959503,1.9106930464814));
#6010=CARTESIAN_POINT('Ctrl Pts',(20.6363639505683,-136.000001959503,2.02435178299249));
#6011=CARTESIAN_POINT('Ctrl Pts',(20.6363639505683,-135.500001959503,2.02435178299249));
#6012=CARTESIAN_POINT('Ctrl Pts',(20.731134319557,-136.000001959503,2.11245778068088));
#6013=CARTESIAN_POINT('Ctrl Pts',(20.731134319557,-135.500001959503,2.11245778068088));
#6014=CARTESIAN_POINT('Ctrl Pts',(20.7701220642775,-136.000001959503,2.14870385825634));
#6015=CARTESIAN_POINT('Ctrl Pts',(20.7701220642775,-135.500001959503,2.14870385825634));
#6016=CARTESIAN_POINT('',(20.5368342529982,-136.000001959503,1.84379257261753));
#6017=CARTESIAN_POINT('Ctrl Pts',(20.5368342529982,-136.000001959503,1.84379257261753));
#6018=CARTESIAN_POINT('Ctrl Pts',(20.573711817522,-136.000001959503,1.9106930464814));
#6019=CARTESIAN_POINT('Ctrl Pts',(20.6363639505683,-136.000001959503,2.02435178299249));
#6020=CARTESIAN_POINT('Ctrl Pts',(20.731134319557,-136.000001959503,2.11245778068088));
#6021=CARTESIAN_POINT('Ctrl Pts',(20.7701220642775,-136.000001959503,2.14870385825634));
#6022=CARTESIAN_POINT('',(20.5368342529982,-135.500001959503,1.84379257261753));
#6023=CARTESIAN_POINT('',(20.5368342529982,-136.000001959503,1.84379257261753));
#6024=CARTESIAN_POINT('Ctrl Pts',(20.5368342529982,-135.500001959503,1.84379257261753));
#6025=CARTESIAN_POINT('Ctrl Pts',(20.573711817522,-135.500001959503,1.9106930464814));
#6026=CARTESIAN_POINT('Ctrl Pts',(20.6363639505683,-135.500001959503,2.02435178299249));
#6027=CARTESIAN_POINT('Ctrl Pts',(20.731134319557,-135.500001959503,2.11245778068088));
#6028=CARTESIAN_POINT('Ctrl Pts',(20.7701220642775,-135.500001959503,2.14870385825634));
#6029=CARTESIAN_POINT('Origin',(20.5368342529982,-136.000001959503,2.17326052486897));
#6030=CARTESIAN_POINT('',(20.5368342529982,-136.000001959503,2.17326052486897));
#6031=CARTESIAN_POINT('',(20.5368342529982,-136.000001959503,0.0866302624345321));
#6032=CARTESIAN_POINT('',(20.5368342529982,-135.500001959503,2.17326052486897));
#6033=CARTESIAN_POINT('',(20.5368342529982,-136.000001959503,2.17326052486897));
#6034=CARTESIAN_POINT('',(20.5368342529982,-135.500001959503,2.17326052486897));
#6035=CARTESIAN_POINT('Origin',(20.2053203713149,-136.000001959503,2.17326052486897));
#6036=CARTESIAN_POINT('',(20.2053203713149,-136.000001959503,2.17326052486897));
#6037=CARTESIAN_POINT('',(184.352662759833,-136.000001959503,2.17326052486897));
#6038=CARTESIAN_POINT('',(20.2053203713149,-135.500001959503,2.17326052486897));
#6039=CARTESIAN_POINT('',(20.2053203713149,-136.000001959503,2.17326052486897));
#6040=CARTESIAN_POINT('',(20.2053203713149,-135.500001959503,2.17326052486897));
#6041=CARTESIAN_POINT('Origin',(20.2053203713149,-136.000001959503,-7.45058059692383E-8));
#6042=CARTESIAN_POINT('',(20.2053203713149,-136.000001959503,-7.45058059692383E-8));
#6043=CARTESIAN_POINT('',(20.2053203713149,-136.000001959503,-1.00000003725285));
#6044=CARTESIAN_POINT('',(20.2053203713149,-135.500001959503,-7.45058059692383E-8));
#6045=CARTESIAN_POINT('',(20.2053203713149,-136.000001959503,-7.45058059692383E-8));
#6046=CARTESIAN_POINT('',(20.2053203713149,-135.500001959503,-7.45058059692383E-8));
#6047=CARTESIAN_POINT('Origin',(20.5736687313765,-136.000001959503,-7.45058059692383E-8));
#6048=CARTESIAN_POINT('',(184.536836939864,-136.000001959503,-7.45058059692383E-8));
#6049=CARTESIAN_POINT('',(20.5736687313765,-135.500001959503,-7.45058059692383E-8));
#6050=CARTESIAN_POINT('Origin',(19.7060026740655,-135.500001959503,1.48158244788647));
#6051=CARTESIAN_POINT('Origin',(24.924283279106,-136.000001959503,1.27080492675304));
#6052=CARTESIAN_POINT('',(24.924283279106,-136.000001959503,1.27080492675304));
#6053=CARTESIAN_POINT('',(24.924283279106,-136.000001959503,0.900409147143364));
#6054=CARTESIAN_POINT('',(24.924283279106,-136.000001959503,-0.364597536623428));
#6055=CARTESIAN_POINT('',(24.924283279106,-135.500001959503,1.27080492675304));
#6056=CARTESIAN_POINT('',(24.924283279106,-136.000001959503,1.27080492675304));
#6057=CARTESIAN_POINT('',(24.924283279106,-135.500001959503,0.900409147143364));
#6058=CARTESIAN_POINT('',(24.924283279106,-135.500001959503,1.27080492675304));
#6059=CARTESIAN_POINT('',(24.924283279106,-136.000001959503,0.900409147143364));
#6060=CARTESIAN_POINT('Origin',(23.7926330696791,-136.000001959503,1.27080492675304));
#6061=CARTESIAN_POINT('',(23.7926330696791,-136.000001959503,1.27080492675304));
#6062=CARTESIAN_POINT('',(186.146319109015,-136.000001959503,1.27080492675304));
#6063=CARTESIAN_POINT('',(23.7926330696791,-135.500001959503,1.27080492675304));
#6064=CARTESIAN_POINT('',(23.7926330696791,-136.000001959503,1.27080492675304));
#6065=CARTESIAN_POINT('',(23.7926330696791,-135.500001959503,1.27080492675304));
#6066=CARTESIAN_POINT('Origin',(23.7926330696791,-136.000001959503,0.900409147143364));
#6067=CARTESIAN_POINT('',(23.7926330696791,-136.000001959503,0.900409147143364));
#6068=CARTESIAN_POINT('',(23.7926330696791,-136.000001959503,-0.549795426428269));
#6069=CARTESIAN_POINT('',(23.7926330696791,-135.500001959503,0.900409147143364));
#6070=CARTESIAN_POINT('',(23.7926330696791,-136.000001959503,0.900409147143364));
#6071=CARTESIAN_POINT('',(23.7926330696791,-135.500001959503,0.900409147143364));
#6072=CARTESIAN_POINT('Origin',(24.924283279106,-136.000001959503,0.900409147143364));
#6073=CARTESIAN_POINT('',(186.712144213729,-136.000001959503,0.900409147143364));
#6074=CARTESIAN_POINT('',(24.924283279106,-135.500001959503,0.900409147143364));
#6075=CARTESIAN_POINT('Origin',(19.7060026740655,-135.500001959503,1.48158244788647));
#6076=CARTESIAN_POINT('Origin',(27.8178718220443,-136.000001959503,3.00000004470348));
#6077=CARTESIAN_POINT('',(27.8178718220443,-136.000001959503,3.00000004470348));
#6078=CARTESIAN_POINT('',(26.6432466637343,-136.000001959503,-7.45058059692383E-8));
#6079=CARTESIAN_POINT('',(48.2827269909846,-136.000001959503,55.2673702028201));
#6080=CARTESIAN_POINT('',(27.8178718220443,-135.500001959503,3.00000004470348));
#6081=CARTESIAN_POINT('',(27.8178718220443,-136.000001959503,3.00000004470348));
#6082=CARTESIAN_POINT('',(26.6432466637343,-135.500001959503,-7.45058059692383E-8));
#6083=CARTESIAN_POINT('',(27.8178718220443,-135.500001959503,3.00000004470348));
#6084=CARTESIAN_POINT('',(26.6432466637343,-136.000001959503,-7.45058059692383E-8));
#6085=CARTESIAN_POINT('Origin',(27.4126877915114,-136.000001959503,3.00000004470348));
#6086=CARTESIAN_POINT('',(27.4126877915114,-136.000001959503,3.00000004470348));
#6087=CARTESIAN_POINT('',(187.956346469931,-136.000001959503,3.00000004470348));
#6088=CARTESIAN_POINT('',(27.4126877915114,-135.500001959503,3.00000004470348));
#6089=CARTESIAN_POINT('',(27.4126877915114,-136.000001959503,3.00000004470348));
#6090=CARTESIAN_POINT('',(27.4126877915114,-135.500001959503,3.00000004470348));
#6091=CARTESIAN_POINT('Origin',(26.6023185383528,-136.000001959503,0.820600315928459));
#6092=CARTESIAN_POINT('',(26.6023185383528,-136.000001959503,0.820600315928459));
#6093=CARTESIAN_POINT('',(45.6912729204425,-136.000001959503,52.1582613152462));
#6094=CARTESIAN_POINT('',(26.6023185383528,-135.500001959503,0.820600315928459));
#6095=CARTESIAN_POINT('',(26.6023185383528,-136.000001959503,0.820600315928459));
#6096=CARTESIAN_POINT('',(26.6023185383528,-135.500001959503,0.820600315928459));
#6097=CARTESIAN_POINT('Ctrl Pts',(26.4406540524215,-136.000001959503,0.329467877745628));
#6098=CARTESIAN_POINT('Ctrl Pts',(26.4406540524215,-135.500001959503,0.329467877745628));
#6099=CARTESIAN_POINT('Ctrl Pts',(26.4648873005333,-136.000001959503,0.411597917711951));
#6100=CARTESIAN_POINT('Ctrl Pts',(26.4648873005333,-135.500001959503,0.411597917711951));
#6101=CARTESIAN_POINT('Ctrl Pts',(26.5136858213033,-136.000001959503,0.576983277637166));
#6102=CARTESIAN_POINT('Ctrl Pts',(26.5136858213033,-135.500001959503,0.576983277637166));
#6103=CARTESIAN_POINT('Ctrl Pts',(26.5726405901578,-136.000001959503,0.739027121711676));
#6104=CARTESIAN_POINT('Ctrl Pts',(26.5726405901578,-135.500001959503,0.739027121711676));
#6105=CARTESIAN_POINT('Ctrl Pts',(26.6023185383528,-136.000001959503,0.820600315928459));
#6106=CARTESIAN_POINT('Ctrl Pts',(26.6023185383528,-135.500001959503,0.820600315928459));
#6107=CARTESIAN_POINT('',(26.4406540524215,-136.000001959503,0.329467877745628));
#6108=CARTESIAN_POINT('Ctrl Pts',(26.4406540524215,-136.000001959503,0.329467877745628));
#6109=CARTESIAN_POINT('Ctrl Pts',(26.4648873005333,-136.000001959503,0.411597917711951));
#6110=CARTESIAN_POINT('Ctrl Pts',(26.5136858213033,-136.000001959503,0.576983277637166));
#6111=CARTESIAN_POINT('Ctrl Pts',(26.5726405901578,-136.000001959503,0.739027121711676));
#6112=CARTESIAN_POINT('Ctrl Pts',(26.6023185383528,-136.000001959503,0.820600315928459));
#6113=CARTESIAN_POINT('',(26.4406540524215,-135.500001959503,0.329467877745628));
#6114=CARTESIAN_POINT('',(26.4406540524215,-136.000001959503,0.329467877745628));
#6115=CARTESIAN_POINT('Ctrl Pts',(26.4406540524215,-135.500001959503,0.329467877745628));
#6116=CARTESIAN_POINT('Ctrl Pts',(26.4648873005333,-135.500001959503,0.411597917711951));
#6117=CARTESIAN_POINT('Ctrl Pts',(26.5136858213033,-135.500001959503,0.576983277637166));
#6118=CARTESIAN_POINT('Ctrl Pts',(26.5726405901578,-135.500001959503,0.739027121711676));
#6119=CARTESIAN_POINT('Ctrl Pts',(26.6023185383528,-135.500001959503,0.820600315928459));
#6120=CARTESIAN_POINT('Ctrl Pts',(26.2830832134932,-136.000001959503,0.820600315928459));
#6121=CARTESIAN_POINT('Ctrl Pts',(26.2830832134932,-135.500001959503,0.820600315928459));
#6122=CARTESIAN_POINT('Ctrl Pts',(26.3127287486779,-136.000001959503,0.736280535785582));
#6123=CARTESIAN_POINT('Ctrl Pts',(26.3127287486779,-135.500001959503,0.736280535785582));
#6124=CARTESIAN_POINT('Ctrl Pts',(26.3697777708121,-136.000001959503,0.574017956488438));
#6125=CARTESIAN_POINT('Ctrl Pts',(26.3697777708121,-135.500001959503,0.574017956488438));
#6126=CARTESIAN_POINT('Ctrl Pts',(26.4176558339057,-136.000001959503,0.408820462577391));
#6127=CARTESIAN_POINT('Ctrl Pts',(26.4176558339057,-135.500001959503,0.408820462577391));
#6128=CARTESIAN_POINT('Ctrl Pts',(26.4406540524215,-136.000001959503,0.329467877745628));
#6129=CARTESIAN_POINT('Ctrl Pts',(26.4406540524215,-135.500001959503,0.329467877745628));
#6130=CARTESIAN_POINT('',(26.2830832134932,-136.000001959503,0.820600315928459));
#6131=CARTESIAN_POINT('Ctrl Pts',(26.2830832134932,-136.000001959503,0.820600315928459));
#6132=CARTESIAN_POINT('Ctrl Pts',(26.3127287486779,-136.000001959503,0.736280535785582));
#6133=CARTESIAN_POINT('Ctrl Pts',(26.3697777708121,-136.000001959503,0.574017956488438));
#6134=CARTESIAN_POINT('Ctrl Pts',(26.4176558339057,-136.000001959503,0.408820462577391));
#6135=CARTESIAN_POINT('Ctrl Pts',(26.4406540524215,-136.000001959503,0.329467877745628));
#6136=CARTESIAN_POINT('',(26.2830832134932,-135.500001959503,0.820600315928459));
#6137=CARTESIAN_POINT('',(26.2830832134932,-136.000001959503,0.820600315928459));
#6138=CARTESIAN_POINT('Ctrl Pts',(26.2830832134932,-135.500001959503,0.820600315928459));
#6139=CARTESIAN_POINT('Ctrl Pts',(26.3127287486779,-135.500001959503,0.736280535785582));
#6140=CARTESIAN_POINT('Ctrl Pts',(26.3697777708121,-135.500001959503,0.574017956488438));
#6141=CARTESIAN_POINT('Ctrl Pts',(26.4176558339057,-135.500001959503,0.408820462577391));
#6142=CARTESIAN_POINT('Ctrl Pts',(26.4406540524215,-135.500001959503,0.329467877745628));
#6143=CARTESIAN_POINT('Origin',(25.503410352394,-136.000001959503,3.00000004470348));
#6144=CARTESIAN_POINT('',(25.503410352394,-136.000001959503,3.00000004470348));
#6145=CARTESIAN_POINT('',(44.6201446136116,-136.000001959503,-50.4365212742793));
#6146=CARTESIAN_POINT('',(25.503410352394,-135.500001959503,3.00000004470348));
#6147=CARTESIAN_POINT('',(25.503410352394,-136.000001959503,3.00000004470348));
#6148=CARTESIAN_POINT('',(25.503410352394,-135.500001959503,3.00000004470348));
#6149=CARTESIAN_POINT('Origin',(25.0736692082137,-136.000001959503,3.00000004470348));
#6150=CARTESIAN_POINT('',(25.0736692082137,-136.000001959503,3.00000004470348));
#6151=CARTESIAN_POINT('',(186.786837178282,-136.000001959503,3.00000004470348));
#6152=CARTESIAN_POINT('',(25.0736692082137,-135.500001959503,3.00000004470348));
#6153=CARTESIAN_POINT('',(25.0736692082137,-136.000001959503,3.00000004470348));
#6154=CARTESIAN_POINT('',(25.0736692082137,-135.500001959503,3.00000004470348));
#6155=CARTESIAN_POINT('Origin',(26.2360158096999,-136.000001959503,-7.45058059692383E-8));
#6156=CARTESIAN_POINT('',(26.2360158096999,-136.000001959503,-7.45058059692383E-8));
#6157=CARTESIAN_POINT('',(47.6043169090813,-136.000001959503,-55.1512826295356));
#6158=CARTESIAN_POINT('',(26.2360158096999,-135.500001959503,-7.45058059692383E-8));
#6159=CARTESIAN_POINT('',(26.2360158096999,-136.000001959503,-7.45058059692383E-8));
#6160=CARTESIAN_POINT('',(26.2360158096999,-135.500001959503,-7.45058059692383E-8));
#6161=CARTESIAN_POINT('Origin',(26.6432466637343,-136.000001959503,-7.45058059692383E-8));
#6162=CARTESIAN_POINT('',(187.571625906043,-136.000001959503,-7.45058059692383E-8));
#6163=CARTESIAN_POINT('',(26.6432466637343,-135.500001959503,-7.45058059692383E-8));
#6164=CARTESIAN_POINT('Origin',(19.7060026740655,-135.500001959503,1.48158244788647));
#6165=CARTESIAN_POINT('Ctrl Pts',(22.4256482254714,-136.000001959503,1.91746227443218));
#6166=CARTESIAN_POINT('Ctrl Pts',(22.4256482254714,-135.500001959503,1.91746227443218));
#6167=CARTESIAN_POINT('Ctrl Pts',(22.3466730833318,-136.000001959503,1.90856113958701));
#6168=CARTESIAN_POINT('Ctrl Pts',(22.3466730833318,-135.500001959503,1.90856113958701));
#6169=CARTESIAN_POINT('Ctrl Pts',(22.1860366879631,-136.000001959503,1.89045612353409));
#6170=CARTESIAN_POINT('Ctrl Pts',(22.1860366879631,-135.500001959503,1.89045612353409));
#6171=CARTESIAN_POINT('Ctrl Pts',(22.072196705753,-136.000001959503,1.77540441770055));
#6172=CARTESIAN_POINT('Ctrl Pts',(22.072196705753,-135.500001959503,1.77540441770055));
#6173=CARTESIAN_POINT('Ctrl Pts',(22.0143249165267,-136.000001959503,1.71691663563251));
#6174=CARTESIAN_POINT('Ctrl Pts',(22.0143249165267,-135.500001959503,1.71691663563251));
#6175=CARTESIAN_POINT('',(22.4256482254714,-136.000001959503,1.91746227443218));
#6176=CARTESIAN_POINT('',(22.0143249165267,-136.000001959503,1.71691663563251));
#6177=CARTESIAN_POINT('Ctrl Pts',(22.4256482254714,-136.000001959503,1.91746227443218));
#6178=CARTESIAN_POINT('Ctrl Pts',(22.3466730833318,-136.000001959503,1.90856113958701));
#6179=CARTESIAN_POINT('Ctrl Pts',(22.1860366879631,-136.000001959503,1.89045612353409));
#6180=CARTESIAN_POINT('Ctrl Pts',(22.072196705753,-136.000001959503,1.77540441770055));
#6181=CARTESIAN_POINT('Ctrl Pts',(22.0143249165267,-136.000001959503,1.71691663563251));
#6182=CARTESIAN_POINT('',(22.4256482254714,-135.500001959503,1.91746227443218));
#6183=CARTESIAN_POINT('',(22.4256482254714,-136.000001959503,1.91746227443218));
#6184=CARTESIAN_POINT('',(22.0143249165267,-135.500001959503,1.71691663563251));
#6185=CARTESIAN_POINT('Ctrl Pts',(22.4256482254714,-135.500001959503,1.91746227443218));
#6186=CARTESIAN_POINT('Ctrl Pts',(22.3466730833318,-135.500001959503,1.90856113958701));
#6187=CARTESIAN_POINT('Ctrl Pts',(22.1860366879631,-135.500001959503,1.89045612353409));
#6188=CARTESIAN_POINT('Ctrl Pts',(22.072196705753,-135.500001959503,1.77540441770055));
#6189=CARTESIAN_POINT('Ctrl Pts',(22.0143249165267,-135.500001959503,1.71691663563251));
#6190=CARTESIAN_POINT('',(22.0143249165267,-136.000001959503,1.71691663563251));
#6191=CARTESIAN_POINT('Ctrl Pts',(22.8492500912398,-136.000001959503,1.70873112976551));
#6192=CARTESIAN_POINT('Ctrl Pts',(22.8492500912398,-135.500001959503,1.70873112976551));
#6193=CARTESIAN_POINT('Ctrl Pts',(22.7895298027153,-136.000001959503,1.76960346804283));
#6194=CARTESIAN_POINT('Ctrl Pts',(22.7895298027153,-135.500001959503,1.76960346804283));
#6195=CARTESIAN_POINT('Ctrl Pts',(22.6725153231967,-136.000001959503,1.88887524580178));
#6196=CARTESIAN_POINT('Ctrl Pts',(22.6725153231967,-135.500001959503,1.88887524580178));
#6197=CARTESIAN_POINT('Ctrl Pts',(22.5067919265026,-136.000001959503,1.90806589344043));
#6198=CARTESIAN_POINT('Ctrl Pts',(22.5067919265026,-135.500001959503,1.90806589344043));
#6199=CARTESIAN_POINT('Ctrl Pts',(22.4256482254714,-136.000001959503,1.91746227443218));
#6200=CARTESIAN_POINT('Ctrl Pts',(22.4256482254714,-135.500001959503,1.91746227443218));
#6201=CARTESIAN_POINT('',(22.8492500912398,-136.000001959503,1.70873112976551));
#6202=CARTESIAN_POINT('Ctrl Pts',(22.8492500912398,-136.000001959503,1.70873112976551));
#6203=CARTESIAN_POINT('Ctrl Pts',(22.7895298027153,-136.000001959503,1.76960346804283));
#6204=CARTESIAN_POINT('Ctrl Pts',(22.6725153231967,-136.000001959503,1.88887524580178));
#6205=CARTESIAN_POINT('Ctrl Pts',(22.5067919265026,-136.000001959503,1.90806589344043));
#6206=CARTESIAN_POINT('Ctrl Pts',(22.4256482254714,-136.000001959503,1.91746227443218));
#6207=CARTESIAN_POINT('',(22.8492500912398,-135.500001959503,1.70873112976551));
#6208=CARTESIAN_POINT('',(22.8492500912398,-136.000001959503,1.70873112976551));
#6209=CARTESIAN_POINT('Ctrl Pts',(22.8492500912398,-135.500001959503,1.70873112976551));
#6210=CARTESIAN_POINT('Ctrl Pts',(22.7895298027153,-135.500001959503,1.76960346804283));
#6211=CARTESIAN_POINT('Ctrl Pts',(22.6725153231967,-135.500001959503,1.88887524580178));
#6212=CARTESIAN_POINT('Ctrl Pts',(22.5067919265026,-135.500001959503,1.90806589344043));
#6213=CARTESIAN_POINT('Ctrl Pts',(22.4256482254714,-135.500001959503,1.91746227443218));
#6214=CARTESIAN_POINT('Ctrl Pts',(23.0211463104934,-136.000001959503,1.05388782918453));
#6215=CARTESIAN_POINT('Ctrl Pts',(23.0211463104934,-135.500001959503,1.05388782918453));
#6216=CARTESIAN_POINT('Ctrl Pts',(23.0186938468558,-136.000001959503,1.18621704010385));
#6217=CARTESIAN_POINT('Ctrl Pts',(23.0186938468558,-135.500001959503,1.18621704010385));
#6218=CARTESIAN_POINT('Ctrl Pts',(23.0143667066782,-136.000001959503,1.41969941941062));
#6219=CARTESIAN_POINT('Ctrl Pts',(23.0143667066782,-135.500001959503,1.41969941941062));
#6220=CARTESIAN_POINT('Ctrl Pts',(22.8991613123282,-136.000001959503,1.62136302596335));
#6221=CARTESIAN_POINT('Ctrl Pts',(22.8991613123282,-135.500001959503,1.62136302596335));
#6222=CARTESIAN_POINT('Ctrl Pts',(22.8492500912398,-136.000001959503,1.70873112976551));
#6223=CARTESIAN_POINT('Ctrl Pts',(22.8492500912398,-135.500001959503,1.70873112976551));
#6224=CARTESIAN_POINT('',(23.0211463104934,-136.000001959503,1.05388782918453));
#6225=CARTESIAN_POINT('Ctrl Pts',(23.0211463104934,-136.000001959503,1.05388782918453));
#6226=CARTESIAN_POINT('Ctrl Pts',(23.0186938468558,-136.000001959503,1.18621704010385));
#6227=CARTESIAN_POINT('Ctrl Pts',(23.0143667066782,-136.000001959503,1.41969941941062));
#6228=CARTESIAN_POINT('Ctrl Pts',(22.8991613123282,-136.000001959503,1.62136302596335));
#6229=CARTESIAN_POINT('Ctrl Pts',(22.8492500912398,-136.000001959503,1.70873112976551));
#6230=CARTESIAN_POINT('',(23.0211463104934,-135.500001959503,1.05388782918453));
#6231=CARTESIAN_POINT('',(23.0211463104934,-136.000001959503,1.05388782918453));
#6232=CARTESIAN_POINT('Ctrl Pts',(23.0211463104934,-135.500001959503,1.05388782918453));
#6233=CARTESIAN_POINT('Ctrl Pts',(23.0186938468558,-135.500001959503,1.18621704010385));
#6234=CARTESIAN_POINT('Ctrl Pts',(23.0143667066782,-135.500001959503,1.41969941941062));
#6235=CARTESIAN_POINT('Ctrl Pts',(22.8991613123282,-135.500001959503,1.62136302596335));
#6236=CARTESIAN_POINT('Ctrl Pts',(22.8492500912398,-135.500001959503,1.70873112976551));
#6237=CARTESIAN_POINT('Ctrl Pts',(22.8512969147414,-136.000001959503,0.450204536318779));
#6238=CARTESIAN_POINT('Ctrl Pts',(22.8512969147414,-135.500001959503,0.450204536318779));
#6239=CARTESIAN_POINT('Ctrl Pts',(22.9006592557445,-136.000001959503,0.53149606354404));
#6240=CARTESIAN_POINT('Ctrl Pts',(22.9006592557445,-135.500001959503,0.53149606354404));
#6241=CARTESIAN_POINT('Ctrl Pts',(23.0126271924526,-136.000001959503,0.715888545551749));
#6242=CARTESIAN_POINT('Ctrl Pts',(23.0126271924526,-135.500001959503,0.715888545551749));
#6243=CARTESIAN_POINT('Ctrl Pts',(23.0180911826486,-136.000001959503,0.932674457333684));
#6244=CARTESIAN_POINT('Ctrl Pts',(23.0180911826486,-135.500001959503,0.932674457333684));
#6245=CARTESIAN_POINT('Ctrl Pts',(23.0211463104934,-136.000001959503,1.05388782918453));
#6246=CARTESIAN_POINT('Ctrl Pts',(23.0211463104934,-135.500001959503,1.05388782918453));
#6247=CARTESIAN_POINT('',(22.8512969147414,-136.000001959503,0.450204536318779));
#6248=CARTESIAN_POINT('Ctrl Pts',(22.8512969147414,-136.000001959503,0.450204536318779));
#6249=CARTESIAN_POINT('Ctrl Pts',(22.9006592557445,-136.000001959503,0.53149606354404));
#6250=CARTESIAN_POINT('Ctrl Pts',(23.0126271924526,-136.000001959503,0.715888545551749));
#6251=CARTESIAN_POINT('Ctrl Pts',(23.0180911826486,-136.000001959503,0.932674457333684));
#6252=CARTESIAN_POINT('Ctrl Pts',(23.0211463104934,-136.000001959503,1.05388782918453));
#6253=CARTESIAN_POINT('',(22.8512969147414,-135.500001959503,0.450204536318779));
#6254=CARTESIAN_POINT('',(22.8512969147414,-136.000001959503,0.450204536318779));
#6255=CARTESIAN_POINT('Ctrl Pts',(22.8512969147414,-135.500001959503,0.450204536318779));
#6256=CARTESIAN_POINT('Ctrl Pts',(22.9006592557445,-135.500001959503,0.53149606354404));
#6257=CARTESIAN_POINT('Ctrl Pts',(23.0126271924526,-135.500001959503,0.715888545551749));
#6258=CARTESIAN_POINT('Ctrl Pts',(23.0180911826486,-135.500001959503,0.932674457333684));
#6259=CARTESIAN_POINT('Ctrl Pts',(23.0211463104934,-135.500001959503,1.05388782918453));
#6260=CARTESIAN_POINT('Ctrl Pts',(22.4420192372054,-136.000001959503,0.253751501441002));
#6261=CARTESIAN_POINT('Ctrl Pts',(22.4420192372054,-135.500001959503,0.253751501441002));
#6262=CARTESIAN_POINT('Ctrl Pts',(22.5199617578173,-136.000001959503,0.262555719896562));
#6263=CARTESIAN_POINT('Ctrl Pts',(22.5199617578173,-135.500001959503,0.262555719896562));
#6264=CARTESIAN_POINT('Ctrl Pts',(22.6789390541012,-136.000001959503,0.280513451247431));
#6265=CARTESIAN_POINT('Ctrl Pts',(22.6789390541012,-135.500001959503,0.280513451247431));
#6266=CARTESIAN_POINT('Ctrl Pts',(22.7931040894453,-136.000001959503,0.392912088900456));
#6267=CARTESIAN_POINT('Ctrl Pts',(22.7931040894453,-135.500001959503,0.392912088900456));
#6268=CARTESIAN_POINT('Ctrl Pts',(22.8512969147414,-136.000001959503,0.450204536318779));
#6269=CARTESIAN_POINT('Ctrl Pts',(22.8512969147414,-135.500001959503,0.450204536318779));
#6270=CARTESIAN_POINT('',(22.4420192372054,-136.000001959503,0.253751501441002));
#6271=CARTESIAN_POINT('Ctrl Pts',(22.4420192372054,-136.000001959503,0.253751501441002));
#6272=CARTESIAN_POINT('Ctrl Pts',(22.5199617578173,-136.000001959503,0.262555719896562));
#6273=CARTESIAN_POINT('Ctrl Pts',(22.6789390541012,-136.000001959503,0.280513451247431));
#6274=CARTESIAN_POINT('Ctrl Pts',(22.7931040894453,-136.000001959503,0.392912088900456));
#6275=CARTESIAN_POINT('Ctrl Pts',(22.8512969147414,-136.000001959503,0.450204536318779));
#6276=CARTESIAN_POINT('',(22.4420192372054,-135.500001959503,0.253751501441002));
#6277=CARTESIAN_POINT('',(22.4420192372054,-136.000001959503,0.253751501441002));
#6278=CARTESIAN_POINT('Ctrl Pts',(22.4420192372054,-135.500001959503,0.253751501441002));
#6279=CARTESIAN_POINT('Ctrl Pts',(22.5199617578173,-135.500001959503,0.262555719896562));
#6280=CARTESIAN_POINT('Ctrl Pts',(22.6789390541012,-135.500001959503,0.280513451247431));
#6281=CARTESIAN_POINT('Ctrl Pts',(22.7931040894453,-135.500001959503,0.392912088900456));
#6282=CARTESIAN_POINT('Ctrl Pts',(22.8512969147414,-135.500001959503,0.450204536318779));
#6283=CARTESIAN_POINT('Ctrl Pts',(22.0266034733504,-136.000001959503,0.460436567664146));
#6284=CARTESIAN_POINT('Ctrl Pts',(22.0266034733504,-135.500001959503,0.460436567664146));
#6285=CARTESIAN_POINT('Ctrl Pts',(22.0863684090516,-136.000001959503,0.400176707702449));
#6286=CARTESIAN_POINT('Ctrl Pts',(22.0863684090516,-135.500001959503,0.400176707702449));
#6287=CARTESIAN_POINT('Ctrl Pts',(22.2017338065462,-136.000001959503,0.283855948449706));
#6288=CARTESIAN_POINT('Ctrl Pts',(22.2017338065462,-135.500001959503,0.283855948449706));
#6289=CARTESIAN_POINT('Ctrl Pts',(22.3638750921549,-136.000001959503,0.263541883934271));
#6290=CARTESIAN_POINT('Ctrl Pts',(22.3638750921549,-135.500001959503,0.263541883934271));
#6291=CARTESIAN_POINT('Ctrl Pts',(22.4420192372054,-136.000001959503,0.253751501441002));
#6292=CARTESIAN_POINT('Ctrl Pts',(22.4420192372054,-135.500001959503,0.253751501441002));
#6293=CARTESIAN_POINT('',(22.0266034733504,-136.000001959503,0.460436567664146));
#6294=CARTESIAN_POINT('Ctrl Pts',(22.0266034733504,-136.000001959503,0.460436567664146));
#6295=CARTESIAN_POINT('Ctrl Pts',(22.0863684090516,-136.000001959503,0.400176707702449));
#6296=CARTESIAN_POINT('Ctrl Pts',(22.2017338065462,-136.000001959503,0.283855948449706));
#6297=CARTESIAN_POINT('Ctrl Pts',(22.3638750921549,-136.000001959503,0.263541883934271));
#6298=CARTESIAN_POINT('Ctrl Pts',(22.4420192372054,-136.000001959503,0.253751501441002));
#6299=CARTESIAN_POINT('',(22.0266034733504,-135.500001959503,0.460436567664146));
#6300=CARTESIAN_POINT('',(22.0266034733504,-136.000001959503,0.460436567664146));
#6301=CARTESIAN_POINT('Ctrl Pts',(22.0266034733504,-135.500001959503,0.460436567664146));
#6302=CARTESIAN_POINT('Ctrl Pts',(22.0863684090516,-135.500001959503,0.400176707702449));
#6303=CARTESIAN_POINT('Ctrl Pts',(22.2017338065462,-135.500001959503,0.283855948449706));
#6304=CARTESIAN_POINT('Ctrl Pts',(22.3638750921549,-135.500001959503,0.263541883934271));
#6305=CARTESIAN_POINT('Ctrl Pts',(22.4420192372054,-135.500001959503,0.253751501441002));
#6306=CARTESIAN_POINT('Ctrl Pts',(21.8506147991866,-136.000001959503,1.08458362519741));
#6307=CARTESIAN_POINT('Ctrl Pts',(21.8506147991866,-135.500001959503,1.08458362519741));
#6308=CARTESIAN_POINT('Ctrl Pts',(21.8538757458103,-136.000001959503,0.959524007258664));
#6309=CARTESIAN_POINT('Ctrl Pts',(21.8538757458103,-135.500001959503,0.959524007258664));
#6310=CARTESIAN_POINT('Ctrl Pts',(21.8597197262851,-136.000001959503,0.735403207456213));
#6311=CARTESIAN_POINT('Ctrl Pts',(21.8597197262851,-135.500001959503,0.735403207456213));
#6312=CARTESIAN_POINT('Ctrl Pts',(21.9754505559356,-136.000001959503,0.544718866356871));
#6313=CARTESIAN_POINT('Ctrl Pts',(21.9754505559356,-135.500001959503,0.544718866356871));
#6314=CARTESIAN_POINT('Ctrl Pts',(22.0266034733504,-136.000001959503,0.460436567664146));
#6315=CARTESIAN_POINT('Ctrl Pts',(22.0266034733504,-135.500001959503,0.460436567664146));
#6316=CARTESIAN_POINT('',(21.8506147991866,-136.000001959503,1.08458362519741));
#6317=CARTESIAN_POINT('Ctrl Pts',(21.8506147991866,-136.000001959503,1.08458362519741));
#6318=CARTESIAN_POINT('Ctrl Pts',(21.8538757458103,-136.000001959503,0.959524007258664));
#6319=CARTESIAN_POINT('Ctrl Pts',(21.8597197262851,-136.000001959503,0.735403207456213));
#6320=CARTESIAN_POINT('Ctrl Pts',(21.9754505559356,-136.000001959503,0.544718866356871));
#6321=CARTESIAN_POINT('Ctrl Pts',(22.0266034733504,-136.000001959503,0.460436567664146));
#6322=CARTESIAN_POINT('',(21.8506147991866,-135.500001959503,1.08458362519741));
#6323=CARTESIAN_POINT('',(21.8506147991866,-136.000001959503,1.08458362519741));
#6324=CARTESIAN_POINT('Ctrl Pts',(21.8506147991866,-135.500001959503,1.08458362519741));
#6325=CARTESIAN_POINT('Ctrl Pts',(21.8538757458103,-135.500001959503,0.959524007258664));
#6326=CARTESIAN_POINT('Ctrl Pts',(21.8597197262851,-135.500001959503,0.735403207456213));
#6327=CARTESIAN_POINT('Ctrl Pts',(21.9754505559356,-135.500001959503,0.544718866356871));
#6328=CARTESIAN_POINT('Ctrl Pts',(22.0266034733504,-135.500001959503,0.460436567664146));
#6329=CARTESIAN_POINT('Ctrl Pts',(22.0143249165267,-136.000001959503,1.71691663563251));
#6330=CARTESIAN_POINT('Ctrl Pts',(22.0143249165267,-135.500001959503,1.71691663563251));
#6331=CARTESIAN_POINT('Ctrl Pts',(21.9667984197456,-136.000001959503,1.63266924773742));
#6332=CARTESIAN_POINT('Ctrl Pts',(21.9667984197456,-135.500001959503,1.63266924773742));
#6333=CARTESIAN_POINT('Ctrl Pts',(21.8567652025169,-136.000001959503,1.43761992239113));
#6334=CARTESIAN_POINT('Ctrl Pts',(21.8567652025169,-135.500001959503,1.43761992239113));
#6335=CARTESIAN_POINT('Ctrl Pts',(21.8528429299416,-136.000001959503,1.21247947026234));
#6336=CARTESIAN_POINT('Ctrl Pts',(21.8528429299416,-135.500001959503,1.21247947026234));
#6337=CARTESIAN_POINT('Ctrl Pts',(21.8506147991866,-136.000001959503,1.08458362519741));
#6338=CARTESIAN_POINT('Ctrl Pts',(21.8506147991866,-135.500001959503,1.08458362519741));
#6339=CARTESIAN_POINT('Ctrl Pts',(22.0143249165267,-136.000001959503,1.71691663563251));
#6340=CARTESIAN_POINT('Ctrl Pts',(21.9667984197456,-136.000001959503,1.63266924773742));
#6341=CARTESIAN_POINT('Ctrl Pts',(21.8567652025169,-136.000001959503,1.43761992239113));
#6342=CARTESIAN_POINT('Ctrl Pts',(21.8528429299416,-136.000001959503,1.21247947026234));
#6343=CARTESIAN_POINT('Ctrl Pts',(21.8506147991866,-136.000001959503,1.08458362519741));
#6344=CARTESIAN_POINT('Ctrl Pts',(22.0143249165267,-135.500001959503,1.71691663563251));
#6345=CARTESIAN_POINT('Ctrl Pts',(21.9667984197456,-135.500001959503,1.63266924773742));
#6346=CARTESIAN_POINT('Ctrl Pts',(21.8567652025169,-135.500001959503,1.43761992239113));
#6347=CARTESIAN_POINT('Ctrl Pts',(21.8528429299416,-135.500001959503,1.21247947026234));
#6348=CARTESIAN_POINT('Ctrl Pts',(21.8506147991866,-135.500001959503,1.08458362519741));
#6349=CARTESIAN_POINT('Origin',(23.3567538391799,-136.000001959503,2.99999974668026));
#6350=CARTESIAN_POINT('',(23.3567538391799,-136.000001959503,2.99999974668026));
#6351=CARTESIAN_POINT('',(23.3567538391799,-136.000001959503,-7.45058059692383E-8));
#6352=CARTESIAN_POINT('',(23.3567538391799,-136.000001959503,0.499999873340179));
#6353=CARTESIAN_POINT('',(23.3567538391799,-135.500001959503,2.99999974668026));
#6354=CARTESIAN_POINT('',(23.3567538391799,-136.000001959503,2.99999974668026));
#6355=CARTESIAN_POINT('',(23.3567538391799,-135.500001959503,-7.45058059692383E-8));
#6356=CARTESIAN_POINT('',(23.3567538391799,-135.500001959503,2.99999974668026));
#6357=CARTESIAN_POINT('',(23.3567538391799,-136.000001959503,-7.45058059692383E-8));
#6358=CARTESIAN_POINT('Origin',(22.9904511105269,-136.000001959503,2.99999974668026));
#6359=CARTESIAN_POINT('',(22.9904511105269,-136.000001959503,2.99999974668026));
#6360=CARTESIAN_POINT('',(185.745228129439,-136.000001959503,2.99999974668026));
#6361=CARTESIAN_POINT('',(22.9904511105269,-135.500001959503,2.99999974668026));
#6362=CARTESIAN_POINT('',(22.9904511105269,-136.000001959503,2.99999974668026));
#6363=CARTESIAN_POINT('',(22.9904511105269,-135.500001959503,2.99999974668026));
#6364=CARTESIAN_POINT('Origin',(22.9904511105269,-136.000001959503,1.92360140383244));
#6365=CARTESIAN_POINT('',(22.9904511105269,-136.000001959503,1.92360140383244));
#6366=CARTESIAN_POINT('',(22.9904511105269,-136.000001959503,-0.0381992980837327));
#6367=CARTESIAN_POINT('',(22.9904511105269,-135.500001959503,1.92360140383244));
#6368=CARTESIAN_POINT('',(22.9904511105269,-136.000001959503,1.92360140383244));
#6369=CARTESIAN_POINT('',(22.9904511105269,-135.500001959503,1.92360140383244));
#6370=CARTESIAN_POINT('Ctrl Pts',(22.7407910954207,-136.000001959503,2.13847182691097));
#6371=CARTESIAN_POINT('Ctrl Pts',(22.7407910954207,-135.500001959503,2.13847182691097));
#6372=CARTESIAN_POINT('Ctrl Pts',(22.7893137760615,-136.000001959503,2.10939829434842));
#6373=CARTESIAN_POINT('Ctrl Pts',(22.7893137760615,-135.500001959503,2.10939829434842));
#6374=CARTESIAN_POINT('Ctrl Pts',(22.884918658842,-136.000001959503,2.05211432660479));
#6375=CARTESIAN_POINT('Ctrl Pts',(22.884918658842,-135.500001959503,2.05211432660479));
#6376=CARTESIAN_POINT('Ctrl Pts',(22.9556287562451,-136.000001959503,1.96600658304625));
#6377=CARTESIAN_POINT('Ctrl Pts',(22.9556287562451,-135.500001959503,1.96600658304625));
#6378=CARTESIAN_POINT('Ctrl Pts',(22.9904511105269,-136.000001959503,1.92360140383244));
#6379=CARTESIAN_POINT('Ctrl Pts',(22.9904511105269,-135.500001959503,1.92360140383244));
#6380=CARTESIAN_POINT('',(22.7407910954207,-136.000001959503,2.13847182691097));
#6381=CARTESIAN_POINT('Ctrl Pts',(22.7407910954207,-136.000001959503,2.13847182691097));
#6382=CARTESIAN_POINT('Ctrl Pts',(22.7893137760615,-136.000001959503,2.10939829434842));
#6383=CARTESIAN_POINT('Ctrl Pts',(22.884918658842,-136.000001959503,2.05211432660479));
#6384=CARTESIAN_POINT('Ctrl Pts',(22.9556287562451,-136.000001959503,1.96600658304625));
#6385=CARTESIAN_POINT('Ctrl Pts',(22.9904511105269,-136.000001959503,1.92360140383244));
#6386=CARTESIAN_POINT('',(22.7407910954207,-135.500001959503,2.13847182691097));
#6387=CARTESIAN_POINT('',(22.7407910954207,-136.000001959503,2.13847182691097));
#6388=CARTESIAN_POINT('Ctrl Pts',(22.7407910954207,-135.500001959503,2.13847182691097));
#6389=CARTESIAN_POINT('Ctrl Pts',(22.7893137760615,-135.500001959503,2.10939829434842));
#6390=CARTESIAN_POINT('Ctrl Pts',(22.884918658842,-135.500001959503,2.05211432660479));
#6391=CARTESIAN_POINT('Ctrl Pts',(22.9556287562451,-135.500001959503,1.96600658304625));
#6392=CARTESIAN_POINT('Ctrl Pts',(22.9904511105269,-135.500001959503,1.92360140383244));
#6393=CARTESIAN_POINT('Ctrl Pts',(22.3908593785018,-136.000001959503,2.22237356007099));
#6394=CARTESIAN_POINT('Ctrl Pts',(22.3908593785018,-135.500001959503,2.22237356007099));
#6395=CARTESIAN_POINT('Ctrl Pts',(22.4537234058995,-136.000001959503,2.21932256701144));
#6396=CARTESIAN_POINT('Ctrl Pts',(22.4537234058995,-135.500001959503,2.21932256701144));
#6397=CARTESIAN_POINT('Ctrl Pts',(22.5757433529106,-136.000001959503,2.2134005472671));
#6398=CARTESIAN_POINT('Ctrl Pts',(22.5757433529106,-135.500001959503,2.2134005472671));
#6399=CARTESIAN_POINT('Ctrl Pts',(22.6869011862943,-136.000001959503,2.16293688089801));
#6400=CARTESIAN_POINT('Ctrl Pts',(22.6869011862943,-135.500001959503,2.16293688089801));
#6401=CARTESIAN_POINT('Ctrl Pts',(22.7407910954207,-136.000001959503,2.13847182691097));
#6402=CARTESIAN_POINT('Ctrl Pts',(22.7407910954207,-135.500001959503,2.13847182691097));
#6403=CARTESIAN_POINT('',(22.3908593785018,-136.000001959503,2.22237356007099));
#6404=CARTESIAN_POINT('Ctrl Pts',(22.3908593785018,-136.000001959503,2.22237356007099));
#6405=CARTESIAN_POINT('Ctrl Pts',(22.4537234058995,-136.000001959503,2.21932256701144));
#6406=CARTESIAN_POINT('Ctrl Pts',(22.5757433529106,-136.000001959503,2.2134005472671));
#6407=CARTESIAN_POINT('Ctrl Pts',(22.6869011862943,-136.000001959503,2.16293688089801));
#6408=CARTESIAN_POINT('Ctrl Pts',(22.7407910954207,-136.000001959503,2.13847182691097));
#6409=CARTESIAN_POINT('',(22.3908593785018,-135.500001959503,2.22237356007099));
#6410=CARTESIAN_POINT('',(22.3908593785018,-136.000001959503,2.22237356007099));
#6411=CARTESIAN_POINT('Ctrl Pts',(22.3908593785018,-135.500001959503,2.22237356007099));
#6412=CARTESIAN_POINT('Ctrl Pts',(22.4537234058995,-135.500001959503,2.21932256701144));
#6413=CARTESIAN_POINT('Ctrl Pts',(22.5757433529106,-135.500001959503,2.2134005472671));
#6414=CARTESIAN_POINT('Ctrl Pts',(22.6869011862943,-135.500001959503,2.16293688089801));
#6415=CARTESIAN_POINT('Ctrl Pts',(22.7407910954207,-135.500001959503,2.13847182691097));
#6416=CARTESIAN_POINT('Ctrl Pts',(21.9058671128005,-136.000001959503,2.08117313683033));
#6417=CARTESIAN_POINT('Ctrl Pts',(21.9058671128005,-135.500001959503,2.08117313683033));
#6418=CARTESIAN_POINT('Ctrl Pts',(21.9807146047407,-136.000001959503,2.12235557570982));
#6419=CARTESIAN_POINT('Ctrl Pts',(21.9807146047407,-135.500001959503,2.12235557570982));
#6420=CARTESIAN_POINT('Ctrl Pts',(22.1318215704815,-136.000001959503,2.20549735133345));
#6421=CARTESIAN_POINT('Ctrl Pts',(22.1318215704815,-135.500001959503,2.20549735133345));
#6422=CARTESIAN_POINT('Ctrl Pts',(22.303977220458,-136.000001959503,2.21671322250899));
#6423=CARTESIAN_POINT('Ctrl Pts',(22.303977220458,-135.500001959503,2.21671322250899));
#6424=CARTESIAN_POINT('Ctrl Pts',(22.3908593785018,-136.000001959503,2.22237356007099));
#6425=CARTESIAN_POINT('Ctrl Pts',(22.3908593785018,-135.500001959503,2.22237356007099));
#6426=CARTESIAN_POINT('',(21.9058671128005,-136.000001959503,2.08117313683033));
#6427=CARTESIAN_POINT('Ctrl Pts',(21.9058671128005,-136.000001959503,2.08117313683033));
#6428=CARTESIAN_POINT('Ctrl Pts',(21.9807146047407,-136.000001959503,2.12235557570982));
#6429=CARTESIAN_POINT('Ctrl Pts',(22.1318215704815,-136.000001959503,2.20549735133345));
#6430=CARTESIAN_POINT('Ctrl Pts',(22.303977220458,-136.000001959503,2.21671322250899));
#6431=CARTESIAN_POINT('Ctrl Pts',(22.3908593785018,-136.000001959503,2.22237356007099));
#6432=CARTESIAN_POINT('',(21.9058671128005,-135.500001959503,2.08117313683033));
#6433=CARTESIAN_POINT('',(21.9058671128005,-136.000001959503,2.08117313683033));
#6434=CARTESIAN_POINT('Ctrl Pts',(21.9058671128005,-135.500001959503,2.08117313683033));
#6435=CARTESIAN_POINT('Ctrl Pts',(21.9807146047407,-135.500001959503,2.12235557570982));
#6436=CARTESIAN_POINT('Ctrl Pts',(22.1318215704815,-135.500001959503,2.20549735133345));
#6437=CARTESIAN_POINT('Ctrl Pts',(22.303977220458,-135.500001959503,2.21671322250899));
#6438=CARTESIAN_POINT('Ctrl Pts',(22.3908593785018,-135.500001959503,2.22237356007099));
#6439=CARTESIAN_POINT('Ctrl Pts',(21.5804913174361,-136.000001959503,1.67394258081913));
#6440=CARTESIAN_POINT('Ctrl Pts',(21.5804913174361,-135.500001959503,1.67394258081913));
#6441=CARTESIAN_POINT('Ctrl Pts',(21.6201029232397,-136.000001959503,1.756714746304));
#6442=CARTESIAN_POINT('Ctrl Pts',(21.6201029232397,-135.500001959503,1.756714746304));
#6443=CARTESIAN_POINT('Ctrl Pts',(21.6971739354451,-136.000001959503,1.91776185476954));
#6444=CARTESIAN_POINT('Ctrl Pts',(21.6971739354451,-135.500001959503,1.91776185476954));
#6445=CARTESIAN_POINT('Ctrl Pts',(21.8376099402615,-136.000001959503,2.02772629100726));
#6446=CARTESIAN_POINT('Ctrl Pts',(21.8376099402615,-135.500001959503,2.02772629100726));
#6447=CARTESIAN_POINT('Ctrl Pts',(21.9058671128005,-136.000001959503,2.08117313683033));
#6448=CARTESIAN_POINT('Ctrl Pts',(21.9058671128005,-135.500001959503,2.08117313683033));
#6449=CARTESIAN_POINT('',(21.5804913174361,-136.000001959503,1.67394258081913));
#6450=CARTESIAN_POINT('Ctrl Pts',(21.5804913174361,-136.000001959503,1.67394258081913));
#6451=CARTESIAN_POINT('Ctrl Pts',(21.6201029232397,-136.000001959503,1.756714746304));
#6452=CARTESIAN_POINT('Ctrl Pts',(21.6971739354451,-136.000001959503,1.91776185476954));
#6453=CARTESIAN_POINT('Ctrl Pts',(21.8376099402615,-136.000001959503,2.02772629100726));
#6454=CARTESIAN_POINT('Ctrl Pts',(21.9058671128005,-136.000001959503,2.08117313683033));
#6455=CARTESIAN_POINT('',(21.5804913174361,-135.500001959503,1.67394258081913));
#6456=CARTESIAN_POINT('',(21.5804913174361,-136.000001959503,1.67394258081913));
#6457=CARTESIAN_POINT('Ctrl Pts',(21.5804913174361,-135.500001959503,1.67394258081913));
#6458=CARTESIAN_POINT('Ctrl Pts',(21.6201029232397,-135.500001959503,1.756714746304));
#6459=CARTESIAN_POINT('Ctrl Pts',(21.6971739354451,-135.500001959503,1.91776185476954));
#6460=CARTESIAN_POINT('Ctrl Pts',(21.8376099402615,-135.500001959503,2.02772629100726));
#6461=CARTESIAN_POINT('Ctrl Pts',(21.9058671128005,-135.500001959503,2.08117313683033));
#6462=CARTESIAN_POINT('Ctrl Pts',(21.4720335137099,-136.000001959503,1.08458362519741));
#6463=CARTESIAN_POINT('Ctrl Pts',(21.4720335137099,-135.500001959503,1.08458362519741));
#6464=CARTESIAN_POINT('Ctrl Pts',(21.4759119364572,-136.000001959503,1.18889325137523));
#6465=CARTESIAN_POINT('Ctrl Pts',(21.4759119364572,-135.500001959503,1.18889325137523));
#6466=CARTESIAN_POINT('Ctrl Pts',(21.4834160940594,-136.000001959503,1.39071649893036));
#6467=CARTESIAN_POINT('Ctrl Pts',(21.4834160940594,-135.500001959503,1.39071649893036));
#6468=CARTESIAN_POINT('Ctrl Pts',(21.5488675598574,-136.000001959503,1.58167729785556));
#6469=CARTESIAN_POINT('Ctrl Pts',(21.5488675598574,-135.500001959503,1.58167729785556));
#6470=CARTESIAN_POINT('Ctrl Pts',(21.5804913174361,-136.000001959503,1.67394258081913));
#6471=CARTESIAN_POINT('Ctrl Pts',(21.5804913174361,-135.500001959503,1.67394258081913));
#6472=CARTESIAN_POINT('',(21.4720335137099,-136.000001959503,1.08458362519741));
#6473=CARTESIAN_POINT('Ctrl Pts',(21.4720335137099,-136.000001959503,1.08458362519741));
#6474=CARTESIAN_POINT('Ctrl Pts',(21.4759119364572,-136.000001959503,1.18889325137523));
#6475=CARTESIAN_POINT('Ctrl Pts',(21.4834160940594,-136.000001959503,1.39071649893036));
#6476=CARTESIAN_POINT('Ctrl Pts',(21.5488675598574,-136.000001959503,1.58167729785556));
#6477=CARTESIAN_POINT('Ctrl Pts',(21.5804913174361,-136.000001959503,1.67394258081913));
#6478=CARTESIAN_POINT('',(21.4720335137099,-135.500001959503,1.08458362519741));
#6479=CARTESIAN_POINT('',(21.4720335137099,-136.000001959503,1.08458362519741));
#6480=CARTESIAN_POINT('Ctrl Pts',(21.4720335137099,-135.500001959503,1.08458362519741));
#6481=CARTESIAN_POINT('Ctrl Pts',(21.4759119364572,-135.500001959503,1.18889325137523));
#6482=CARTESIAN_POINT('Ctrl Pts',(21.4834160940594,-135.500001959503,1.39071649893036));
#6483=CARTESIAN_POINT('Ctrl Pts',(21.5488675598574,-135.500001959503,1.58167729785556));
#6484=CARTESIAN_POINT('Ctrl Pts',(21.5804913174361,-135.500001959503,1.67394258081913));
#6485=CARTESIAN_POINT('Ctrl Pts',(21.5907230507582,-136.000001959503,0.493178591132164));
#6486=CARTESIAN_POINT('Ctrl Pts',(21.5907230507582,-135.500001959503,0.493178591132164));
#6487=CARTESIAN_POINT('Ctrl Pts',(21.5561217656572,-136.000001959503,0.584423946342643));
#6488=CARTESIAN_POINT('Ctrl Pts',(21.5561217656572,-135.500001959503,0.584423946342643));
#6489=CARTESIAN_POINT('Ctrl Pts',(21.4839092338135,-136.000001959503,0.774852079271726));
#6490=CARTESIAN_POINT('Ctrl Pts',(21.4839092338135,-135.500001959503,0.774852079271726));
#6491=CARTESIAN_POINT('Ctrl Pts',(21.4761005804673,-136.000001959503,0.97851015233244));
#6492=CARTESIAN_POINT('Ctrl Pts',(21.4761005804673,-135.500001959503,0.97851015233244));
#6493=CARTESIAN_POINT('Ctrl Pts',(21.4720335137099,-136.000001959503,1.08458362519741));
#6494=CARTESIAN_POINT('Ctrl Pts',(21.4720335137099,-135.500001959503,1.08458362519741));
#6495=CARTESIAN_POINT('',(21.5907230507582,-136.000001959503,0.493178591132164));
#6496=CARTESIAN_POINT('Ctrl Pts',(21.5907230507582,-136.000001959503,0.493178591132164));
#6497=CARTESIAN_POINT('Ctrl Pts',(21.5561217656572,-136.000001959503,0.584423946342643));
#6498=CARTESIAN_POINT('Ctrl Pts',(21.4839092338135,-136.000001959503,0.774852079271726));
#6499=CARTESIAN_POINT('Ctrl Pts',(21.4761005804673,-136.000001959503,0.97851015233244));
#6500=CARTESIAN_POINT('Ctrl Pts',(21.4720335137099,-136.000001959503,1.08458362519741));
#6501=CARTESIAN_POINT('',(21.5907230507582,-135.500001959503,0.493178591132164));
#6502=CARTESIAN_POINT('',(21.5907230507582,-136.000001959503,0.493178591132164));
#6503=CARTESIAN_POINT('Ctrl Pts',(21.5907230507582,-135.500001959503,0.493178591132164));
#6504=CARTESIAN_POINT('Ctrl Pts',(21.5561217656572,-135.500001959503,0.584423946342643));
#6505=CARTESIAN_POINT('Ctrl Pts',(21.4839092338135,-135.500001959503,0.774852079271726));
#6506=CARTESIAN_POINT('Ctrl Pts',(21.4761005804673,-135.500001959503,0.97851015233244));
#6507=CARTESIAN_POINT('Ctrl Pts',(21.4720335137099,-135.500001959503,1.08458362519741));
#6508=CARTESIAN_POINT('Ctrl Pts',(21.9283774029464,-136.000001959503,0.0941335409879684));
#6509=CARTESIAN_POINT('Ctrl Pts',(21.9283774029464,-135.500001959503,0.0941335409879684));
#6510=CARTESIAN_POINT('Ctrl Pts',(21.8596534531726,-136.000001959503,0.147486733855253));
#6511=CARTESIAN_POINT('Ctrl Pts',(21.8596534531726,-135.500001959503,0.147486733855253));
#6512=CARTESIAN_POINT('Ctrl Pts',(21.7190673143137,-136.000001959503,0.256629462200948));
#6513=CARTESIAN_POINT('Ctrl Pts',(21.7190673143137,-135.500001959503,0.256629462200948));
#6514=CARTESIAN_POINT('Ctrl Pts',(21.6341364295543,-136.000001959503,0.413164131165926));
#6515=CARTESIAN_POINT('Ctrl Pts',(21.6341364295543,-135.500001959503,0.413164131165926));
#6516=CARTESIAN_POINT('Ctrl Pts',(21.5907230507582,-136.000001959503,0.493178591132164));
#6517=CARTESIAN_POINT('Ctrl Pts',(21.5907230507582,-135.500001959503,0.493178591132164));
#6518=CARTESIAN_POINT('',(21.9283774029464,-136.000001959503,0.0941335409879684));
#6519=CARTESIAN_POINT('Ctrl Pts',(21.9283774029464,-136.000001959503,0.0941335409879684));
#6520=CARTESIAN_POINT('Ctrl Pts',(21.8596534531726,-136.000001959503,0.147486733855253));
#6521=CARTESIAN_POINT('Ctrl Pts',(21.7190673143137,-136.000001959503,0.256629462200948));
#6522=CARTESIAN_POINT('Ctrl Pts',(21.6341364295543,-136.000001959503,0.413164131165926));
#6523=CARTESIAN_POINT('Ctrl Pts',(21.5907230507582,-136.000001959503,0.493178591132164));
#6524=CARTESIAN_POINT('',(21.9283774029464,-135.500001959503,0.0941335409879684));
#6525=CARTESIAN_POINT('',(21.9283774029464,-136.000001959503,0.0941335409879684));
#6526=CARTESIAN_POINT('Ctrl Pts',(21.9283774029464,-135.500001959503,0.0941335409879684));
#6527=CARTESIAN_POINT('Ctrl Pts',(21.8596534531726,-135.500001959503,0.147486733855253));
#6528=CARTESIAN_POINT('Ctrl Pts',(21.7190673143137,-135.500001959503,0.256629462200948));
#6529=CARTESIAN_POINT('Ctrl Pts',(21.6341364295543,-135.500001959503,0.413164131165926));
#6530=CARTESIAN_POINT('Ctrl Pts',(21.5907230507582,-135.500001959503,0.493178591132164));
#6531=CARTESIAN_POINT('Ctrl Pts',(22.4072303902358,-136.000001959503,-0.0491134077310562));
#6532=CARTESIAN_POINT('Ctrl Pts',(22.4072303902358,-135.500001959503,-0.0491134077310562));
#6533=CARTESIAN_POINT('Ctrl Pts',(22.3222398620258,-136.000001959503,-0.0431019042533948));
#6534=CARTESIAN_POINT('Ctrl Pts',(22.3222398620258,-135.500001959503,-0.0431019042533948));
#6535=CARTESIAN_POINT('Ctrl Pts',(22.1519518600843,-136.000001959503,-0.0310571865956077));
#6536=CARTESIAN_POINT('Ctrl Pts',(22.1519518600843,-135.500001959503,-0.0310571865956077));
#6537=CARTESIAN_POINT('Ctrl Pts',(22.0029917226159,-136.000001959503,0.0523531825017437));
#6538=CARTESIAN_POINT('Ctrl Pts',(22.0029917226159,-135.500001959503,0.0523531825017437));
#6539=CARTESIAN_POINT('Ctrl Pts',(21.9283774029464,-136.000001959503,0.0941335409879684));
#6540=CARTESIAN_POINT('Ctrl Pts',(21.9283774029464,-135.500001959503,0.0941335409879684));
#6541=CARTESIAN_POINT('',(22.4072303902358,-136.000001959503,-0.0491134077310562));
#6542=CARTESIAN_POINT('Ctrl Pts',(22.4072303902358,-136.000001959503,-0.0491134077310562));
#6543=CARTESIAN_POINT('Ctrl Pts',(22.3222398620258,-136.000001959503,-0.0431019042533948));
#6544=CARTESIAN_POINT('Ctrl Pts',(22.1519518600843,-136.000001959503,-0.0310571865956077));
#6545=CARTESIAN_POINT('Ctrl Pts',(22.0029917226159,-136.000001959503,0.0523531825017437));
#6546=CARTESIAN_POINT('Ctrl Pts',(21.9283774029464,-136.000001959503,0.0941335409879684));
#6547=CARTESIAN_POINT('',(22.4072303902358,-135.500001959503,-0.0491134077310562));
#6548=CARTESIAN_POINT('',(22.4072303902358,-136.000001959503,-0.0491134077310562));
#6549=CARTESIAN_POINT('Ctrl Pts',(22.4072303902358,-135.500001959503,-0.0491134077310562));
#6550=CARTESIAN_POINT('Ctrl Pts',(22.3222398620258,-135.500001959503,-0.0431019042533948));
#6551=CARTESIAN_POINT('Ctrl Pts',(22.1519518600843,-135.500001959503,-0.0310571865956077));
#6552=CARTESIAN_POINT('Ctrl Pts',(22.0029917226159,-135.500001959503,0.0523531825017437));
#6553=CARTESIAN_POINT('Ctrl Pts',(21.9283774029464,-135.500001959503,0.0941335409879684));
#6554=CARTESIAN_POINT('Ctrl Pts',(23.0150070320815,-136.000001959503,0.274215564131737));
#6555=CARTESIAN_POINT('Ctrl Pts',(23.0150070320815,-135.500001959503,0.274215564131737));
#6556=CARTESIAN_POINT('Ctrl Pts',(22.9371391978929,-136.000001959503,0.179916028045092));
#6557=CARTESIAN_POINT('Ctrl Pts',(22.9371391978929,-135.500001959503,0.179916028045092));
#6558=CARTESIAN_POINT('Ctrl Pts',(22.779294378462,-136.000001959503,-0.0112372690911433));
#6559=CARTESIAN_POINT('Ctrl Pts',(22.779294378462,-135.500001959503,-0.0112372690911433));
#6560=CARTESIAN_POINT('Ctrl Pts',(22.5323516176037,-136.000001959503,-0.0363760584993433));
#6561=CARTESIAN_POINT('Ctrl Pts',(22.5323516176037,-135.500001959503,-0.0363760584993433));
#6562=CARTESIAN_POINT('Ctrl Pts',(22.4072303902358,-136.000001959503,-0.0491134077310562));
#6563=CARTESIAN_POINT('Ctrl Pts',(22.4072303902358,-135.500001959503,-0.0491134077310562));
#6564=CARTESIAN_POINT('',(23.0150070320815,-136.000001959503,0.274215564131737));
#6565=CARTESIAN_POINT('Ctrl Pts',(23.0150070320815,-136.000001959503,0.274215564131737));
#6566=CARTESIAN_POINT('Ctrl Pts',(22.9371391978929,-136.000001959503,0.179916028045092));
#6567=CARTESIAN_POINT('Ctrl Pts',(22.779294378462,-136.000001959503,-0.0112372690911433));
#6568=CARTESIAN_POINT('Ctrl Pts',(22.5323516176037,-136.000001959503,-0.0363760584993433));
#6569=CARTESIAN_POINT('Ctrl Pts',(22.4072303902358,-136.000001959503,-0.0491134077310562));
#6570=CARTESIAN_POINT('',(23.0150070320815,-135.500001959503,0.274215564131737));
#6571=CARTESIAN_POINT('',(23.0150070320815,-136.000001959503,0.274215564131737));
#6572=CARTESIAN_POINT('Ctrl Pts',(23.0150070320815,-135.500001959503,0.274215564131737));
#6573=CARTESIAN_POINT('Ctrl Pts',(22.9371391978929,-135.500001959503,0.179916028045092));
#6574=CARTESIAN_POINT('Ctrl Pts',(22.779294378462,-135.500001959503,-0.0112372690911433));
#6575=CARTESIAN_POINT('Ctrl Pts',(22.5323516176037,-135.500001959503,-0.0363760584993433));
#6576=CARTESIAN_POINT('Ctrl Pts',(22.4072303902358,-135.500001959503,-0.0491134077310562));
#6577=CARTESIAN_POINT('Origin',(23.0150070320815,-136.000001959503,-7.45058059692383E-8));
#6578=CARTESIAN_POINT('',(23.0150070320815,-136.000001959503,-7.45058059692383E-8));
#6579=CARTESIAN_POINT('',(23.0150070320815,-136.000001959503,-1.00000003725285));
#6580=CARTESIAN_POINT('',(23.0150070320815,-135.500001959503,-7.45058059692383E-8));
#6581=CARTESIAN_POINT('',(23.0150070320815,-136.000001959503,-7.45058059692383E-8));
#6582=CARTESIAN_POINT('',(23.0150070320815,-135.500001959503,-7.45058059692383E-8));
#6583=CARTESIAN_POINT('Origin',(23.3567538391799,-136.000001959503,-7.45058059692383E-8));
#6584=CARTESIAN_POINT('',(185.928379493766,-136.000001959503,-7.45058059692383E-8));
#6585=CARTESIAN_POINT('',(23.3567538391799,-135.500001959503,-7.45058059692383E-8));
#6586=CARTESIAN_POINT('Origin',(19.7060026740655,-135.500001959503,1.48158244788647));
#6587=CARTESIAN_POINT('Origin',(29.174623740837,-136.000001959503,3.01227830350399));
#6588=CARTESIAN_POINT('',(29.174623740837,-136.000001959503,3.01227830350399));
#6589=CARTESIAN_POINT('',(29.4120051991194,-136.000001959503,3.01227830350399));
#6590=CARTESIAN_POINT('',(188.837314444594,-136.000001959503,3.01227830350399));
#6591=CARTESIAN_POINT('',(29.174623740837,-135.500001959503,3.01227830350399));
#6592=CARTESIAN_POINT('',(29.174623740837,-136.000001959503,3.01227830350399));
#6593=CARTESIAN_POINT('',(29.4120051991194,-135.500001959503,3.01227830350399));
#6594=CARTESIAN_POINT('',(29.174623740837,-135.500001959503,3.01227830350399));
#6595=CARTESIAN_POINT('',(29.4120051991194,-136.000001959503,3.01227830350399));
#6596=CARTESIAN_POINT('Ctrl Pts',(28.8472023140639,-136.000001959503,2.61118702590466));
#6597=CARTESIAN_POINT('Ctrl Pts',(28.8472023140639,-135.500001959503,2.61118702590466));
#6598=CARTESIAN_POINT('Ctrl Pts',(28.9168053811756,-136.000001959503,2.67602851503745));
#6599=CARTESIAN_POINT('Ctrl Pts',(28.9168053811756,-135.500001959503,2.67602851503745));
#6600=CARTESIAN_POINT('Ctrl Pts',(29.0444163848841,-136.000001959503,2.79490959102379));
#6601=CARTESIAN_POINT('Ctrl Pts',(29.0444163848841,-135.500001959503,2.79490959102379));
#6602=CARTESIAN_POINT('Ctrl Pts',(29.1339325266962,-136.000001959503,2.94434821796994));
#6603=CARTESIAN_POINT('Ctrl Pts',(29.1339325266962,-135.500001959503,2.94434821796994));
#6604=CARTESIAN_POINT('Ctrl Pts',(29.174623740837,-136.000001959503,3.01227830350399));
#6605=CARTESIAN_POINT('Ctrl Pts',(29.174623740837,-135.500001959503,3.01227830350399));
#6606=CARTESIAN_POINT('',(28.8472023140639,-136.000001959503,2.61118702590466));
#6607=CARTESIAN_POINT('Ctrl Pts',(28.8472023140639,-136.000001959503,2.61118702590466));
#6608=CARTESIAN_POINT('Ctrl Pts',(28.9168053811756,-136.000001959503,2.67602851503745));
#6609=CARTESIAN_POINT('Ctrl Pts',(29.0444163848841,-136.000001959503,2.79490959102379));
#6610=CARTESIAN_POINT('Ctrl Pts',(29.1339325266962,-136.000001959503,2.94434821796994));
#6611=CARTESIAN_POINT('Ctrl Pts',(29.174623740837,-136.000001959503,3.01227830350399));
#6612=CARTESIAN_POINT('',(28.8472023140639,-135.500001959503,2.61118702590466));
#6613=CARTESIAN_POINT('',(28.8472023140639,-136.000001959503,2.61118702590466));
#6614=CARTESIAN_POINT('Ctrl Pts',(28.8472023140639,-135.500001959503,2.61118702590466));
#6615=CARTESIAN_POINT('Ctrl Pts',(28.9168053811756,-135.500001959503,2.67602851503745));
#6616=CARTESIAN_POINT('Ctrl Pts',(29.0444163848841,-135.500001959503,2.79490959102379));
#6617=CARTESIAN_POINT('Ctrl Pts',(29.1339325266962,-135.500001959503,2.94434821796994));
#6618=CARTESIAN_POINT('Ctrl Pts',(29.174623740837,-135.500001959503,3.01227830350399));
#6619=CARTESIAN_POINT('Ctrl Pts',(28.3069577347487,-136.000001959503,2.25920863449574));
#6620=CARTESIAN_POINT('Ctrl Pts',(28.3069577347487,-135.500001959503,2.25920863449574));
#6621=CARTESIAN_POINT('Ctrl Pts',(28.4057271509716,-136.000001959503,2.30931800879644));
#6622=CARTESIAN_POINT('Ctrl Pts',(28.4057271509716,-135.500001959503,2.30931800879644));
#6623=CARTESIAN_POINT('Ctrl Pts',(28.5985595227815,-136.000001959503,2.40714899601738));
#6624=CARTESIAN_POINT('Ctrl Pts',(28.5985595227815,-135.500001959503,2.40714899601738));
#6625=CARTESIAN_POINT('Ctrl Pts',(28.7656810287727,-136.000001959503,2.54429008367316));
#6626=CARTESIAN_POINT('Ctrl Pts',(28.7656810287727,-135.500001959503,2.54429008367316));
#6627=CARTESIAN_POINT('Ctrl Pts',(28.8472023140639,-136.000001959503,2.61118702590466));
#6628=CARTESIAN_POINT('Ctrl Pts',(28.8472023140639,-135.500001959503,2.61118702590466));
#6629=CARTESIAN_POINT('',(28.3069577347487,-136.000001959503,2.25920863449574));
#6630=CARTESIAN_POINT('Ctrl Pts',(28.3069577347487,-136.000001959503,2.25920863449574));
#6631=CARTESIAN_POINT('Ctrl Pts',(28.4057271509716,-136.000001959503,2.30931800879644));
#6632=CARTESIAN_POINT('Ctrl Pts',(28.5985595227815,-136.000001959503,2.40714899601738));
#6633=CARTESIAN_POINT('Ctrl Pts',(28.7656810287727,-136.000001959503,2.54429008367316));
#6634=CARTESIAN_POINT('Ctrl Pts',(28.8472023140639,-136.000001959503,2.61118702590466));
#6635=CARTESIAN_POINT('',(28.3069577347487,-135.500001959503,2.25920863449574));
#6636=CARTESIAN_POINT('',(28.3069577347487,-136.000001959503,2.25920863449574));
#6637=CARTESIAN_POINT('Ctrl Pts',(28.3069577347487,-135.500001959503,2.25920863449574));
#6638=CARTESIAN_POINT('Ctrl Pts',(28.4057271509716,-135.500001959503,2.30931800879644));
#6639=CARTESIAN_POINT('Ctrl Pts',(28.5985595227815,-135.500001959503,2.40714899601738));
#6640=CARTESIAN_POINT('Ctrl Pts',(28.7656810287727,-135.500001959503,2.54429008367316));
#6641=CARTESIAN_POINT('Ctrl Pts',(28.8472023140639,-135.500001959503,2.61118702590466));
#6642=CARTESIAN_POINT('Origin',(28.3069577347487,-136.000001959503,1.90313778817654));
#6643=CARTESIAN_POINT('',(28.3069577347487,-136.000001959503,1.90313778817654));
#6644=CARTESIAN_POINT('',(28.3069577347487,-136.000001959503,-0.0484311059116822));
#6645=CARTESIAN_POINT('',(28.3069577347487,-135.500001959503,1.90313778817654));
#6646=CARTESIAN_POINT('',(28.3069577347487,-136.000001959503,1.90313778817654));
#6647=CARTESIAN_POINT('',(28.3069577347487,-135.500001959503,1.90313778817654));
#6648=CARTESIAN_POINT('Ctrl Pts',(28.693723930046,-136.000001959503,2.09345154464245));
#6649=CARTESIAN_POINT('Ctrl Pts',(28.693723930046,-135.500001959503,2.09345154464245));
#6650=CARTESIAN_POINT('Ctrl Pts',(28.6264910794065,-136.000001959503,2.05478768253957));
#6651=CARTESIAN_POINT('Ctrl Pts',(28.6264910794065,-135.500001959503,2.05478768253957));
#6652=CARTESIAN_POINT('Ctrl Pts',(28.5016459584761,-136.000001959503,1.98299250363579));
#6653=CARTESIAN_POINT('Ctrl Pts',(28.5016459584761,-135.500001959503,1.98299250363579));
#6654=CARTESIAN_POINT('Ctrl Pts',(28.3684319808331,-136.000001959503,1.9283525049948));
#6655=CARTESIAN_POINT('Ctrl Pts',(28.3684319808331,-135.500001959503,1.9283525049948));
#6656=CARTESIAN_POINT('Ctrl Pts',(28.3069577347487,-136.000001959503,1.90313778817654));
#6657=CARTESIAN_POINT('Ctrl Pts',(28.3069577347487,-135.500001959503,1.90313778817654));
#6658=CARTESIAN_POINT('',(28.693723930046,-136.000001959503,2.09345154464245));
#6659=CARTESIAN_POINT('Ctrl Pts',(28.693723930046,-136.000001959503,2.09345154464245));
#6660=CARTESIAN_POINT('Ctrl Pts',(28.6264910794065,-136.000001959503,2.05478768253957));
#6661=CARTESIAN_POINT('Ctrl Pts',(28.5016459584761,-136.000001959503,1.98299250363579));
#6662=CARTESIAN_POINT('Ctrl Pts',(28.3684319808331,-136.000001959503,1.9283525049948));
#6663=CARTESIAN_POINT('Ctrl Pts',(28.3069577347487,-136.000001959503,1.90313778817654));
#6664=CARTESIAN_POINT('',(28.693723930046,-135.500001959503,2.09345154464245));
#6665=CARTESIAN_POINT('',(28.693723930046,-136.000001959503,2.09345154464245));
#6666=CARTESIAN_POINT('Ctrl Pts',(28.693723930046,-135.500001959503,2.09345154464245));
#6667=CARTESIAN_POINT('Ctrl Pts',(28.6264910794065,-135.500001959503,2.05478768253957));
#6668=CARTESIAN_POINT('Ctrl Pts',(28.5016459584761,-135.500001959503,1.98299250363579));
#6669=CARTESIAN_POINT('Ctrl Pts',(28.3684319808331,-135.500001959503,1.9283525049948));
#6670=CARTESIAN_POINT('Ctrl Pts',(28.3069577347487,-135.500001959503,1.90313778817654));
#6671=CARTESIAN_POINT('Ctrl Pts',(29.0436556469649,-136.000001959503,2.34720326960087));
#6672=CARTESIAN_POINT('Ctrl Pts',(29.0436556469649,-135.500001959503,2.34720326960087));
#6673=CARTESIAN_POINT('Ctrl Pts',(28.9933618861204,-136.000001959503,2.30349584506928));
#6674=CARTESIAN_POINT('Ctrl Pts',(28.9933618861204,-135.500001959503,2.30349584506928));
#6675=CARTESIAN_POINT('Ctrl Pts',(28.8842274527554,-136.000001959503,2.20865336500812));
#6676=CARTESIAN_POINT('Ctrl Pts',(28.8842274527554,-135.500001959503,2.20865336500812));
#6677=CARTESIAN_POINT('Ctrl Pts',(28.7604561719139,-136.000001959503,2.13380605164017));
#6678=CARTESIAN_POINT('Ctrl Pts',(28.7604561719139,-135.500001959503,2.13380605164017));
#6679=CARTESIAN_POINT('Ctrl Pts',(28.693723930046,-136.000001959503,2.09345154464245));
#6680=CARTESIAN_POINT('Ctrl Pts',(28.693723930046,-135.500001959503,2.09345154464245));
#6681=CARTESIAN_POINT('',(29.0436556469649,-136.000001959503,2.34720326960087));
#6682=CARTESIAN_POINT('Ctrl Pts',(29.0436556469649,-136.000001959503,2.34720326960087));
#6683=CARTESIAN_POINT('Ctrl Pts',(28.9933618861204,-136.000001959503,2.30349584506928));
#6684=CARTESIAN_POINT('Ctrl Pts',(28.8842274527554,-136.000001959503,2.20865336500812));
#6685=CARTESIAN_POINT('Ctrl Pts',(28.7604561719139,-136.000001959503,2.13380605164017));
#6686=CARTESIAN_POINT('Ctrl Pts',(28.693723930046,-136.000001959503,2.09345154464245));
#6687=CARTESIAN_POINT('',(29.0436556469649,-135.500001959503,2.34720326960087));
#6688=CARTESIAN_POINT('',(29.0436556469649,-136.000001959503,2.34720326960087));
#6689=CARTESIAN_POINT('Ctrl Pts',(29.0436556469649,-135.500001959503,2.34720326960087));
#6690=CARTESIAN_POINT('Ctrl Pts',(28.9933618861204,-135.500001959503,2.30349584506928));
#6691=CARTESIAN_POINT('Ctrl Pts',(28.8842274527554,-135.500001959503,2.20865336500812));
#6692=CARTESIAN_POINT('Ctrl Pts',(28.7604561719139,-135.500001959503,2.13380605164017));
#6693=CARTESIAN_POINT('Ctrl Pts',(28.693723930046,-135.500001959503,2.09345154464245));
#6694=CARTESIAN_POINT('Origin',(29.0436556469649,-136.000001959503,-7.45058059692383E-8));
#6695=CARTESIAN_POINT('',(29.0436556469649,-136.000001959503,-7.45058059692383E-8));
#6696=CARTESIAN_POINT('',(29.0436556469649,-136.000001959503,-1.00000003725285));
#6697=CARTESIAN_POINT('',(29.0436556469649,-135.500001959503,-7.45058059692383E-8));
#6698=CARTESIAN_POINT('',(29.0436556469649,-136.000001959503,-7.45058059692383E-8));
#6699=CARTESIAN_POINT('',(29.0436556469649,-135.500001959503,-7.45058059692383E-8));
#6700=CARTESIAN_POINT('Origin',(29.4120051991194,-136.000001959503,-7.45058059692383E-8));
#6701=CARTESIAN_POINT('',(29.4120051991194,-136.000001959503,-7.45058059692383E-8));
#6702=CARTESIAN_POINT('',(188.956005173735,-136.000001959503,-7.45058059692383E-8));
#6703=CARTESIAN_POINT('',(29.4120051991194,-135.500001959503,-7.45058059692383E-8));
#6704=CARTESIAN_POINT('',(29.4120051991194,-136.000001959503,-7.45058059692383E-8));
#6705=CARTESIAN_POINT('',(29.4120051991194,-135.500001959503,-7.45058059692383E-8));
#6706=CARTESIAN_POINT('Origin',(29.4120051991194,-136.000001959503,3.01227830350399));
#6707=CARTESIAN_POINT('',(29.4120051991194,-136.000001959503,0.506139151752045));
#6708=CARTESIAN_POINT('',(29.4120051991194,-135.500001959503,3.01227830350399));
#6709=CARTESIAN_POINT('Origin',(19.7060026740655,-135.500001959503,1.48158244788647));
#6710=CARTESIAN_POINT('Ctrl Pts',(16.429741634056,-136.000001959503,1.91746242344379));
#6711=CARTESIAN_POINT('Ctrl Pts',(16.429741634056,-135.500001959503,1.91746242344379));
#6712=CARTESIAN_POINT('Ctrl Pts',(16.3416012847103,-136.000001959503,1.90887848355764));
#6713=CARTESIAN_POINT('Ctrl Pts',(16.3416012847103,-135.500001959503,1.90887848355764));
#6714=CARTESIAN_POINT('Ctrl Pts',(16.1654633921487,-136.000001959503,1.89172451159533));
#6715=CARTESIAN_POINT('Ctrl Pts',(16.1654633921487,-135.500001959503,1.89172451159533));
#6716=CARTESIAN_POINT('Ctrl Pts',(16.0360200956391,-136.000001959503,1.77106066409011));
#6717=CARTESIAN_POINT('Ctrl Pts',(16.0360200956391,-135.500001959503,1.77106066409011));
#6718=CARTESIAN_POINT('Ctrl Pts',(15.9713509213179,-136.000001959503,1.71077765524387));
#6719=CARTESIAN_POINT('Ctrl Pts',(15.9713509213179,-135.500001959503,1.71077765524387));
#6720=CARTESIAN_POINT('',(16.429741634056,-136.000001959503,1.91746242344379));
#6721=CARTESIAN_POINT('',(15.9713509213179,-136.000001959503,1.71077765524387));
#6722=CARTESIAN_POINT('Ctrl Pts',(16.429741634056,-136.000001959503,1.91746242344379));
#6723=CARTESIAN_POINT('Ctrl Pts',(16.3416012847103,-136.000001959503,1.90887848355764));
#6724=CARTESIAN_POINT('Ctrl Pts',(16.1654633921487,-136.000001959503,1.89172451159533));
#6725=CARTESIAN_POINT('Ctrl Pts',(16.0360200956391,-136.000001959503,1.77106066409011));
#6726=CARTESIAN_POINT('Ctrl Pts',(15.9713509213179,-136.000001959503,1.71077765524387));
#6727=CARTESIAN_POINT('',(16.429741634056,-135.500001959503,1.91746242344379));
#6728=CARTESIAN_POINT('',(16.429741634056,-136.000001959503,1.91746242344379));
#6729=CARTESIAN_POINT('',(15.9713509213179,-135.500001959503,1.71077765524387));
#6730=CARTESIAN_POINT('Ctrl Pts',(16.429741634056,-135.500001959503,1.91746242344379));
#6731=CARTESIAN_POINT('Ctrl Pts',(16.3416012847103,-135.500001959503,1.90887848355764));
#6732=CARTESIAN_POINT('Ctrl Pts',(16.1654633921487,-135.500001959503,1.89172451159533));
#6733=CARTESIAN_POINT('Ctrl Pts',(16.0360200956391,-135.500001959503,1.77106066409011));
#6734=CARTESIAN_POINT('Ctrl Pts',(15.9713509213179,-135.500001959503,1.71077765524387));
#6735=CARTESIAN_POINT('',(15.9713509213179,-136.000001959503,1.71077765524387));
#6736=CARTESIAN_POINT('Ctrl Pts',(16.8840386997908,-136.000001959503,1.70873112976551));
#6737=CARTESIAN_POINT('Ctrl Pts',(16.8840386997908,-135.500001959503,1.70873112976551));
#6738=CARTESIAN_POINT('Ctrl Pts',(16.819809611021,-136.000001959503,1.76961064175241));
#6739=CARTESIAN_POINT('Ctrl Pts',(16.819809611021,-135.500001959503,1.76961064175241));
#6740=CARTESIAN_POINT('Ctrl Pts',(16.6919989105212,-136.000001959503,1.89075595491435));
#6741=CARTESIAN_POINT('Ctrl Pts',(16.6919989105212,-135.500001959503,1.89075595491435));
#6742=CARTESIAN_POINT('Ctrl Pts',(16.5168649888621,-136.000001959503,1.90859038311503));
#6743=CARTESIAN_POINT('Ctrl Pts',(16.5168649888621,-135.500001959503,1.90859038311503));
#6744=CARTESIAN_POINT('Ctrl Pts',(16.429741634056,-136.000001959503,1.91746242344379));
#6745=CARTESIAN_POINT('Ctrl Pts',(16.429741634056,-135.500001959503,1.91746242344379));
#6746=CARTESIAN_POINT('',(16.8840386997908,-136.000001959503,1.70873112976551));
#6747=CARTESIAN_POINT('Ctrl Pts',(16.8840386997908,-136.000001959503,1.70873112976551));
#6748=CARTESIAN_POINT('Ctrl Pts',(16.819809611021,-136.000001959503,1.76961064175241));
#6749=CARTESIAN_POINT('Ctrl Pts',(16.6919989105212,-136.000001959503,1.89075595491435));
#6750=CARTESIAN_POINT('Ctrl Pts',(16.5168649888621,-136.000001959503,1.90859038311503));
#6751=CARTESIAN_POINT('Ctrl Pts',(16.429741634056,-136.000001959503,1.91746242344379));
#6752=CARTESIAN_POINT('',(16.8840386997908,-135.500001959503,1.70873112976551));
#6753=CARTESIAN_POINT('',(16.8840386997908,-136.000001959503,1.70873112976551));
#6754=CARTESIAN_POINT('Ctrl Pts',(16.8840386997908,-135.500001959503,1.70873112976551));
#6755=CARTESIAN_POINT('Ctrl Pts',(16.819809611021,-135.500001959503,1.76961064175241));
#6756=CARTESIAN_POINT('Ctrl Pts',(16.6919989105212,-135.500001959503,1.89075595491435));
#6757=CARTESIAN_POINT('Ctrl Pts',(16.5168649888621,-135.500001959503,1.90859038311503));
#6758=CARTESIAN_POINT('Ctrl Pts',(16.429741634056,-135.500001959503,1.91746242344379));
#6759=CARTESIAN_POINT('Ctrl Pts',(17.0682134758681,-136.000001959503,1.09890840947628));
#6760=CARTESIAN_POINT('Ctrl Pts',(17.0682134758681,-135.500001959503,1.09890840947628));
#6761=CARTESIAN_POINT('Ctrl Pts',(17.0642188261147,-136.000001959503,1.22058136288402));
#6762=CARTESIAN_POINT('Ctrl Pts',(17.0642188261147,-135.500001959503,1.22058136288402));
#6763=CARTESIAN_POINT('Ctrl Pts',(17.0569713251517,-136.000001959503,1.44133284334303));
#6764=CARTESIAN_POINT('Ctrl Pts',(17.0569713251517,-135.500001959503,1.44133284334303));
#6765=CARTESIAN_POINT('Ctrl Pts',(16.9376106267443,-136.000001959503,1.62589516149283));
#6766=CARTESIAN_POINT('Ctrl Pts',(16.9376106267443,-135.500001959503,1.62589516149283));
#6767=CARTESIAN_POINT('Ctrl Pts',(16.8840386997908,-136.000001959503,1.70873112976551));
#6768=CARTESIAN_POINT('Ctrl Pts',(16.8840386997908,-135.500001959503,1.70873112976551));
#6769=CARTESIAN_POINT('',(17.0682134758681,-136.000001959503,1.09890840947628));
#6770=CARTESIAN_POINT('Ctrl Pts',(17.0682134758681,-136.000001959503,1.09890840947628));
#6771=CARTESIAN_POINT('Ctrl Pts',(17.0642188261147,-136.000001959503,1.22058136288402));
#6772=CARTESIAN_POINT('Ctrl Pts',(17.0569713251517,-136.000001959503,1.44133284334303));
#6773=CARTESIAN_POINT('Ctrl Pts',(16.9376106267443,-136.000001959503,1.62589516149283));
#6774=CARTESIAN_POINT('Ctrl Pts',(16.8840386997908,-136.000001959503,1.70873112976551));
#6775=CARTESIAN_POINT('',(17.0682134758681,-135.500001959503,1.09890840947628));
#6776=CARTESIAN_POINT('',(17.0682134758681,-136.000001959503,1.09890840947628));
#6777=CARTESIAN_POINT('Ctrl Pts',(17.0682134758681,-135.500001959503,1.09890840947628));
#6778=CARTESIAN_POINT('Ctrl Pts',(17.0642188261147,-135.500001959503,1.22058136288402));
#6779=CARTESIAN_POINT('Ctrl Pts',(17.0569713251517,-135.500001959503,1.44133284334303));
#6780=CARTESIAN_POINT('Ctrl Pts',(16.9376106267443,-135.500001959503,1.62589516149283));
#6781=CARTESIAN_POINT('Ctrl Pts',(16.8840386997908,-135.500001959503,1.70873112976551));
#6782=CARTESIAN_POINT('Ctrl Pts',(16.886084927246,-136.000001959503,0.462482795119286));
#6783=CARTESIAN_POINT('Ctrl Pts',(16.886084927246,-135.500001959503,0.462482795119286));
#6784=CARTESIAN_POINT('Ctrl Pts',(16.9390186387653,-136.000001959503,0.548018192246827));
#6785=CARTESIAN_POINT('Ctrl Pts',(16.9390186387653,-135.500001959503,0.548018192246827));
#6786=CARTESIAN_POINT('Ctrl Pts',(17.0589670749822,-136.000001959503,0.741842445868102));
#6787=CARTESIAN_POINT('Ctrl Pts',(17.0589670749822,-135.500001959503,0.741842445868102));
#6788=CARTESIAN_POINT('Ctrl Pts',(17.0648992132787,-136.000001959503,0.970922355255584));
#6789=CARTESIAN_POINT('Ctrl Pts',(17.0648992132787,-135.500001959503,0.970922355255584));
#6790=CARTESIAN_POINT('Ctrl Pts',(17.0682134758681,-136.000001959503,1.09890840947628));
#6791=CARTESIAN_POINT('Ctrl Pts',(17.0682134758681,-135.500001959503,1.09890840947628));
#6792=CARTESIAN_POINT('',(16.886084927246,-136.000001959503,0.462482795119286));
#6793=CARTESIAN_POINT('Ctrl Pts',(16.886084927246,-136.000001959503,0.462482795119286));
#6794=CARTESIAN_POINT('Ctrl Pts',(16.9390186387653,-136.000001959503,0.548018192246827));
#6795=CARTESIAN_POINT('Ctrl Pts',(17.0589670749822,-136.000001959503,0.741842445868102));
#6796=CARTESIAN_POINT('Ctrl Pts',(17.0648992132787,-136.000001959503,0.970922355255584));
#6797=CARTESIAN_POINT('Ctrl Pts',(17.0682134758681,-136.000001959503,1.09890840947628));
#6798=CARTESIAN_POINT('',(16.886084927246,-135.500001959503,0.462482795119286));
#6799=CARTESIAN_POINT('',(16.886084927246,-136.000001959503,0.462482795119286));
#6800=CARTESIAN_POINT('Ctrl Pts',(16.886084927246,-135.500001959503,0.462482795119286));
#6801=CARTESIAN_POINT('Ctrl Pts',(16.9390186387653,-135.500001959503,0.548018192246827));
#6802=CARTESIAN_POINT('Ctrl Pts',(17.0589670749822,-135.500001959503,0.741842445868102));
#6803=CARTESIAN_POINT('Ctrl Pts',(17.0648992132787,-135.500001959503,0.970922355255584));
#6804=CARTESIAN_POINT('Ctrl Pts',(17.0682134758681,-135.500001959503,1.09890840947628));
#6805=CARTESIAN_POINT('Ctrl Pts',(16.429741634056,-136.000001959503,0.253751501441002));
#6806=CARTESIAN_POINT('Ctrl Pts',(16.429741634056,-135.500001959503,0.253751501441002));
#6807=CARTESIAN_POINT('Ctrl Pts',(16.5173975696603,-136.000001959503,0.262549812151274));
#6808=CARTESIAN_POINT('Ctrl Pts',(16.5173975696603,-135.500001959503,0.262549812151274));
#6809=CARTESIAN_POINT('Ctrl Pts',(16.6932226470994,-136.000001959503,0.280197945746565));
#6810=CARTESIAN_POINT('Ctrl Pts',(16.6932226470994,-135.500001959503,0.280197945746565));
#6811=CARTESIAN_POINT('Ctrl Pts',(16.8216725254154,-136.000001959503,0.401603057741435));
#6812=CARTESIAN_POINT('Ctrl Pts',(16.8216725254154,-135.500001959503,0.401603057741435));
#6813=CARTESIAN_POINT('Ctrl Pts',(16.886084927246,-136.000001959503,0.462482795119286));
#6814=CARTESIAN_POINT('Ctrl Pts',(16.886084927246,-135.500001959503,0.462482795119286));
#6815=CARTESIAN_POINT('',(16.429741634056,-136.000001959503,0.253751501441002));
#6816=CARTESIAN_POINT('Ctrl Pts',(16.429741634056,-136.000001959503,0.253751501441002));
#6817=CARTESIAN_POINT('Ctrl Pts',(16.5173975696603,-136.000001959503,0.262549812151274));
#6818=CARTESIAN_POINT('Ctrl Pts',(16.6932226470994,-136.000001959503,0.280197945746565));
#6819=CARTESIAN_POINT('Ctrl Pts',(16.8216725254154,-136.000001959503,0.401603057741435));
#6820=CARTESIAN_POINT('Ctrl Pts',(16.886084927246,-136.000001959503,0.462482795119286));
#6821=CARTESIAN_POINT('',(16.429741634056,-135.500001959503,0.253751501441002));
#6822=CARTESIAN_POINT('',(16.429741634056,-136.000001959503,0.253751501441002));
#6823=CARTESIAN_POINT('Ctrl Pts',(16.429741634056,-135.500001959503,0.253751501441002));
#6824=CARTESIAN_POINT('Ctrl Pts',(16.5173975696603,-135.500001959503,0.262549812151274));
#6825=CARTESIAN_POINT('Ctrl Pts',(16.6932226470994,-135.500001959503,0.280197945746565));
#6826=CARTESIAN_POINT('Ctrl Pts',(16.8216725254154,-135.500001959503,0.401603057741435));
#6827=CARTESIAN_POINT('Ctrl Pts',(16.886084927246,-135.500001959503,0.462482795119286));
#6828=CARTESIAN_POINT('Ctrl Pts',(15.9713509213179,-136.000001959503,0.460436567664146));
#6829=CARTESIAN_POINT('Ctrl Pts',(15.9713509213179,-135.500001959503,0.460436567664146));
#6830=CARTESIAN_POINT('Ctrl Pts',(16.0360200796514,-136.000001959503,0.400153434651991));
#6831=CARTESIAN_POINT('Ctrl Pts',(16.0360200796514,-135.500001959503,0.400153434651991));
#6832=CARTESIAN_POINT('Ctrl Pts',(16.1654632990431,-136.000001959503,0.279489380670095));
#6833=CARTESIAN_POINT('Ctrl Pts',(16.1654632990431,-135.500001959503,0.279489380670095));
#6834=CARTESIAN_POINT('Ctrl Pts',(16.3416012741002,-136.000001959503,0.262335428457345));
#6835=CARTESIAN_POINT('Ctrl Pts',(16.3416012741002,-135.500001959503,0.262335428457345));
#6836=CARTESIAN_POINT('Ctrl Pts',(16.429741634056,-136.000001959503,0.253751501441002));
#6837=CARTESIAN_POINT('Ctrl Pts',(16.429741634056,-135.500001959503,0.253751501441002));
#6838=CARTESIAN_POINT('',(15.9713509213179,-136.000001959503,0.460436567664146));
#6839=CARTESIAN_POINT('Ctrl Pts',(15.9713509213179,-136.000001959503,0.460436567664146));
#6840=CARTESIAN_POINT('Ctrl Pts',(16.0360200796514,-136.000001959503,0.400153434651991));
#6841=CARTESIAN_POINT('Ctrl Pts',(16.1654632990431,-136.000001959503,0.279489380670095));
#6842=CARTESIAN_POINT('Ctrl Pts',(16.3416012741002,-136.000001959503,0.262335428457345));
#6843=CARTESIAN_POINT('Ctrl Pts',(16.429741634056,-136.000001959503,0.253751501441002));
#6844=CARTESIAN_POINT('',(15.9713509213179,-135.500001959503,0.460436567664146));
#6845=CARTESIAN_POINT('',(15.9713509213179,-136.000001959503,0.460436567664146));
#6846=CARTESIAN_POINT('Ctrl Pts',(15.9713509213179,-135.500001959503,0.460436567664146));
#6847=CARTESIAN_POINT('Ctrl Pts',(16.0360200796514,-135.500001959503,0.400153434651991));
#6848=CARTESIAN_POINT('Ctrl Pts',(16.1654632990431,-135.500001959503,0.279489380670095));
#6849=CARTESIAN_POINT('Ctrl Pts',(16.3416012741002,-135.500001959503,0.262335428457345));
#6850=CARTESIAN_POINT('Ctrl Pts',(16.429741634056,-135.500001959503,0.253751501441002));
#6851=CARTESIAN_POINT('Ctrl Pts',(15.7892229687423,-136.000001959503,1.08663015067577));
#6852=CARTESIAN_POINT('Ctrl Pts',(15.7892229687423,-135.500001959503,1.08663015067577));
#6853=CARTESIAN_POINT('Ctrl Pts',(15.792808081455,-136.000001959503,0.961244318338967));
#6854=CARTESIAN_POINT('Ctrl Pts',(15.792808081455,-135.500001959503,0.961244318338967));
#6855=CARTESIAN_POINT('Ctrl Pts',(15.799261500069,-136.000001959503,0.735542275151192));
#6856=CARTESIAN_POINT('Ctrl Pts',(15.799261500069,-135.500001959503,0.735542275151192));
#6857=CARTESIAN_POINT('Ctrl Pts',(15.918398798382,-136.000001959503,0.545086926399262));
#6858=CARTESIAN_POINT('Ctrl Pts',(15.918398798382,-135.500001959503,0.545086926399262));
#6859=CARTESIAN_POINT('Ctrl Pts',(15.9713509213179,-136.000001959503,0.460436567664146));
#6860=CARTESIAN_POINT('Ctrl Pts',(15.9713509213179,-135.500001959503,0.460436567664146));
#6861=CARTESIAN_POINT('',(15.7892229687423,-136.000001959503,1.08663015067577));
#6862=CARTESIAN_POINT('Ctrl Pts',(15.7892229687423,-136.000001959503,1.08663015067577));
#6863=CARTESIAN_POINT('Ctrl Pts',(15.792808081455,-136.000001959503,0.961244318338967));
#6864=CARTESIAN_POINT('Ctrl Pts',(15.799261500069,-136.000001959503,0.735542275151192));
#6865=CARTESIAN_POINT('Ctrl Pts',(15.918398798382,-136.000001959503,0.545086926399262));
#6866=CARTESIAN_POINT('Ctrl Pts',(15.9713509213179,-136.000001959503,0.460436567664146));
#6867=CARTESIAN_POINT('',(15.7892229687423,-135.500001959503,1.08663015067577));
#6868=CARTESIAN_POINT('',(15.7892229687423,-136.000001959503,1.08663015067577));
#6869=CARTESIAN_POINT('Ctrl Pts',(15.7892229687423,-135.500001959503,1.08663015067577));
#6870=CARTESIAN_POINT('Ctrl Pts',(15.792808081455,-135.500001959503,0.961244318338967));
#6871=CARTESIAN_POINT('Ctrl Pts',(15.799261500069,-135.500001959503,0.735542275151192));
#6872=CARTESIAN_POINT('Ctrl Pts',(15.918398798382,-135.500001959503,0.545086926399262));
#6873=CARTESIAN_POINT('Ctrl Pts',(15.9713509213179,-135.500001959503,0.460436567664146));
#6874=CARTESIAN_POINT('Ctrl Pts',(15.9713509213179,-136.000001959503,1.71077765524387));
#6875=CARTESIAN_POINT('Ctrl Pts',(15.9713509213179,-135.500001959503,1.71077765524387));
#6876=CARTESIAN_POINT('Ctrl Pts',(15.9184034453142,-136.000001959503,1.62664798828756));
#6877=CARTESIAN_POINT('Ctrl Pts',(15.9184034453142,-135.500001959503,1.62664798828756));
#6878=CARTESIAN_POINT('Ctrl Pts',(15.7990615172144,-136.000001959503,1.43702239283407));
#6879=CARTESIAN_POINT('Ctrl Pts',(15.7990615172144,-135.500001959503,1.43702239283407));
#6880=CARTESIAN_POINT('Ctrl Pts',(15.7927399159043,-136.000001959503,1.21188348506448));
#6881=CARTESIAN_POINT('Ctrl Pts',(15.7927399159043,-135.500001959503,1.21188348506448));
#6882=CARTESIAN_POINT('Ctrl Pts',(15.7892229687423,-136.000001959503,1.08663015067577));
#6883=CARTESIAN_POINT('Ctrl Pts',(15.7892229687423,-135.500001959503,1.08663015067577));
#6884=CARTESIAN_POINT('Ctrl Pts',(15.9713509213179,-136.000001959503,1.71077765524387));
#6885=CARTESIAN_POINT('Ctrl Pts',(15.9184034453142,-136.000001959503,1.62664798828756));
#6886=CARTESIAN_POINT('Ctrl Pts',(15.7990615172144,-136.000001959503,1.43702239283407));
#6887=CARTESIAN_POINT('Ctrl Pts',(15.7927399159043,-136.000001959503,1.21188348506448));
#6888=CARTESIAN_POINT('Ctrl Pts',(15.7892229687423,-136.000001959503,1.08663015067577));
#6889=CARTESIAN_POINT('Ctrl Pts',(15.9713509213179,-135.500001959503,1.71077765524387));
#6890=CARTESIAN_POINT('Ctrl Pts',(15.9184034453142,-135.500001959503,1.62664798828756));
#6891=CARTESIAN_POINT('Ctrl Pts',(15.7990615172144,-135.500001959503,1.43702239283407));
#6892=CARTESIAN_POINT('Ctrl Pts',(15.7927399159043,-135.500001959503,1.21188348506448));
#6893=CARTESIAN_POINT('Ctrl Pts',(15.7892229687423,-135.500001959503,1.08663015067577));
#6894=CARTESIAN_POINT('Ctrl Pts',(16.429741634056,-136.000001959503,-0.0491134077310562));
#6895=CARTESIAN_POINT('Ctrl Pts',(16.429741634056,-135.500001959503,-0.0491134077310562));
#6896=CARTESIAN_POINT('Ctrl Pts',(16.28652240545,-136.000001959503,-0.0385848624986973));
#6897=CARTESIAN_POINT('Ctrl Pts',(16.28652240545,-135.500001959503,-0.0385848624986973));
#6898=CARTESIAN_POINT('Ctrl Pts',(16.0090974824948,-136.000001959503,-0.0181903883882767));
#6899=CARTESIAN_POINT('Ctrl Pts',(16.0090974824948,-135.500001959503,-0.0181903883882767));
#6900=CARTESIAN_POINT('Ctrl Pts',(15.7947081934092,-136.000001959503,0.158193284140824));
#6901=CARTESIAN_POINT('Ctrl Pts',(15.7947081934092,-135.500001959503,0.158193284140824));
#6902=CARTESIAN_POINT('Ctrl Pts',(15.6909963022918,-136.000001959503,0.243519768118858));
#6903=CARTESIAN_POINT('Ctrl Pts',(15.6909963022918,-135.500001959503,0.243519768118858));
#6904=CARTESIAN_POINT('',(16.429741634056,-136.000001959503,-0.0491134077310562));
#6905=CARTESIAN_POINT('',(15.6909963022918,-136.000001959503,0.243519768118858));
#6906=CARTESIAN_POINT('Ctrl Pts',(16.429741634056,-136.000001959503,-0.0491134077310562));
#6907=CARTESIAN_POINT('Ctrl Pts',(16.28652240545,-136.000001959503,-0.0385848624986973));
#6908=CARTESIAN_POINT('Ctrl Pts',(16.0090974824948,-136.000001959503,-0.0181903883882767));
#6909=CARTESIAN_POINT('Ctrl Pts',(15.7947081934092,-136.000001959503,0.158193284140824));
#6910=CARTESIAN_POINT('Ctrl Pts',(15.6909963022918,-136.000001959503,0.243519768118858));
#6911=CARTESIAN_POINT('',(16.429741634056,-135.500001959503,-0.0491134077310562));
#6912=CARTESIAN_POINT('',(16.429741634056,-136.000001959503,-0.0491134077310562));
#6913=CARTESIAN_POINT('',(15.6909963022918,-135.500001959503,0.243519768118858));
#6914=CARTESIAN_POINT('Ctrl Pts',(16.429741634056,-135.500001959503,-0.0491134077310562));
#6915=CARTESIAN_POINT('Ctrl Pts',(16.28652240545,-135.500001959503,-0.0385848624986973));
#6916=CARTESIAN_POINT('Ctrl Pts',(16.0090974824948,-135.500001959503,-0.0181903883882767));
#6917=CARTESIAN_POINT('Ctrl Pts',(15.7947081934092,-135.500001959503,0.158193284140824));
#6918=CARTESIAN_POINT('Ctrl Pts',(15.6909963022918,-135.500001959503,0.243519768118858));
#6919=CARTESIAN_POINT('',(15.6909963022918,-136.000001959503,0.243519768118858));
#6920=CARTESIAN_POINT('Ctrl Pts',(16.9536157976836,-136.000001959503,0.0839018076658249));
#6921=CARTESIAN_POINT('Ctrl Pts',(16.9536157976836,-135.500001959503,0.0839018076658249));
#6922=CARTESIAN_POINT('Ctrl Pts',(16.8714695887386,-136.000001959503,0.0451067455815496));
#6923=CARTESIAN_POINT('Ctrl Pts',(16.8714695887386,-135.500001959503,0.0451067455815496));
#6924=CARTESIAN_POINT('Ctrl Pts',(16.7055315756907,-136.000001959503,-0.0332605412478382));
#6925=CARTESIAN_POINT('Ctrl Pts',(16.7055315756907,-135.500001959503,-0.0332605412478382));
#6926=CARTESIAN_POINT('Ctrl Pts',(16.522277387402,-136.000001959503,-0.0437942980709161));
#6927=CARTESIAN_POINT('Ctrl Pts',(16.522277387402,-135.500001959503,-0.0437942980709161));
#6928=CARTESIAN_POINT('Ctrl Pts',(16.429741634056,-136.000001959503,-0.0491134077310562));
#6929=CARTESIAN_POINT('Ctrl Pts',(16.429741634056,-135.500001959503,-0.0491134077310562));
#6930=CARTESIAN_POINT('',(16.9536157976836,-136.000001959503,0.0839018076658249));
#6931=CARTESIAN_POINT('Ctrl Pts',(16.9536157976836,-136.000001959503,0.0839018076658249));
#6932=CARTESIAN_POINT('Ctrl Pts',(16.8714695887386,-136.000001959503,0.0451067455815496));
#6933=CARTESIAN_POINT('Ctrl Pts',(16.7055315756907,-136.000001959503,-0.0332605412478382));
#6934=CARTESIAN_POINT('Ctrl Pts',(16.522277387402,-136.000001959503,-0.0437942980709161));
#6935=CARTESIAN_POINT('Ctrl Pts',(16.429741634056,-136.000001959503,-0.0491134077310562));
#6936=CARTESIAN_POINT('',(16.9536157976836,-135.500001959503,0.0839018076658249));
#6937=CARTESIAN_POINT('',(16.9536157976836,-136.000001959503,0.0839018076658249));
#6938=CARTESIAN_POINT('Ctrl Pts',(16.9536157976836,-135.500001959503,0.0839018076658249));
#6939=CARTESIAN_POINT('Ctrl Pts',(16.8714695887386,-135.500001959503,0.0451067455815496));
#6940=CARTESIAN_POINT('Ctrl Pts',(16.7055315756907,-135.500001959503,-0.0332605412478382));
#6941=CARTESIAN_POINT('Ctrl Pts',(16.522277387402,-135.500001959503,-0.0437942980709161));
#6942=CARTESIAN_POINT('Ctrl Pts',(16.429741634056,-135.500001959503,-0.0491134077310562));
#6943=CARTESIAN_POINT('Ctrl Pts',(17.3199185263366,-136.000001959503,0.456343814730644));
#6944=CARTESIAN_POINT('Ctrl Pts',(17.3199185263366,-135.500001959503,0.456343814730644));
#6945=CARTESIAN_POINT('Ctrl Pts',(17.2732276160338,-136.000001959503,0.380847353757549));
#6946=CARTESIAN_POINT('Ctrl Pts',(17.2732276160338,-135.500001959503,0.380847353757549));
#6947=CARTESIAN_POINT('Ctrl Pts',(17.1793252348873,-136.000001959503,0.229012715975906));
#6948=CARTESIAN_POINT('Ctrl Pts',(17.1793252348873,-135.500001959503,0.229012715975906));
#6949=CARTESIAN_POINT('Ctrl Pts',(17.0291298196128,-136.000001959503,0.132450545583265));
#6950=CARTESIAN_POINT('Ctrl Pts',(17.0291298196128,-135.500001959503,0.132450545583265));
#6951=CARTESIAN_POINT('Ctrl Pts',(16.9536157976836,-136.000001959503,0.0839018076658249));
#6952=CARTESIAN_POINT('Ctrl Pts',(16.9536157976836,-135.500001959503,0.0839018076658249));
#6953=CARTESIAN_POINT('',(17.3199185263366,-136.000001959503,0.456343814730644));
#6954=CARTESIAN_POINT('Ctrl Pts',(17.3199185263366,-136.000001959503,0.456343814730644));
#6955=CARTESIAN_POINT('Ctrl Pts',(17.2732276160338,-136.000001959503,0.380847353757549));
#6956=CARTESIAN_POINT('Ctrl Pts',(17.1793252348873,-136.000001959503,0.229012715975906));
#6957=CARTESIAN_POINT('Ctrl Pts',(17.0291298196128,-136.000001959503,0.132450545583265));
#6958=CARTESIAN_POINT('Ctrl Pts',(16.9536157976836,-136.000001959503,0.0839018076658249));
#6959=CARTESIAN_POINT('',(17.3199185263366,-135.500001959503,0.456343814730644));
#6960=CARTESIAN_POINT('',(17.3199185263366,-136.000001959503,0.456343814730644));
#6961=CARTESIAN_POINT('Ctrl Pts',(17.3199185263366,-135.500001959503,0.456343814730644));
#6962=CARTESIAN_POINT('Ctrl Pts',(17.2732276160338,-135.500001959503,0.380847353757549));
#6963=CARTESIAN_POINT('Ctrl Pts',(17.1793252348873,-135.500001959503,0.229012715975906));
#6964=CARTESIAN_POINT('Ctrl Pts',(17.0291298196128,-135.500001959503,0.132450545583265));
#6965=CARTESIAN_POINT('Ctrl Pts',(16.9536157976836,-135.500001959503,0.0839018076658249));
#6966=CARTESIAN_POINT('Ctrl Pts',(17.4467947613448,-136.000001959503,1.11732594668865));
#6967=CARTESIAN_POINT('Ctrl Pts',(17.4467947613448,-135.500001959503,1.11732594668865));
#6968=CARTESIAN_POINT('Ctrl Pts',(17.4442824502744,-136.000001959503,0.990668467399807));
#6969=CARTESIAN_POINT('Ctrl Pts',(17.4442824502744,-135.500001959503,0.990668467399807));
#6970=CARTESIAN_POINT('Ctrl Pts',(17.4397581097814,-136.000001959503,0.76257507202007));
#6971=CARTESIAN_POINT('Ctrl Pts',(17.4397581097814,-135.500001959503,0.76257507202007));
#6972=CARTESIAN_POINT('Ctrl Pts',(17.3568076208952,-136.000001959503,0.550608109400489));
#6973=CARTESIAN_POINT('Ctrl Pts',(17.3568076208952,-135.500001959503,0.550608109400489));
#6974=CARTESIAN_POINT('Ctrl Pts',(17.3199185263366,-136.000001959503,0.456343814730644));
#6975=CARTESIAN_POINT('Ctrl Pts',(17.3199185263366,-135.500001959503,0.456343814730644));
#6976=CARTESIAN_POINT('',(17.4467947613448,-136.000001959503,1.11732594668865));
#6977=CARTESIAN_POINT('Ctrl Pts',(17.4467947613448,-136.000001959503,1.11732594668865));
#6978=CARTESIAN_POINT('Ctrl Pts',(17.4442824502744,-136.000001959503,0.990668467399807));
#6979=CARTESIAN_POINT('Ctrl Pts',(17.4397581097814,-136.000001959503,0.76257507202007));
#6980=CARTESIAN_POINT('Ctrl Pts',(17.3568076208952,-136.000001959503,0.550608109400489));
#6981=CARTESIAN_POINT('Ctrl Pts',(17.3199185263366,-136.000001959503,0.456343814730644));
#6982=CARTESIAN_POINT('',(17.4467947613448,-135.500001959503,1.11732594668865));
#6983=CARTESIAN_POINT('',(17.4467947613448,-136.000001959503,1.11732594668865));
#6984=CARTESIAN_POINT('Ctrl Pts',(17.4467947613448,-135.500001959503,1.11732594668865));
#6985=CARTESIAN_POINT('Ctrl Pts',(17.4442824502744,-135.500001959503,0.990668467399807));
#6986=CARTESIAN_POINT('Ctrl Pts',(17.4397581097814,-135.500001959503,0.76257507202007));
#6987=CARTESIAN_POINT('Ctrl Pts',(17.3568076208952,-135.500001959503,0.550608109400489));
#6988=CARTESIAN_POINT('Ctrl Pts',(17.3199185263366,-135.500001959503,0.456343814730644));
#6989=CARTESIAN_POINT('Ctrl Pts',(17.1623470913619,-136.000001959503,1.92769430577755));
#6990=CARTESIAN_POINT('Ctrl Pts',(17.1623470913619,-135.500001959503,1.92769430577755));
#6991=CARTESIAN_POINT('Ctrl Pts',(17.2452136840518,-136.000001959503,1.81569346410177));
#6992=CARTESIAN_POINT('Ctrl Pts',(17.2452136840518,-135.500001959503,1.81569346410177));
#6993=CARTESIAN_POINT('Ctrl Pts',(17.4226881988233,-136.000001959503,1.57582243302428));
#6994=CARTESIAN_POINT('Ctrl Pts',(17.4226881988233,-135.500001959503,1.57582243302428));
#6995=CARTESIAN_POINT('Ctrl Pts',(17.4384124790664,-136.000001959503,1.27675336271603));
#6996=CARTESIAN_POINT('Ctrl Pts',(17.4384124790664,-135.500001959503,1.27675336271603));
#6997=CARTESIAN_POINT('Ctrl Pts',(17.4467947613448,-136.000001959503,1.11732594668865));
#6998=CARTESIAN_POINT('Ctrl Pts',(17.4467947613448,-135.500001959503,1.11732594668865));
#6999=CARTESIAN_POINT('',(17.1623470913619,-136.000001959503,1.92769430577755));
#7000=CARTESIAN_POINT('Ctrl Pts',(17.1623470913619,-136.000001959503,1.92769430577755));
#7001=CARTESIAN_POINT('Ctrl Pts',(17.2452136840518,-136.000001959503,1.81569346410177));
#7002=CARTESIAN_POINT('Ctrl Pts',(17.4226881988233,-136.000001959503,1.57582243302428));
#7003=CARTESIAN_POINT('Ctrl Pts',(17.4384124790664,-136.000001959503,1.27675336271603));
#7004=CARTESIAN_POINT('Ctrl Pts',(17.4467947613448,-136.000001959503,1.11732594668865));
#7005=CARTESIAN_POINT('',(17.1623470913619,-135.500001959503,1.92769430577755));
#7006=CARTESIAN_POINT('',(17.1623470913619,-136.000001959503,1.92769430577755));
#7007=CARTESIAN_POINT('Ctrl Pts',(17.1623470913619,-135.500001959503,1.92769430577755));
#7008=CARTESIAN_POINT('Ctrl Pts',(17.2452136840518,-135.500001959503,1.81569346410177));
#7009=CARTESIAN_POINT('Ctrl Pts',(17.4226881988233,-135.500001959503,1.57582243302428));
#7010=CARTESIAN_POINT('Ctrl Pts',(17.4384124790664,-135.500001959503,1.27675336271603));
#7011=CARTESIAN_POINT('Ctrl Pts',(17.4467947613448,-135.500001959503,1.11732594668865));
#7012=CARTESIAN_POINT('Ctrl Pts',(16.429741634056,-136.000001959503,2.2223737090826));
#7013=CARTESIAN_POINT('Ctrl Pts',(16.429741634056,-135.500001959503,2.2223737090826));
#7014=CARTESIAN_POINT('Ctrl Pts',(16.5710303103681,-136.000001959503,2.211391683638));
#7015=CARTESIAN_POINT('Ctrl Pts',(16.5710303103681,-135.500001959503,2.211391683638));
#7016=CARTESIAN_POINT('Ctrl Pts',(16.8466077904119,-136.000001959503,2.18997171583311));
#7017=CARTESIAN_POINT('Ctrl Pts',(16.8466077904119,-135.500001959503,2.18997171583311));
#7018=CARTESIAN_POINT('Ctrl Pts',(17.0588981015473,-136.000001959503,2.01362701367867));
#7019=CARTESIAN_POINT('Ctrl Pts',(17.0588981015473,-135.500001959503,2.01362701367867));
#7020=CARTESIAN_POINT('Ctrl Pts',(17.1623470913619,-136.000001959503,1.92769430577755));
#7021=CARTESIAN_POINT('Ctrl Pts',(17.1623470913619,-135.500001959503,1.92769430577755));
#7022=CARTESIAN_POINT('',(16.429741634056,-136.000001959503,2.2223737090826));
#7023=CARTESIAN_POINT('Ctrl Pts',(16.429741634056,-136.000001959503,2.2223737090826));
#7024=CARTESIAN_POINT('Ctrl Pts',(16.5710303103681,-136.000001959503,2.211391683638));
#7025=CARTESIAN_POINT('Ctrl Pts',(16.8466077904119,-136.000001959503,2.18997171583311));
#7026=CARTESIAN_POINT('Ctrl Pts',(17.0588981015473,-136.000001959503,2.01362701367867));
#7027=CARTESIAN_POINT('Ctrl Pts',(17.1623470913619,-136.000001959503,1.92769430577755));
#7028=CARTESIAN_POINT('',(16.429741634056,-135.500001959503,2.2223737090826));
#7029=CARTESIAN_POINT('',(16.429741634056,-136.000001959503,2.2223737090826));
#7030=CARTESIAN_POINT('Ctrl Pts',(16.429741634056,-135.500001959503,2.2223737090826));
#7031=CARTESIAN_POINT('Ctrl Pts',(16.5710303103681,-135.500001959503,2.211391683638));
#7032=CARTESIAN_POINT('Ctrl Pts',(16.8466077904119,-135.500001959503,2.18997171583311));
#7033=CARTESIAN_POINT('Ctrl Pts',(17.0588981015473,-135.500001959503,2.01362701367867));
#7034=CARTESIAN_POINT('Ctrl Pts',(17.1623470913619,-135.500001959503,1.92769430577755));
#7035=CARTESIAN_POINT('Ctrl Pts',(15.7462486159056,-136.000001959503,1.9809003919363));
#7036=CARTESIAN_POINT('Ctrl Pts',(15.7462486159056,-135.500001959503,1.9809003919363));
#7037=CARTESIAN_POINT('Ctrl Pts',(15.8463320754691,-136.000001959503,2.05131919626462));
#7038=CARTESIAN_POINT('Ctrl Pts',(15.8463320754691,-135.500001959503,2.05131919626462));
#7039=CARTESIAN_POINT('Ctrl Pts',(16.0513288644057,-136.000001959503,2.19555510528511));
#7040=CARTESIAN_POINT('Ctrl Pts',(16.0513288644057,-135.500001959503,2.19555510528511));
#7041=CARTESIAN_POINT('Ctrl Pts',(16.3016382221447,-136.000001959503,2.2132948541266));
#7042=CARTESIAN_POINT('Ctrl Pts',(16.3016382221447,-135.500001959503,2.2132948541266));
#7043=CARTESIAN_POINT('Ctrl Pts',(16.429741634056,-136.000001959503,2.2223737090826));
#7044=CARTESIAN_POINT('Ctrl Pts',(16.429741634056,-135.500001959503,2.2223737090826));
#7045=CARTESIAN_POINT('',(15.7462486159056,-136.000001959503,1.9809003919363));
#7046=CARTESIAN_POINT('Ctrl Pts',(15.7462486159056,-136.000001959503,1.9809003919363));
#7047=CARTESIAN_POINT('Ctrl Pts',(15.8463320754691,-136.000001959503,2.05131919626462));
#7048=CARTESIAN_POINT('Ctrl Pts',(16.0513288644057,-136.000001959503,2.19555510528511));
#7049=CARTESIAN_POINT('Ctrl Pts',(16.3016382221447,-136.000001959503,2.2132948541266));
#7050=CARTESIAN_POINT('Ctrl Pts',(16.429741634056,-136.000001959503,2.2223737090826));
#7051=CARTESIAN_POINT('',(15.7462486159056,-135.500001959503,1.9809003919363));
#7052=CARTESIAN_POINT('',(15.7462486159056,-136.000001959503,1.9809003919363));
#7053=CARTESIAN_POINT('Ctrl Pts',(15.7462486159056,-135.500001959503,1.9809003919363));
#7054=CARTESIAN_POINT('Ctrl Pts',(15.8463320754691,-135.500001959503,2.05131919626462));
#7055=CARTESIAN_POINT('Ctrl Pts',(16.0513288644057,-135.500001959503,2.19555510528511));
#7056=CARTESIAN_POINT('Ctrl Pts',(16.3016382221447,-135.500001959503,2.2132948541266));
#7057=CARTESIAN_POINT('Ctrl Pts',(16.429741634056,-135.500001959503,2.2223737090826));
#7058=CARTESIAN_POINT('Ctrl Pts',(15.4106416832656,-136.000001959503,1.08663015067577));
#7059=CARTESIAN_POINT('Ctrl Pts',(15.4106416832656,-135.500001959503,1.08663015067577));
#7060=CARTESIAN_POINT('Ctrl Pts',(15.419036158499,-136.000001959503,1.2695519688722));
#7061=CARTESIAN_POINT('Ctrl Pts',(15.419036158499,-135.500001959503,1.2695519688722));
#7062=CARTESIAN_POINT('Ctrl Pts',(15.4344760317325,-136.000001959503,1.60599821548402));
#7063=CARTESIAN_POINT('Ctrl Pts',(15.4344760317325,-135.500001959503,1.60599821548402));
#7064=CARTESIAN_POINT('Ctrl Pts',(15.6485596924244,-136.000001959503,1.86343082633766));
#7065=CARTESIAN_POINT('Ctrl Pts',(15.6485596924244,-135.500001959503,1.86343082633766));
#7066=CARTESIAN_POINT('Ctrl Pts',(15.7462486159056,-136.000001959503,1.9809003919363));
#7067=CARTESIAN_POINT('Ctrl Pts',(15.7462486159056,-135.500001959503,1.9809003919363));
#7068=CARTESIAN_POINT('',(15.4106416832656,-136.000001959503,1.08663015067577));
#7069=CARTESIAN_POINT('Ctrl Pts',(15.4106416832656,-136.000001959503,1.08663015067577));
#7070=CARTESIAN_POINT('Ctrl Pts',(15.419036158499,-136.000001959503,1.2695519688722));
#7071=CARTESIAN_POINT('Ctrl Pts',(15.4344760317325,-136.000001959503,1.60599821548402));
#7072=CARTESIAN_POINT('Ctrl Pts',(15.6485596924244,-136.000001959503,1.86343082633766));
#7073=CARTESIAN_POINT('Ctrl Pts',(15.7462486159056,-136.000001959503,1.9809003919363));
#7074=CARTESIAN_POINT('',(15.4106416832656,-135.500001959503,1.08663015067577));
#7075=CARTESIAN_POINT('',(15.4106416832656,-136.000001959503,1.08663015067577));
#7076=CARTESIAN_POINT('Ctrl Pts',(15.4106416832656,-135.500001959503,1.08663015067577));
#7077=CARTESIAN_POINT('Ctrl Pts',(15.419036158499,-135.500001959503,1.2695519688722));
#7078=CARTESIAN_POINT('Ctrl Pts',(15.4344760317325,-135.500001959503,1.60599821548402));
#7079=CARTESIAN_POINT('Ctrl Pts',(15.6485596924244,-135.500001959503,1.86343082633766));
#7080=CARTESIAN_POINT('Ctrl Pts',(15.7462486159056,-135.500001959503,1.9809003919363));
#7081=CARTESIAN_POINT('Ctrl Pts',(15.6909963022918,-136.000001959503,0.243519768118858));
#7082=CARTESIAN_POINT('Ctrl Pts',(15.6909963022918,-135.500001959503,0.243519768118858));
#7083=CARTESIAN_POINT('Ctrl Pts',(15.6093807523729,-136.000001959503,0.358503498526415));
#7084=CARTESIAN_POINT('Ctrl Pts',(15.6093807523729,-135.500001959503,0.358503498526415));
#7085=CARTESIAN_POINT('Ctrl Pts',(15.4310548178638,-136.000001959503,0.60973725482222));
#7086=CARTESIAN_POINT('Ctrl Pts',(15.4310548178638,-135.500001959503,0.60973725482222));
#7087=CARTESIAN_POINT('Ctrl Pts',(15.4178195065587,-136.000001959503,0.918941404995303));
#7088=CARTESIAN_POINT('Ctrl Pts',(15.4178195065587,-135.500001959503,0.918941404995303));
#7089=CARTESIAN_POINT('Ctrl Pts',(15.4106416832656,-136.000001959503,1.08663015067577));
#7090=CARTESIAN_POINT('Ctrl Pts',(15.4106416832656,-135.500001959503,1.08663015067577));
#7091=CARTESIAN_POINT('Ctrl Pts',(15.6909963022918,-136.000001959503,0.243519768118858));
#7092=CARTESIAN_POINT('Ctrl Pts',(15.6093807523729,-136.000001959503,0.358503498526415));
#7093=CARTESIAN_POINT('Ctrl Pts',(15.4310548178638,-136.000001959503,0.60973725482222));
#7094=CARTESIAN_POINT('Ctrl Pts',(15.4178195065587,-136.000001959503,0.918941404995303));
#7095=CARTESIAN_POINT('Ctrl Pts',(15.4106416832656,-136.000001959503,1.08663015067577));
#7096=CARTESIAN_POINT('Ctrl Pts',(15.6909963022918,-135.500001959503,0.243519768118858));
#7097=CARTESIAN_POINT('Ctrl Pts',(15.6093807523729,-135.500001959503,0.358503498526415));
#7098=CARTESIAN_POINT('Ctrl Pts',(15.4310548178638,-135.500001959503,0.60973725482222));
#7099=CARTESIAN_POINT('Ctrl Pts',(15.4178195065587,-135.500001959503,0.918941404995303));
#7100=CARTESIAN_POINT('Ctrl Pts',(15.4106416832656,-135.500001959503,1.08663015067577));
#7101=CARTESIAN_POINT('Origin',(19.7060026740655,-135.500001959503,1.48158244788647));
#7102=CARTESIAN_POINT('Origin',(12.3717601131648,-136.000001959503,0.354024395346642));
#7103=CARTESIAN_POINT('',(12.3717601131648,-136.000001959503,0.354024395346642));
#7104=CARTESIAN_POINT('',(12.3717601131648,-136.000001959503,-7.45058059692383E-8));
#7105=CARTESIAN_POINT('',(12.3717601131648,-136.000001959503,-0.82298780232663));
#7106=CARTESIAN_POINT('',(12.3717601131648,-135.500001959503,0.354024395346642));
#7107=CARTESIAN_POINT('',(12.3717601131648,-136.000001959503,0.354024395346642));
#7108=CARTESIAN_POINT('',(12.3717601131648,-135.500001959503,-7.45058059692383E-8));
#7109=CARTESIAN_POINT('',(12.3717601131648,-135.500001959503,0.354024395346642));
#7110=CARTESIAN_POINT('',(12.3717601131648,-136.000001959503,-7.45058059692383E-8));
#7111=CARTESIAN_POINT('Origin',(10.456343954429,-136.000001959503,0.354024395346642));
#7112=CARTESIAN_POINT('',(10.456343954429,-136.000001959503,0.354024395346642));
#7113=CARTESIAN_POINT('',(179.47817455139,-136.000001959503,0.354024395346642));
#7114=CARTESIAN_POINT('',(10.456343954429,-135.500001959503,0.354024395346642));
#7115=CARTESIAN_POINT('',(10.456343954429,-136.000001959503,0.354024395346642));
#7116=CARTESIAN_POINT('',(10.456343954429,-135.500001959503,0.354024395346642));
#7117=CARTESIAN_POINT('Origin',(10.638472167775,-136.000001959503,0.564802214503288));
#7118=CARTESIAN_POINT('',(10.638472167775,-136.000001959503,0.564802214503288));
#7119=CARTESIAN_POINT('',(82.2166267480004,-136.000001959503,83.4025297938928));
#7120=CARTESIAN_POINT('',(10.638472167775,-135.500001959503,0.564802214503288));
#7121=CARTESIAN_POINT('',(10.638472167775,-136.000001959503,0.564802214503288));
#7122=CARTESIAN_POINT('',(10.638472167775,-135.500001959503,0.564802214503288));
#7123=CARTESIAN_POINT('Origin',(12.3226467799395,-136.000001959503,2.64597527682781));
#7124=CARTESIAN_POINT('',(12.3226467799395,-136.000001959503,2.64597527682781));
#7125=CARTESIAN_POINT('',(77.703490679367,-136.000001959503,83.4385784503537));
#7126=CARTESIAN_POINT('',(12.3226467799395,-135.500001959503,2.64597527682781));
#7127=CARTESIAN_POINT('',(12.3226467799395,-136.000001959503,2.64597527682781));
#7128=CARTESIAN_POINT('',(12.3226467799395,-135.500001959503,2.64597527682781));
#7129=CARTESIAN_POINT('Origin',(12.3226467799395,-136.000001959503,3.00000004470348));
#7130=CARTESIAN_POINT('',(12.3226467799395,-136.000001959503,3.00000004470348));
#7131=CARTESIAN_POINT('',(12.3226467799395,-136.000001959503,0.500000022351791));
#7132=CARTESIAN_POINT('',(12.3226467799395,-135.500001959503,3.00000004470348));
#7133=CARTESIAN_POINT('',(12.3226467799395,-136.000001959503,3.00000004470348));
#7134=CARTESIAN_POINT('',(12.3226467799395,-135.500001959503,3.00000004470348));
#7135=CARTESIAN_POINT('Origin',(10.1739428471774,-136.000001959503,3.00000004470348));
#7136=CARTESIAN_POINT('',(10.1739428471774,-136.000001959503,3.00000004470348));
#7137=CARTESIAN_POINT('',(179.336973997764,-136.000001959503,3.00000004470348));
#7138=CARTESIAN_POINT('',(10.1739428471774,-135.500001959503,3.00000004470348));
#7139=CARTESIAN_POINT('',(10.1739428471774,-136.000001959503,3.00000004470348));
#7140=CARTESIAN_POINT('',(10.1739428471774,-135.500001959503,3.00000004470348));
#7141=CARTESIAN_POINT('Origin',(10.1739428471774,-136.000001959503,2.64597527682781));
#7142=CARTESIAN_POINT('',(10.1739428471774,-136.000001959503,2.64597527682781));
#7143=CARTESIAN_POINT('',(10.1739428471774,-136.000001959503,0.322987638413956));
#7144=CARTESIAN_POINT('',(10.1739428471774,-135.500001959503,2.64597527682781));
#7145=CARTESIAN_POINT('',(10.1739428471774,-136.000001959503,2.64597527682781));
#7146=CARTESIAN_POINT('',(10.1739428471774,-135.500001959503,2.64597527682781));
#7147=CARTESIAN_POINT('Origin',(11.8478856515139,-136.000001959503,2.64597527682781));
#7148=CARTESIAN_POINT('',(11.8478856515139,-136.000001959503,2.64597527682781));
#7149=CARTESIAN_POINT('',(180.173945399933,-136.000001959503,2.64597527682781));
#7150=CARTESIAN_POINT('',(11.8478856515139,-135.500001959503,2.64597527682781));
#7151=CARTESIAN_POINT('',(11.8478856515139,-136.000001959503,2.64597527682781));
#7152=CARTESIAN_POINT('',(11.8478856515139,-135.500001959503,2.64597527682781));
#7153=CARTESIAN_POINT('Ctrl Pts',(11.5368350874633,-136.000001959503,2.28990443050861));
#7154=CARTESIAN_POINT('Ctrl Pts',(11.5368350874633,-135.500001959503,2.28990443050861));
#7155=CARTESIAN_POINT('Ctrl Pts',(11.5892496869723,-136.000001959503,2.35437661275588));
#7156=CARTESIAN_POINT('Ctrl Pts',(11.5892496869723,-135.500001959503,2.35437661275588));
#7157=CARTESIAN_POINT('Ctrl Pts',(11.6887331492455,-136.000001959503,2.4767454941428));
#7158=CARTESIAN_POINT('Ctrl Pts',(11.6887331492455,-135.500001959503,2.4767454941428));
#7159=CARTESIAN_POINT('Ctrl Pts',(11.7967699337255,-136.000001959503,2.5916229940184));
#7160=CARTESIAN_POINT('Ctrl Pts',(11.7967699337255,-135.500001959503,2.5916229940184));
#7161=CARTESIAN_POINT('Ctrl Pts',(11.8478856515139,-136.000001959503,2.64597527682781));
#7162=CARTESIAN_POINT('Ctrl Pts',(11.8478856515139,-135.500001959503,2.64597527682781));
#7163=CARTESIAN_POINT('',(11.5368350874633,-136.000001959503,2.28990443050861));
#7164=CARTESIAN_POINT('Ctrl Pts',(11.5368350874633,-136.000001959503,2.28990443050861));
#7165=CARTESIAN_POINT('Ctrl Pts',(11.5892496869723,-136.000001959503,2.35437661275588));
#7166=CARTESIAN_POINT('Ctrl Pts',(11.6887331492455,-136.000001959503,2.4767454941428));
#7167=CARTESIAN_POINT('Ctrl Pts',(11.7967699337255,-136.000001959503,2.5916229940184));
#7168=CARTESIAN_POINT('Ctrl Pts',(11.8478856515139,-136.000001959503,2.64597527682781));
#7169=CARTESIAN_POINT('',(11.5368350874633,-135.500001959503,2.28990443050861));
#7170=CARTESIAN_POINT('',(11.5368350874633,-136.000001959503,2.28990443050861));
#7171=CARTESIAN_POINT('Ctrl Pts',(11.5368350874633,-135.500001959503,2.28990443050861));
#7172=CARTESIAN_POINT('Ctrl Pts',(11.5892496869723,-135.500001959503,2.35437661275588));
#7173=CARTESIAN_POINT('Ctrl Pts',(11.6887331492455,-135.500001959503,2.4767454941428));
#7174=CARTESIAN_POINT('Ctrl Pts',(11.7967699337255,-135.500001959503,2.5916229940184));
#7175=CARTESIAN_POINT('Ctrl Pts',(11.8478856515139,-135.500001959503,2.64597527682781));
#7176=CARTESIAN_POINT('Origin',(10.0000001490116,-136.000001959503,0.368349179625511));
#7177=CARTESIAN_POINT('',(10.0000001490116,-136.000001959503,0.368349179625511));
#7178=CARTESIAN_POINT('',(75.4497234541312,-136.000001959503,82.2022900532671));
#7179=CARTESIAN_POINT('',(10.0000001490116,-135.500001959503,0.368349179625511));
#7180=CARTESIAN_POINT('',(10.0000001490116,-136.000001959503,0.368349179625511));
#7181=CARTESIAN_POINT('',(10.0000001490116,-135.500001959503,0.368349179625511));
#7182=CARTESIAN_POINT('Origin',(10.0000001490116,-136.000001959503,-7.45058059692383E-8));
#7183=CARTESIAN_POINT('',(10.0000001490116,-136.000001959503,-7.45058059692383E-8));
#7184=CARTESIAN_POINT('',(10.0000001490116,-136.000001959503,-1.00000003725285));
#7185=CARTESIAN_POINT('',(10.0000001490116,-135.500001959503,-7.45058059692383E-8));
#7186=CARTESIAN_POINT('',(10.0000001490116,-136.000001959503,-7.45058059692383E-8));
#7187=CARTESIAN_POINT('',(10.0000001490116,-135.500001959503,-7.45058059692383E-8));
#7188=CARTESIAN_POINT('Origin',(12.3717601131648,-136.000001959503,-7.45058059692383E-8));
#7189=CARTESIAN_POINT('',(180.435882630758,-136.000001959503,-7.45058059692383E-8));
#7190=CARTESIAN_POINT('',(12.3717601131648,-135.500001959503,-7.45058059692383E-8));
#7191=CARTESIAN_POINT('Origin',(19.7060026740655,-135.500001959503,1.48158244788647));
#7192=CARTESIAN_POINT('Origin',(348.500005148351,-136.000001959503,-1.9999999999999));
#7193=CARTESIAN_POINT('Origin',(348.500005148351,-136.000001959503,-1.9999999999999));
#7194=CARTESIAN_POINT('Origin',(348.500005148351,-136.000001959503,-1.9999999999999));
#7195=CARTESIAN_POINT('Origin',(348.500005148351,-136.000001959503,-1.9999999999999));
#7196=CARTESIAN_POINT('Origin',(348.500005148351,-136.000001959503,-1.9999999999999));
#7197=CARTESIAN_POINT('Origin',(7.00000527501103,-8.00000208616257,-1.99999999999995));
#7198=CARTESIAN_POINT('',(6.00000527501103,-8.00000208616257,5.0000000000001));
#7199=CARTESIAN_POINT('',(7.00000527501103,-7.00000208616256,5.));
#7200=CARTESIAN_POINT('Origin',(7.00000527501103,-8.00000208616257,5.0000000000001));
#7201=CARTESIAN_POINT('',(7.00000527501103,-7.00000208616257,-3.99999999999999));
#7202=CARTESIAN_POINT('',(7.00000527501103,-7.00000208616257,-1.99999999999995));
#7203=CARTESIAN_POINT('',(6.00000527501103,-8.00000208616257,-3.99999999999999));
#7204=CARTESIAN_POINT('Origin',(7.00000527501103,-8.00000208616257,-3.9999999999999));
#7205=CARTESIAN_POINT('',(6.00000527501103,-8.00000208616257,-1.99999999999995));
#7206=CARTESIAN_POINT('Origin',(7.00000527501103,-7.00000208616257,-1.99999999999999));
#7207=CARTESIAN_POINT('',(326.500004865229,-7.00000208616256,5.));
#7208=CARTESIAN_POINT('',(348.500005148351,-7.00000208616256,5.));
#7209=CARTESIAN_POINT('',(326.500004865229,-7.00000208616257,1.50000010430813));
#7210=CARTESIAN_POINT('',(326.500004865229,-7.00000208616257,2.25000005215407));
#7211=CARTESIAN_POINT('',(327.000004865229,-7.00000208616257,1.0000001043081));
#7212=CARTESIAN_POINT('Origin',(327.000004865229,-7.00000208616257,1.50000010430807));
#7213=CARTESIAN_POINT('',(338.000005044043,-7.00000208616257,1.0000001043081));
#7214=CARTESIAN_POINT('',(167.00000507012,-7.00000208616257,1.00000010430767));
#7215=CARTESIAN_POINT('',(338.500005044043,-7.00000208616257,1.50000010430813));
#7216=CARTESIAN_POINT('Origin',(338.000005044043,-7.00000208616257,1.50000010430807));
#7217=CARTESIAN_POINT('',(338.500005044043,-7.00000208616256,5.));
#7218=CARTESIAN_POINT('',(338.500005044043,-7.00000208616257,-0.249999947845934));
#7219=CARTESIAN_POINT('',(350.000005148351,-7.00000208616256,5.));
#7220=CARTESIAN_POINT('',(348.500005148351,-7.00000208616256,5.));
#7221=CARTESIAN_POINT('',(350.000005148351,-7.00000208616257,-3.99999999999999));
#7222=CARTESIAN_POINT('',(350.000005148351,-7.00000208616257,-1.99999999999999));
#7223=CARTESIAN_POINT('',(349.500005148351,-7.00000208616257,-3.99999999999999));
#7224=CARTESIAN_POINT('Origin',(177.750005211681,-71.2500020228326,5.0000000000001));
#7225=CARTESIAN_POINT('',(6.00000527501103,-135.000001959503,5.0000000000001));
#7226=CARTESIAN_POINT('',(6.00000527501103,-134.500001959503,5.0000000000001));
#7227=CARTESIAN_POINT('',(7.00000527501103,-136.000001959503,5.0000000000001));
#7228=CARTESIAN_POINT('Origin',(7.00000527501103,-135.000001959503,5.0000000000001));
#7229=CARTESIAN_POINT('',(350.000005148351,-136.000001959503,5.0000000000001));
#7230=CARTESIAN_POINT('',(349.500005148351,-136.000001959503,5.0000000000001));
#7231=CARTESIAN_POINT('',(351.000005148351,-135.000001959503,5.));
#7232=CARTESIAN_POINT('Origin',(350.000005148351,-135.000001959503,5.0000000000001));
#7233=CARTESIAN_POINT('',(351.000005148351,-8.00000208616257,5.));
#7234=CARTESIAN_POINT('',(351.000005148351,-8.00000208616256,5.));
#7235=CARTESIAN_POINT('Origin',(350.000005148351,-8.00000208616257,5.0000000000001));
#7236=CARTESIAN_POINT('',(338.500005044043,-11.5000020861626,5.0000000000001));
#7237=CARTESIAN_POINT('',(338.500005044043,-39.1250020544976,5.0000000000001));
#7238=CARTESIAN_POINT('',(345.500005148351,-11.5000001713633,5.00000000000001));
#7239=CARTESIAN_POINT('',(94.6250026915222,-11.5000001713633,5.0000000000001));
#7240=CARTESIAN_POINT('',(345.500005148351,-131.500001959503,5.0000000000001));
#7241=CARTESIAN_POINT('',(345.500005148351,-41.375001097098,5.0000000000001));
#7242=CARTESIAN_POINT('',(11.5000001713634,-131.500001959503,5.0000000000001));
#7243=CARTESIAN_POINT('',(261.625005180016,-131.500001959503,5.0000000000001));
#7244=CARTESIAN_POINT('',(11.5000001713634,-11.5000001713633,5.00000000000001));
#7245=CARTESIAN_POINT('',(11.5000001713634,-101.375001991168,5.0000000000001));
#7246=CARTESIAN_POINT('',(326.500004865229,-11.5000020861626,5.0000000000001));
#7247=CARTESIAN_POINT('',(94.6250026915222,-11.5000001713633,5.0000000000001));
#7248=CARTESIAN_POINT('',(326.500004865229,-39.1250020544976,5.0000000000001));
#7249=CARTESIAN_POINT('',(11.2500001341105,-10.0000001490116,5.0000000000001));
#7250=CARTESIAN_POINT('Origin',(9.00000013411045,-10.0000001490116,5.0000000000001));
#7251=CARTESIAN_POINT('',(350.250005185604,-133.000001981854,5.0000000000001));
#7252=CARTESIAN_POINT('Origin',(348.000005185604,-133.000001981854,5.0000000000001));
#7253=CARTESIAN_POINT('',(350.250005185604,-10.0000001490116,5.0000000000001));
#7254=CARTESIAN_POINT('Origin',(348.000005185604,-10.0000001490116,5.0000000000001));
#7255=CARTESIAN_POINT('',(11.2500001341105,-133.000001981854,5.0000000000001));
#7256=CARTESIAN_POINT('Origin',(9.00000013411045,-133.000001981854,5.0000000000001));
#7257=CARTESIAN_POINT('Origin',(350.000005148351,-8.00000208616257,-1.99999999999999));
#7258=CARTESIAN_POINT('',(351.000005148351,-8.00000208616257,-3.9999999999999));
#7259=CARTESIAN_POINT('',(351.000005148351,-8.00000208616257,-1.99999999999999));
#7260=CARTESIAN_POINT('Origin',(350.000005148351,-8.00000208616257,-3.9999999999999));
#7261=CARTESIAN_POINT('Origin',(351.000005148351,-8.00000208616257,-1.99999999999999));
#7262=CARTESIAN_POINT('',(351.000005148351,-135.000001959503,-3.9999999999999));
#7263=CARTESIAN_POINT('',(351.000005148351,-135.000001959503,-1.99999999999995));
#7264=CARTESIAN_POINT('',(351.000005148351,-134.500001959503,-3.9999999999999));
#7265=CARTESIAN_POINT('Origin',(7.00000527501103,-135.000001959503,-1.9999999999999));
#7266=CARTESIAN_POINT('',(6.00000527501103,-135.000001959503,-3.99999999999999));
#7267=CARTESIAN_POINT('',(7.00000527501103,-136.000001959503,-3.9999999999999));
#7268=CARTESIAN_POINT('Origin',(7.00000527501103,-135.000001959503,-3.9999999999999));
#7269=CARTESIAN_POINT('',(7.00000527501103,-136.000001959503,-1.9999999999999));
#7270=CARTESIAN_POINT('',(6.00000527501103,-135.000001959503,-1.9999999999999));
#7271=CARTESIAN_POINT('Origin',(348.500005148351,-136.000001959503,-1.9999999999999));
#7272=CARTESIAN_POINT('',(350.000005148351,-136.000001959503,-3.9999999999999));
#7273=CARTESIAN_POINT('',(348.500005148351,-136.000001959503,-3.9999999999999));
#7274=CARTESIAN_POINT('',(350.000005148351,-136.000001959503,-1.99999999999995));
#7275=CARTESIAN_POINT('Origin',(350.000005148351,-135.000001959503,-1.99999999999995));
#7276=CARTESIAN_POINT('Origin',(350.000005148351,-135.000001959503,-3.9999999999999));
#7277=CARTESIAN_POINT('Origin',(326.500004865229,-7.00000208616257,6.50000010430813));
#7278=CARTESIAN_POINT('',(326.500004865229,-11.5000020861626,1.50000010430813));
#7279=CARTESIAN_POINT('',(326.500004865229,-11.5000001713633,2.25000005215407));
#7280=CARTESIAN_POINT('',(326.500004865229,-7.00000208616257,1.50000010430813));
#7281=CARTESIAN_POINT('Origin',(338.500005044043,-7.00000208616257,1.50000010430813));
#7282=CARTESIAN_POINT('',(338.500005044043,-11.5000020861626,1.50000010430813));
#7283=CARTESIAN_POINT('',(338.500005044043,-7.00000208616257,1.50000010430813));
#7284=CARTESIAN_POINT('',(338.500005044043,-11.5000001713634,-0.24999994784593));
#7285=CARTESIAN_POINT('Origin',(338.000005044043,-7.00000208616257,1.50000010430807));
#7286=CARTESIAN_POINT('',(338.000005044043,-11.5000020861626,1.0000001043081));
#7287=CARTESIAN_POINT('',(338.000005044043,-7.00000208616257,1.0000001043081));
#7288=CARTESIAN_POINT('Origin',(338.000005044043,-11.5000001713634,1.50000010430807));
#7289=CARTESIAN_POINT('Origin',(327.000004865229,-7.00000208616257,1.0000001043081));
#7290=CARTESIAN_POINT('',(327.000004865229,-11.5000020861626,1.0000001043081));
#7291=CARTESIAN_POINT('',(327.000004865229,-7.00000208616257,1.0000001043081));
#7292=CARTESIAN_POINT('',(169.250002518296,-11.5000001713634,1.00000010430767));
#7293=CARTESIAN_POINT('Origin',(327.000004865229,-7.00000208616257,1.50000010430807));
#7294=CARTESIAN_POINT('Origin',(327.000004865229,-11.5000001713634,1.50000010430807));
#7295=CARTESIAN_POINT('Origin',(9.00000013411045,-133.000001981854,6.5));
#7296=CARTESIAN_POINT('',(11.2500001341105,-133.000001981854,1.9));
#7297=CARTESIAN_POINT('',(11.2500001341105,-133.000001981854,6.5));
#7298=CARTESIAN_POINT('Origin',(9.00000013411045,-133.000001981854,1.9));
#7299=CARTESIAN_POINT('Origin',(9.00000013411045,-133.000001981854,1.9));
#7300=CARTESIAN_POINT('',(10.5000001564622,-133.000001981854,1.9));
#7301=CARTESIAN_POINT('Origin',(9.00000013411045,-133.000001981854,1.9));
#7302=CARTESIAN_POINT('Origin',(348.000005185604,-10.0000001490116,6.5));
#7303=CARTESIAN_POINT('',(350.250005185604,-10.0000001490116,1.9));
#7304=CARTESIAN_POINT('',(350.250005185604,-10.0000001490116,6.5));
#7305=CARTESIAN_POINT('Origin',(348.000005185604,-10.0000001490116,1.9));
#7306=CARTESIAN_POINT('Origin',(348.000005185604,-10.0000001490116,1.9));
#7307=CARTESIAN_POINT('',(349.500005207956,-10.0000001490116,1.9));
#7308=CARTESIAN_POINT('Origin',(348.000005185604,-10.0000001490116,1.9));
#7309=CARTESIAN_POINT('Origin',(348.000005185604,-133.000001981854,6.5));
#7310=CARTESIAN_POINT('',(350.250005185604,-133.000001981854,1.9));
#7311=CARTESIAN_POINT('',(350.250005185604,-133.000001981854,6.5));
#7312=CARTESIAN_POINT('Origin',(348.000005185604,-133.000001981854,1.9));
#7313=CARTESIAN_POINT('Origin',(348.000005185604,-133.000001981854,1.9));
#7314=CARTESIAN_POINT('',(349.500005207956,-133.000001981854,1.9));
#7315=CARTESIAN_POINT('Origin',(348.000005185604,-133.000001981854,1.9));
#7316=CARTESIAN_POINT('Origin',(9.00000013411045,-10.0000001490116,6.5));
#7317=CARTESIAN_POINT('',(11.2500001341105,-10.0000001490116,1.9));
#7318=CARTESIAN_POINT('',(11.2500001341105,-10.0000001490116,6.5));
#7319=CARTESIAN_POINT('Origin',(9.00000013411045,-10.0000001490116,1.9));
#7320=CARTESIAN_POINT('Origin',(9.00000013411045,-10.0000001490116,1.9));
#7321=CARTESIAN_POINT('',(10.4999997653068,-10.0000001490116,1.9));
#7322=CARTESIAN_POINT('Origin',(9.00000013411045,-10.0000001490116,1.9));
#7323=CARTESIAN_POINT('Origin',(348.000005185604,-133.000001981854,6.5));
#7324=CARTESIAN_POINT('',(349.500005207956,-133.000001981854,-1.5));
#7325=CARTESIAN_POINT('',(349.500005207956,-133.000001981854,6.5));
#7326=CARTESIAN_POINT('Origin',(348.000005185604,-133.000001981854,-1.5));
#7327=CARTESIAN_POINT('Origin',(348.000005185604,-133.000001981854,-1.5));
#7328=CARTESIAN_POINT('Origin',(9.00000013411045,-133.000001981854,6.5));
#7329=CARTESIAN_POINT('',(10.5000001564622,-133.000001981854,-1.5));
#7330=CARTESIAN_POINT('',(10.5000001564622,-133.000001981854,6.5));
#7331=CARTESIAN_POINT('Origin',(9.00000013411045,-133.000001981854,-1.5));
#7332=CARTESIAN_POINT('Origin',(9.00000013411045,-133.000001981854,-1.5));
#7333=CARTESIAN_POINT('Origin',(348.000005185604,-10.0000001490116,6.5));
#7334=CARTESIAN_POINT('',(349.500005207956,-10.0000001490116,-1.5));
#7335=CARTESIAN_POINT('',(349.500005207956,-10.0000001490116,6.5));
#7336=CARTESIAN_POINT('Origin',(348.000005185604,-10.0000001490116,-1.5));
#7337=CARTESIAN_POINT('Origin',(348.000005185604,-10.0000001490116,-1.5));
#7338=CARTESIAN_POINT('Origin',(9.00000013411045,-10.0000001490116,6.5));
#7339=CARTESIAN_POINT('',(10.4999997653068,-10.0000001490116,-1.5));
#7340=CARTESIAN_POINT('',(10.4999997653068,-10.0000001490116,6.5));
#7341=CARTESIAN_POINT('Origin',(9.00000013411045,-10.0000001490116,-1.5));
#7342=CARTESIAN_POINT('Origin',(9.00000013411045,-10.0000001490116,-1.5));
#7343=CARTESIAN_POINT('Origin',(6.00000527501103,-134.500001959503,-1.9999999999999));
#7344=CARTESIAN_POINT('',(6.00000527501103,-8.00000208616257,-3.99999999999999));
#7345=CARTESIAN_POINT('Origin',(11.5000001713634,-131.500001959503,-1.9999999999999));
#7346=CARTESIAN_POINT('',(11.5000001713634,-131.500001959503,-1.9999999999999));
#7347=CARTESIAN_POINT('',(11.5000001713634,-131.500001959503,4.5000000000001));
#7348=CARTESIAN_POINT('',(11.5000001713634,-11.5000001713634,-1.99999999999999));
#7349=CARTESIAN_POINT('',(11.5000001713634,-101.375001991168,-1.99999999999993));
#7350=CARTESIAN_POINT('',(11.5000001713634,-11.5000001713633,4.50000000000001));
#7351=CARTESIAN_POINT('Origin',(345.500005148351,-131.500001959503,-1.9999999999999));
#7352=CARTESIAN_POINT('',(345.500005148351,-131.500001959503,-1.9999999999999));
#7353=CARTESIAN_POINT('',(345.500005148351,-131.500001959503,-1.9999999999999));
#7354=CARTESIAN_POINT('',(261.625005180016,-131.500001959503,-1.9999999999999));
#7355=CARTESIAN_POINT('Origin',(345.500005148351,-11.5000001713634,-1.99999999999999));
#7356=CARTESIAN_POINT('',(345.500005148351,-11.5000001713634,-1.99999999999999));
#7357=CARTESIAN_POINT('',(345.500005148351,-11.5000001713634,-1.99999999999999));
#7358=CARTESIAN_POINT('',(345.500005148351,-41.375001097098,-1.99999999999997));
#7359=CARTESIAN_POINT('Origin',(11.5000001713634,-11.5000001713634,-1.99999999999999));
#7360=CARTESIAN_POINT('',(94.6250026915222,-11.5000001713634,-1.99999999999999));
#7361=CARTESIAN_POINT('Origin',(177.750005211681,-71.2500020228326,-1.99999999999995));
#7362=CARTESIAN_POINT('Origin',(177.750005211681,-71.2500020228326,-3.9999999999999));
#7363=CARTESIAN_POINT('',(0.,0.,0.));
#7364=UNCERTAINTY_MEASURE_WITH_UNIT(LENGTH_MEASURE(0.01),#7370,
'DISTANCE_ACCURACY_VALUE',
'Maximum model space distance between geometric entities at asserted c
onnectivities');
#7365=UNCERTAINTY_MEASURE_WITH_UNIT(LENGTH_MEASURE(0.01),#7370,
'DISTANCE_ACCURACY_VALUE',
'Maximum model space distance between geometric entities at asserted c
onnectivities');
#7366=UNCERTAINTY_MEASURE_WITH_UNIT(LENGTH_MEASURE(0.01),#7370,
'DISTANCE_ACCURACY_VALUE',
'Maximum model space distance between geometric entities at asserted c
onnectivities');
#7367=(
GEOMETRIC_REPRESENTATION_CONTEXT(3)
GLOBAL_UNCERTAINTY_ASSIGNED_CONTEXT((#7364))
GLOBAL_UNIT_ASSIGNED_CONTEXT((#7370,#7372,#7373))
REPRESENTATION_CONTEXT('','3D')
);
#7368=(
GEOMETRIC_REPRESENTATION_CONTEXT(3)
GLOBAL_UNCERTAINTY_ASSIGNED_CONTEXT((#7365))
GLOBAL_UNIT_ASSIGNED_CONTEXT((#7370,#7372,#7373))
REPRESENTATION_CONTEXT('','3D')
);
#7369=(
GEOMETRIC_REPRESENTATION_CONTEXT(3)
GLOBAL_UNCERTAINTY_ASSIGNED_CONTEXT((#7366))
GLOBAL_UNIT_ASSIGNED_CONTEXT((#7370,#7372,#7373))
REPRESENTATION_CONTEXT('','3D')
);
#7370=(
LENGTH_UNIT()
NAMED_UNIT(*)
SI_UNIT(.MILLI.,.METRE.)
);
#7371=(
LENGTH_UNIT()
NAMED_UNIT(*)
SI_UNIT($,.METRE.)
);
#7372=(
NAMED_UNIT(*)
PLANE_ANGLE_UNIT()
SI_UNIT($,.RADIAN.)
);
#7373=(
NAMED_UNIT(*)
SI_UNIT($,.STERADIAN.)
SOLID_ANGLE_UNIT()
);
#7374=SHAPE_DEFINITION_REPRESENTATION(#7376,#7379);
#7375=SHAPE_DEFINITION_REPRESENTATION(#7377,#7380);
#7376=PRODUCT_DEFINITION_SHAPE('',$,#7382);
#7377=PRODUCT_DEFINITION_SHAPE('',$,#7383);
#7378=PRODUCT_DEFINITION_SHAPE($,$,#14);
#7379=SHAPE_REPRESENTATION('',(#3756,#3887),#7367);
#7380=SHAPE_REPRESENTATION('',(#3757),#7368);
#7381=PRODUCT_DEFINITION_CONTEXT('part definition',#7389,'design');
#7382=PRODUCT_DEFINITION('ZBoard-V1-PCB 1','ZBoard-V1 v41',#7384,#7381);
#7383=PRODUCT_DEFINITION('2026-03-23-20-33-15-679','Body (1)',#7385,#7381);
#7384=PRODUCT_DEFINITION_FORMATION('',$,#7391);
#7385=PRODUCT_DEFINITION_FORMATION('',$,#7392);
#7386=PRODUCT_RELATED_PRODUCT_CATEGORY('ZBoard-V1 v41','ZBoard-V1 v41',
(#7391));
#7387=PRODUCT_RELATED_PRODUCT_CATEGORY('Body (1)','Body (1)',(#7392));
#7388=APPLICATION_PROTOCOL_DEFINITION('international standard',
'automotive_design',2009,#7389);
#7389=APPLICATION_CONTEXT(
'Core Data for Automotive Mechanical Design Process');
#7390=PRODUCT_CONTEXT('part definition',#7389,'mechanical');
#7391=PRODUCT('ZBoard-V1-PCB 1','ZBoard-V1 v41',
'KiCad electronic assembly',(#7390));
#7392=PRODUCT('2026-03-23-20-33-15-679','Body (1)',$,(#7390));
#7393=PRESENTATION_STYLE_ASSIGNMENT((#7395));
#7394=PRESENTATION_STYLE_ASSIGNMENT((#7396));
#7395=SURFACE_STYLE_USAGE(.BOTH.,#7397);
#7396=SURFACE_STYLE_USAGE(.BOTH.,#7398);
#7397=SURFACE_SIDE_STYLE('',(#7399));
#7398=SURFACE_SIDE_STYLE('',(#7400));
#7399=SURFACE_STYLE_FILL_AREA(#7401);
#7400=SURFACE_STYLE_FILL_AREA(#7402);
#7401=FILL_AREA_STYLE('Steel - Satin',(#7403));
#7402=FILL_AREA_STYLE('Steel - Satin',(#7404));
#7403=FILL_AREA_STYLE_COLOUR('Steel - Satin',#7405);
#7404=FILL_AREA_STYLE_COLOUR('Steel - Satin',#7406);
#7405=COLOUR_RGB('Steel - Satin',0.627450980392157,0.627450980392157,0.627450980392157);
#7406=COLOUR_RGB('Steel - Satin',0.466666666666667,0.466666666666667,0.466666666666667);
ENDSEC;
END-ISO-10303-21;
