ISO-10303-21;
HEADER;
/* Generated by software containing ST-Developer
 * from STEP Tools, Inc. (www.steptools.com) 
 */

FILE_DESCRIPTION(
/* description */ ('KiCad electronic assembly'),
/* implementation_level */ '2;1');

FILE_NAME(
/* name */ 'edede068-edec-4991-8be2-02732007b9a4.stp',
/* time_stamp */ '2026-06-07T05:20:59Z',
/* author */ (''),
/* organization */ (''),
/* preprocessor_version */ 'ST-DEVELOPER v20.1',
/* originating_system */ 'Autodesk Translation Framework v15.8.0.0',
/* authorisation */ '');

FILE_SCHEMA (('AUTOMOTIVE_DESIGN { 1 0 10303 214 3 1 1 }'));
ENDSEC;

DATA;
#10=MECHANICAL_DESIGN_GEOMETRIC_PRESENTATION_REPRESENTATION('',(#17),#9087);
#11=ITEM_DEFINED_TRANSFORMATION($,$,#4847,#5034);
#12=(
REPRESENTATION_RELATIONSHIP($,$,#9098,#9097)
REPRESENTATION_RELATIONSHIP_WITH_TRANSFORMATION(#11)
SHAPE_REPRESENTATION_RELATIONSHIP()
);
#13=CONTEXT_DEPENDENT_SHAPE_REPRESENTATION(#12,#9096);
#14=NEXT_ASSEMBLY_USAGE_OCCURRENCE('Body (1):1','Body (1):1',
'Body (1):1',#9100,#9101,'Body (1):1');
#15=SHAPE_REPRESENTATION_RELATIONSHIP('SRR','None',#9098,#16);
#16=ADVANCED_BREP_SHAPE_REPRESENTATION('',(#18),#9086);
#17=STYLED_ITEM('',(#9112),#18);
#18=MANIFOLD_SOLID_BREP('Body',#4833);
#19=CIRCLE('',#4972,1.);
#20=CIRCLE('',#4973,1.);
#21=CIRCLE('',#4975,0.499999999999972);
#22=CIRCLE('',#4976,0.499999999999972);
#23=CIRCLE('',#4978,1.);
#24=CIRCLE('',#4979,1.);
#25=CIRCLE('',#4980,1.);
#26=CIRCLE('',#4981,2.25);
#27=CIRCLE('',#4982,2.25000000000001);
#28=CIRCLE('',#4983,2.25000000000001);
#29=CIRCLE('',#4984,2.25);
#30=CIRCLE('',#4986,1.);
#31=CIRCLE('',#4989,1.);
#32=CIRCLE('',#4992,1.);
#33=CIRCLE('',#4996,0.499999999999972);
#34=CIRCLE('',#4999,0.499999999999972);
#35=CIRCLE('',#5001,2.25);
#36=CIRCLE('',#5003,1.50000002235174);
#37=CIRCLE('',#5005,2.25000000000001);
#38=CIRCLE('',#5007,1.50000002235174);
#39=CIRCLE('',#5009,2.25000000000001);
#40=CIRCLE('',#5011,1.50000002235174);
#41=CIRCLE('',#5013,2.25);
#42=CIRCLE('',#5015,1.49999963119631);
#43=CIRCLE('',#5017,1.50000002235174);
#44=CIRCLE('',#5020,1.50000002235174);
#45=CIRCLE('',#5023,1.50000002235174);
#46=CIRCLE('',#5026,1.49999963119631);
#47=CYLINDRICAL_SURFACE('',#4971,1.);
#48=CYLINDRICAL_SURFACE('',#4985,1.);
#49=CYLINDRICAL_SURFACE('',#4988,1.);
#50=CYLINDRICAL_SURFACE('',#4991,1.);
#51=CYLINDRICAL_SURFACE('',#4995,0.499999999999972);
#52=CYLINDRICAL_SURFACE('',#4998,0.499999999999972);
#53=CYLINDRICAL_SURFACE('',#5000,2.25);
#54=CYLINDRICAL_SURFACE('',#5004,2.25000000000001);
#55=CYLINDRICAL_SURFACE('',#5008,2.25000000000001);
#56=CYLINDRICAL_SURFACE('',#5012,2.25);
#57=CYLINDRICAL_SURFACE('',#5016,1.50000002235174);
#58=CYLINDRICAL_SURFACE('',#5019,1.50000002235174);
#59=CYLINDRICAL_SURFACE('',#5022,1.50000002235174);
#60=CYLINDRICAL_SURFACE('',#5025,1.49999963119631);
#61=FACE_BOUND('',#756,.T.);
#62=FACE_BOUND('',#757,.T.);
#63=FACE_BOUND('',#796,.T.);
#64=FACE_BOUND('',#849,.T.);
#65=FACE_BOUND('',#878,.T.);
#66=FACE_BOUND('',#900,.T.);
#67=FACE_BOUND('',#901,.T.);
#68=FACE_BOUND('',#902,.T.);
#69=FACE_BOUND('',#903,.T.);
#70=FACE_BOUND('',#906,.T.);
#71=FACE_BOUND('',#909,.T.);
#72=FACE_BOUND('',#910,.T.);
#73=FACE_BOUND('',#911,.T.);
#74=FACE_BOUND('',#912,.T.);
#75=FACE_BOUND('',#913,.T.);
#76=FACE_BOUND('',#914,.T.);
#77=FACE_BOUND('',#915,.T.);
#78=FACE_BOUND('',#916,.T.);
#79=FACE_BOUND('',#917,.T.);
#80=FACE_BOUND('',#918,.T.);
#81=FACE_BOUND('',#927,.T.);
#82=FACE_BOUND('',#930,.T.);
#83=FACE_BOUND('',#933,.T.);
#84=FACE_BOUND('',#936,.T.);
#85=FACE_BOUND('',#946,.T.);
#86=B_SPLINE_CURVE_WITH_KNOTS('',3,(#6209,#6210,#6211,#6212,#6213),
 .UNSPECIFIED.,.F.,.F.,(4,1,4),(0.,0.0183446981711697,0.0459406649610005),
 .UNSPECIFIED.);
#87=B_SPLINE_CURVE_WITH_KNOTS('',3,(#6216,#6217,#6218,#6219,#6220),
 .UNSPECIFIED.,.F.,.F.,(4,1,4),(0.,0.0183446981711697,0.0459406649610005),
 .UNSPECIFIED.);
#88=B_SPLINE_CURVE_WITH_KNOTS('',3,(#6232,#6233,#6234,#6235,#6236),
 .UNSPECIFIED.,.F.,.F.,(4,1,4),(0.,0.0129671062867847,0.0261456359355277),
 .UNSPECIFIED.);
#89=B_SPLINE_CURVE_WITH_KNOTS('',3,(#6239,#6240,#6241,#6242,#6243),
 .UNSPECIFIED.,.F.,.F.,(4,1,4),(0.,0.0129671062867847,0.0261456359355277),
 .UNSPECIFIED.);
#90=B_SPLINE_CURVE_WITH_KNOTS('',3,(#6255,#6256,#6257,#6258,#6259),
 .UNSPECIFIED.,.F.,.F.,(4,1,4),(0.,0.0141316448704011,0.0274399428904371),
 .UNSPECIFIED.);
#91=B_SPLINE_CURVE_WITH_KNOTS('',3,(#6262,#6263,#6264,#6265,#6266),
 .UNSPECIFIED.,.F.,.F.,(4,1,4),(0.,0.0141316448704011,0.0274399428904371),
 .UNSPECIFIED.);
#92=B_SPLINE_CURVE_WITH_KNOTS('',3,(#6278,#6279,#6280,#6281,#6282),
 .UNSPECIFIED.,.F.,.F.,(4,1,4),(0.,0.0131327748886072,0.0276901897769602),
 .UNSPECIFIED.);
#93=B_SPLINE_CURVE_WITH_KNOTS('',3,(#6285,#6286,#6287,#6288,#6289),
 .UNSPECIFIED.,.F.,.F.,(4,1,4),(0.,0.0131327748886072,0.0276901897769602),
 .UNSPECIFIED.);
#94=B_SPLINE_CURVE_WITH_KNOTS('',3,(#6301,#6302,#6303,#6304,#6305),
 .UNSPECIFIED.,.F.,.F.,(4,1,4),(0.,0.0145395723539382,0.0275677405024155),
 .UNSPECIFIED.);
#95=B_SPLINE_CURVE_WITH_KNOTS('',3,(#6308,#6309,#6310,#6311,#6312),
 .UNSPECIFIED.,.F.,.F.,(4,1,4),(0.,0.0145395723539382,0.0275677405024155),
 .UNSPECIFIED.);
#96=B_SPLINE_CURVE_WITH_KNOTS('',3,(#6324,#6325,#6326,#6327,#6328),
 .UNSPECIFIED.,.F.,.F.,(4,1,4),(0.,0.0226804233694319,0.0380972009139052),
 .UNSPECIFIED.);
#97=B_SPLINE_CURVE_WITH_KNOTS('',3,(#6331,#6332,#6333,#6334,#6335),
 .UNSPECIFIED.,.F.,.F.,(4,1,4),(0.,0.0226804233694319,0.0380972009139052),
 .UNSPECIFIED.);
#98=B_SPLINE_CURVE_WITH_KNOTS('',3,(#6365,#6366,#6367,#6368,#6369),
 .UNSPECIFIED.,.F.,.F.,(4,1,4),(0.,0.0189130895732998,0.0442182785297395),
 .UNSPECIFIED.);
#99=B_SPLINE_CURVE_WITH_KNOTS('',3,(#6372,#6373,#6374,#6375,#6376),
 .UNSPECIFIED.,.F.,.F.,(4,1,4),(0.,0.0189130895732998,0.0442182785297395),
 .UNSPECIFIED.);
#100=B_SPLINE_CURVE_WITH_KNOTS('',3,(#6388,#6389,#6390,#6391,#6392),
 .UNSPECIFIED.,.F.,.F.,(4,1,4),(0.,0.0147611272681771,0.0300216287512666),
 .UNSPECIFIED.);
#101=B_SPLINE_CURVE_WITH_KNOTS('',3,(#6395,#6396,#6397,#6398,#6399),
 .UNSPECIFIED.,.F.,.F.,(4,1,4),(0.,0.0147611272681771,0.0300216287512666),
 .UNSPECIFIED.);
#102=B_SPLINE_CURVE_WITH_KNOTS('',3,(#6411,#6412,#6413,#6414,#6415),
 .UNSPECIFIED.,.F.,.F.,(4,1,4),(0.,0.0158016061321996,0.0306748995081069),
 .UNSPECIFIED.);
#103=B_SPLINE_CURVE_WITH_KNOTS('',3,(#6418,#6419,#6420,#6421,#6422),
 .UNSPECIFIED.,.F.,.F.,(4,1,4),(0.,0.0158016061321996,0.0306748995081069),
 .UNSPECIFIED.);
#104=B_SPLINE_CURVE_WITH_KNOTS('',3,(#6434,#6435,#6436,#6437,#6438),
 .UNSPECIFIED.,.F.,.F.,(4,1,4),(0.,0.0126761143872517,0.0262635004280686),
 .UNSPECIFIED.);
#105=B_SPLINE_CURVE_WITH_KNOTS('',3,(#6441,#6442,#6443,#6444,#6445),
 .UNSPECIFIED.,.F.,.F.,(4,1,4),(0.,0.0126761143872517,0.0262635004280686),
 .UNSPECIFIED.);
#106=B_SPLINE_CURVE_WITH_KNOTS('',3,(#6457,#6458,#6459,#6460,#6461),
 .UNSPECIFIED.,.F.,.F.,(4,1,4),(0.,0.0109324819854704,0.0226426775158287),
 .UNSPECIFIED.);
#107=B_SPLINE_CURVE_WITH_KNOTS('',3,(#6464,#6465,#6466,#6467,#6468),
 .UNSPECIFIED.,.F.,.F.,(4,1,4),(0.,0.0109324819854704,0.0226426775158287),
 .UNSPECIFIED.);
#108=B_SPLINE_CURVE_WITH_KNOTS('',3,(#6480,#6481,#6482,#6483,#6484),
 .UNSPECIFIED.,.F.,.F.,(4,1,4),(0.,0.0130042197853813,0.0244461595905065),
 .UNSPECIFIED.);
#109=B_SPLINE_CURVE_WITH_KNOTS('',3,(#6487,#6488,#6489,#6490,#6491),
 .UNSPECIFIED.,.F.,.F.,(4,1,4),(0.,0.0130042197853813,0.0244461595905065),
 .UNSPECIFIED.);
#110=B_SPLINE_CURVE_WITH_KNOTS('',3,(#6503,#6504,#6505,#6506,#6507),
 .UNSPECIFIED.,.F.,.F.,(4,1,4),(0.,0.0163749875039833,0.0270702737929475),
 .UNSPECIFIED.);
#111=B_SPLINE_CURVE_WITH_KNOTS('',3,(#6510,#6511,#6512,#6513,#6514),
 .UNSPECIFIED.,.F.,.F.,(4,1,4),(0.,0.0163749875039833,0.0270702737929475),
 .UNSPECIFIED.);
#112=B_SPLINE_CURVE_WITH_KNOTS('',3,(#6536,#6537,#6538,#6539,#6540),
 .UNSPECIFIED.,.F.,.F.,(4,1,4),(0.,0.0222039703434017,0.0486308696239003),
 .UNSPECIFIED.);
#113=B_SPLINE_CURVE_WITH_KNOTS('',3,(#6544,#6545,#6546,#6547,#6548),
 .UNSPECIFIED.,.F.,.F.,(4,1,4),(0.,0.0222039703434017,0.0486308696239003),
 .UNSPECIFIED.);
#114=B_SPLINE_CURVE_WITH_KNOTS('',3,(#6561,#6562,#6563,#6564,#6565),
 .UNSPECIFIED.,.F.,.F.,(4,1,4),(0.,0.0171275470720941,0.0363484478308448),
 .UNSPECIFIED.);
#115=B_SPLINE_CURVE_WITH_KNOTS('',3,(#6568,#6569,#6570,#6571,#6572),
 .UNSPECIFIED.,.F.,.F.,(4,1,4),(0.,0.0171275470720941,0.0363484478308448),
 .UNSPECIFIED.);
#116=B_SPLINE_CURVE_WITH_KNOTS('',3,(#6584,#6585,#6586,#6587,#6588),
 .UNSPECIFIED.,.F.,.F.,(4,1,4),(0.,0.0187688743213663,0.035663112521195),
 .UNSPECIFIED.);
#117=B_SPLINE_CURVE_WITH_KNOTS('',3,(#6591,#6592,#6593,#6594,#6595),
 .UNSPECIFIED.,.F.,.F.,(4,1,4),(0.,0.0187688743213663,0.035663112521195),
 .UNSPECIFIED.);
#118=B_SPLINE_CURVE_WITH_KNOTS('',3,(#6607,#6608,#6609,#6610,#6611),
 .UNSPECIFIED.,.F.,.F.,(4,1,4),(0.,0.0204855641654531,0.0405831674778777),
 .UNSPECIFIED.);
#119=B_SPLINE_CURVE_WITH_KNOTS('',3,(#6614,#6615,#6616,#6617,#6618),
 .UNSPECIFIED.,.F.,.F.,(4,1,4),(0.,0.0204855641654531,0.0405831674778777),
 .UNSPECIFIED.);
#120=B_SPLINE_CURVE_WITH_KNOTS('',3,(#6630,#6631,#6632,#6633,#6634),
 .UNSPECIFIED.,.F.,.F.,(4,1,4),(0.,0.0237082923135805,0.0484384520804254),
 .UNSPECIFIED.);
#121=B_SPLINE_CURVE_WITH_KNOTS('',3,(#6637,#6638,#6639,#6640,#6641),
 .UNSPECIFIED.,.F.,.F.,(4,1,4),(0.,0.0237082923135805,0.0484384520804254),
 .UNSPECIFIED.);
#122=B_SPLINE_CURVE_WITH_KNOTS('',3,(#6653,#6654,#6655,#6656,#6657),
 .UNSPECIFIED.,.F.,.F.,(4,1,4),(0.,0.0263569385965251,0.0505028157008104),
 .UNSPECIFIED.);
#123=B_SPLINE_CURVE_WITH_KNOTS('',3,(#6660,#6661,#6662,#6663,#6664),
 .UNSPECIFIED.,.F.,.F.,(4,1,4),(0.,0.0263569385965251,0.0505028157008104),
 .UNSPECIFIED.);
#124=B_SPLINE_CURVE_WITH_KNOTS('',3,(#6676,#6677,#6678,#6679,#6680),
 .UNSPECIFIED.,.F.,.F.,(4,1,4),(0.,0.0201763710960566,0.0421985619195243),
 .UNSPECIFIED.);
#125=B_SPLINE_CURVE_WITH_KNOTS('',3,(#6683,#6684,#6685,#6686,#6687),
 .UNSPECIFIED.,.F.,.F.,(4,1,4),(0.,0.0201763710960566,0.0421985619195243),
 .UNSPECIFIED.);
#126=B_SPLINE_CURVE_WITH_KNOTS('',3,(#6699,#6700,#6701,#6702,#6703),
 .UNSPECIFIED.,.F.,.F.,(4,1,4),(0.,0.0188546712089795,0.0380690384474269),
 .UNSPECIFIED.);
#127=B_SPLINE_CURVE_WITH_KNOTS('',3,(#6706,#6707,#6708,#6709,#6710),
 .UNSPECIFIED.,.F.,.F.,(4,1,4),(0.,0.0188546712089795,0.0380690384474269),
 .UNSPECIFIED.);
#128=B_SPLINE_CURVE_WITH_KNOTS('',3,(#6722,#6723,#6724,#6725,#6726),
 .UNSPECIFIED.,.F.,.F.,(4,1,4),(0.,0.0212423411639217,0.0416670761052186),
 .UNSPECIFIED.);
#129=B_SPLINE_CURVE_WITH_KNOTS('',3,(#6729,#6730,#6731,#6732,#6733),
 .UNSPECIFIED.,.F.,.F.,(4,1,4),(0.,0.0212423411639217,0.0416670761052186),
 .UNSPECIFIED.);
#130=B_SPLINE_CURVE_WITH_KNOTS('',3,(#6745,#6746,#6747,#6748,#6749),
 .UNSPECIFIED.,.F.,.F.,(4,1,4),(0.,0.0218490377189617,0.0434852689665109),
 .UNSPECIFIED.);
#131=B_SPLINE_CURVE_WITH_KNOTS('',3,(#6752,#6753,#6754,#6755,#6756),
 .UNSPECIFIED.,.F.,.F.,(4,1,4),(0.,0.0218490377189617,0.0434852689665109),
 .UNSPECIFIED.);
#132=B_SPLINE_CURVE_WITH_KNOTS('',3,(#6768,#6769,#6770,#6771,#6772),
 .UNSPECIFIED.,.F.,.F.,(4,1,4),(0.,0.0310370897062945,0.0561035108836177),
 .UNSPECIFIED.);
#133=B_SPLINE_CURVE_WITH_KNOTS('',3,(#6775,#6776,#6777,#6778,#6779),
 .UNSPECIFIED.,.F.,.F.,(4,1,4),(0.,0.0310370897062945,0.0561035108836177),
 .UNSPECIFIED.);
#134=B_SPLINE_CURVE_WITH_KNOTS('',3,(#6808,#6809,#6810,#6811,#6812),
 .UNSPECIFIED.,.F.,.F.,(4,1,4),(0.,0.0160785744106463,0.037514693598166),
 .UNSPECIFIED.);
#135=B_SPLINE_CURVE_WITH_KNOTS('',3,(#6816,#6817,#6818,#6819,#6820),
 .UNSPECIFIED.,.F.,.F.,(4,1,4),(0.,0.0160785744106463,0.037514693598166),
 .UNSPECIFIED.);
#136=B_SPLINE_CURVE_WITH_KNOTS('',3,(#6833,#6834,#6835,#6836,#6837),
 .UNSPECIFIED.,.F.,.F.,(4,1,4),(0.,0.0181634445478105,0.0357458301201578),
 .UNSPECIFIED.);
#137=B_SPLINE_CURVE_WITH_KNOTS('',3,(#6840,#6841,#6842,#6843,#6844),
 .UNSPECIFIED.,.F.,.F.,(4,1,4),(0.,0.0181634445478105,0.0357458301201578),
 .UNSPECIFIED.);
#138=B_SPLINE_CURVE_WITH_KNOTS('',3,(#6856,#6857,#6858,#6859,#6860),
 .UNSPECIFIED.,.F.,.F.,(4,1,4),(0.,0.020237096686248,0.0392856634754939),
 .UNSPECIFIED.);
#139=B_SPLINE_CURVE_WITH_KNOTS('',3,(#6863,#6864,#6865,#6866,#6867),
 .UNSPECIFIED.,.F.,.F.,(4,1,4),(0.,0.020237096686248,0.0392856634754939),
 .UNSPECIFIED.);
#140=B_SPLINE_CURVE_WITH_KNOTS('',3,(#6879,#6880,#6881,#6882,#6883),
 .UNSPECIFIED.,.F.,.F.,(4,1,4),(0.,0.0156547742731864,0.0347425178898031),
 .UNSPECIFIED.);
#141=B_SPLINE_CURVE_WITH_KNOTS('',3,(#6886,#6887,#6888,#6889,#6890),
 .UNSPECIFIED.,.F.,.F.,(4,1,4),(0.,0.0156547742731864,0.0347425178898031),
 .UNSPECIFIED.);
#142=B_SPLINE_CURVE_WITH_KNOTS('',3,(#6902,#6903,#6904,#6905,#6906),
 .UNSPECIFIED.,.F.,.F.,(4,1,4),(0.,0.0137857890181126,0.0275989031844547),
 .UNSPECIFIED.);
#143=B_SPLINE_CURVE_WITH_KNOTS('',3,(#6909,#6910,#6911,#6912,#6913),
 .UNSPECIFIED.,.F.,.F.,(4,1,4),(0.,0.0137857890181126,0.0275989031844547),
 .UNSPECIFIED.);
#144=B_SPLINE_CURVE_WITH_KNOTS('',3,(#6925,#6926,#6927,#6928,#6929),
 .UNSPECIFIED.,.F.,.F.,(4,1,4),(0.,0.00908657348173006,0.0183330261853745),
 .UNSPECIFIED.);
#145=B_SPLINE_CURVE_WITH_KNOTS('',3,(#6932,#6933,#6934,#6935,#6936),
 .UNSPECIFIED.,.F.,.F.,(4,1,4),(0.,0.00908657348173006,0.0183330261853745),
 .UNSPECIFIED.);
#146=B_SPLINE_CURVE_WITH_KNOTS('',3,(#6948,#6949,#6950,#6951,#6952),
 .UNSPECIFIED.,.F.,.F.,(4,1,4),(0.,0.00975659119943941,0.0191077919790291),
 .UNSPECIFIED.);
#147=B_SPLINE_CURVE_WITH_KNOTS('',3,(#6955,#6956,#6957,#6958,#6959),
 .UNSPECIFIED.,.F.,.F.,(4,1,4),(0.,0.00975659119943941,0.0191077919790291),
 .UNSPECIFIED.);
#148=B_SPLINE_CURVE_WITH_KNOTS('',3,(#6971,#6972,#6973,#6974,#6975),
 .UNSPECIFIED.,.F.,.F.,(4,1,4),(0.,0.0196991199819453,0.0330179845476122),
 .UNSPECIFIED.);
#149=B_SPLINE_CURVE_WITH_KNOTS('',3,(#6978,#6979,#6980,#6981,#6982),
 .UNSPECIFIED.,.F.,.F.,(4,1,4),(0.,0.0196991199819453,0.0330179845476122),
 .UNSPECIFIED.);
#150=B_SPLINE_CURVE_WITH_KNOTS('',3,(#6994,#6995,#6996,#6997,#6998),
 .UNSPECIFIED.,.F.,.F.,(4,1,4),(0.,0.0261867433001942,0.0618509914038741),
 .UNSPECIFIED.);
#151=B_SPLINE_CURVE_WITH_KNOTS('',3,(#7001,#7002,#7003,#7004,#7005),
 .UNSPECIFIED.,.F.,.F.,(4,1,4),(0.,0.0261867433001942,0.0618509914038741),
 .UNSPECIFIED.);
#152=B_SPLINE_CURVE_WITH_KNOTS('',3,(#7029,#7030,#7031,#7032,#7033),
 .UNSPECIFIED.,.F.,.F.,(4,1,4),(0.,0.0137257623536847,0.027736110602528),
 .UNSPECIFIED.);
#153=B_SPLINE_CURVE_WITH_KNOTS('',3,(#7036,#7037,#7038,#7039,#7040),
 .UNSPECIFIED.,.F.,.F.,(4,1,4),(0.,0.0137257623536847,0.027736110602528),
 .UNSPECIFIED.);
#154=B_SPLINE_CURVE_WITH_KNOTS('',3,(#7052,#7053,#7054,#7055,#7056),
 .UNSPECIFIED.,.F.,.F.,(4,1,4),(0.,0.0419546563127097,0.0651403601365294),
 .UNSPECIFIED.);
#155=B_SPLINE_CURVE_WITH_KNOTS('',3,(#7059,#7060,#7061,#7062,#7063),
 .UNSPECIFIED.,.F.,.F.,(4,1,4),(0.,0.0419546563127097,0.0651403601365294),
 .UNSPECIFIED.);
#156=B_SPLINE_CURVE_WITH_KNOTS('',3,(#7081,#7082,#7083,#7084,#7085),
 .UNSPECIFIED.,.F.,.F.,(4,1,4),(0.,0.0132712580909198,0.0340471641259214),
 .UNSPECIFIED.);
#157=B_SPLINE_CURVE_WITH_KNOTS('',3,(#7088,#7089,#7090,#7091,#7092),
 .UNSPECIFIED.,.F.,.F.,(4,1,4),(0.,0.0132712580909198,0.0340471641259214),
 .UNSPECIFIED.);
#158=B_SPLINE_CURVE_WITH_KNOTS('',3,(#7104,#7105,#7106,#7107,#7108),
 .UNSPECIFIED.,.F.,.F.,(4,1,4),(0.,0.0131451420797136,0.0276733929427936),
 .UNSPECIFIED.);
#159=B_SPLINE_CURVE_WITH_KNOTS('',3,(#7111,#7112,#7113,#7114,#7115),
 .UNSPECIFIED.,.F.,.F.,(4,1,4),(0.,0.0131451420797136,0.0276733929427936),
 .UNSPECIFIED.);
#160=B_SPLINE_CURVE_WITH_KNOTS('',3,(#7127,#7128,#7129,#7130,#7131),
 .UNSPECIFIED.,.F.,.F.,(4,1,4),(0.,0.0168166511963766,0.0307397847072183),
 .UNSPECIFIED.);
#161=B_SPLINE_CURVE_WITH_KNOTS('',3,(#7134,#7135,#7136,#7137,#7138),
 .UNSPECIFIED.,.F.,.F.,(4,1,4),(0.,0.0168166511963766,0.0307397847072183),
 .UNSPECIFIED.);
#162=B_SPLINE_CURVE_WITH_KNOTS('',3,(#7150,#7151,#7152,#7153,#7154),
 .UNSPECIFIED.,.F.,.F.,(4,1,4),(0.,0.0252747804221509,0.045872318631662),
 .UNSPECIFIED.);
#163=B_SPLINE_CURVE_WITH_KNOTS('',3,(#7157,#7158,#7159,#7160,#7161),
 .UNSPECIFIED.,.F.,.F.,(4,1,4),(0.,0.0252747804221509,0.045872318631662),
 .UNSPECIFIED.);
#164=B_SPLINE_CURVE_WITH_KNOTS('',3,(#7173,#7174,#7175,#7176,#7177),
 .UNSPECIFIED.,.F.,.F.,(4,1,4),(0.,0.0236994459593977,0.0501182912760881),
 .UNSPECIFIED.);
#165=B_SPLINE_CURVE_WITH_KNOTS('',3,(#7180,#7181,#7182,#7183,#7184),
 .UNSPECIFIED.,.F.,.F.,(4,1,4),(0.,0.0236994459593977,0.0501182912760881),
 .UNSPECIFIED.);
#166=B_SPLINE_CURVE_WITH_KNOTS('',3,(#7196,#7197,#7198,#7199,#7200),
 .UNSPECIFIED.,.F.,.F.,(4,1,4),(0.,0.0186834182110237,0.0396182728124495),
 .UNSPECIFIED.);
#167=B_SPLINE_CURVE_WITH_KNOTS('',3,(#7203,#7204,#7205,#7206,#7207),
 .UNSPECIFIED.,.F.,.F.,(4,1,4),(0.,0.0186834182110237,0.0396182728124495),
 .UNSPECIFIED.);
#168=B_SPLINE_CURVE_WITH_KNOTS('',3,(#7219,#7220,#7221,#7222,#7223),
 .UNSPECIFIED.,.F.,.F.,(4,1,4),(0.,0.0218609690522016,0.0408742567543102),
 .UNSPECIFIED.);
#169=B_SPLINE_CURVE_WITH_KNOTS('',3,(#7226,#7227,#7228,#7229,#7230),
 .UNSPECIFIED.,.F.,.F.,(4,1,4),(0.,0.0218609690522016,0.0408742567543102),
 .UNSPECIFIED.);
#170=B_SPLINE_CURVE_WITH_KNOTS('',3,(#7248,#7249,#7250,#7251,#7252),
 .UNSPECIFIED.,.F.,.F.,(4,1,4),(0.,0.0164751859370624,0.0374629685832116),
 .UNSPECIFIED.);
#171=B_SPLINE_CURVE_WITH_KNOTS('',3,(#7255,#7256,#7257,#7258,#7259),
 .UNSPECIFIED.,.F.,.F.,(4,1,4),(0.,0.0164751859370624,0.0374629685832116),
 .UNSPECIFIED.);
#172=B_SPLINE_CURVE_WITH_KNOTS('',3,(#7271,#7272,#7273,#7274,#7275),
 .UNSPECIFIED.,.F.,.F.,(4,1,4),(0.,0.0227294622466648,0.0400275412678699),
 .UNSPECIFIED.);
#173=B_SPLINE_CURVE_WITH_KNOTS('',3,(#7278,#7279,#7280,#7281,#7282),
 .UNSPECIFIED.,.F.,.F.,(4,1,4),(0.,0.0227294622466648,0.0400275412678699),
 .UNSPECIFIED.);
#174=B_SPLINE_CURVE_WITH_KNOTS('',3,(#7294,#7295,#7296,#7297,#7298),
 .UNSPECIFIED.,.F.,.F.,(4,1,4),(0.,0.0198890849562978,0.0444909150973638),
 .UNSPECIFIED.);
#175=B_SPLINE_CURVE_WITH_KNOTS('',3,(#7301,#7302,#7303,#7304,#7305),
 .UNSPECIFIED.,.F.,.F.,(4,1,4),(0.,0.0198890849562978,0.0444909150973638),
 .UNSPECIFIED.);
#176=B_SPLINE_CURVE_WITH_KNOTS('',3,(#7317,#7318,#7319,#7320,#7321),
 .UNSPECIFIED.,.F.,.F.,(4,1,4),(0.,0.0193614653414322,0.0341388861584782),
 .UNSPECIFIED.);
#177=B_SPLINE_CURVE_WITH_KNOTS('',3,(#7324,#7325,#7326,#7327,#7328),
 .UNSPECIFIED.,.F.,.F.,(4,1,4),(0.,0.0193614653414322,0.0341388861584782),
 .UNSPECIFIED.);
#178=B_SPLINE_CURVE_WITH_KNOTS('',3,(#7340,#7341,#7342,#7343,#7344),
 .UNSPECIFIED.,.F.,.F.,(4,1,4),(0.,0.00619221730372442,0.00962028309787732),
 .UNSPECIFIED.);
#179=B_SPLINE_CURVE_WITH_KNOTS('',3,(#7347,#7348,#7349,#7350,#7351),
 .UNSPECIFIED.,.F.,.F.,(4,1,4),(0.,0.00619221730372442,0.00962028309787732),
 .UNSPECIFIED.);
#180=B_SPLINE_CURVE_WITH_KNOTS('',3,(#7363,#7364,#7365,#7366,#7367),
 .UNSPECIFIED.,.F.,.F.,(4,1,4),(0.,0.0391645650333375,0.0669835650751826),
 .UNSPECIFIED.);
#181=B_SPLINE_CURVE_WITH_KNOTS('',3,(#7370,#7371,#7372,#7373,#7374),
 .UNSPECIFIED.,.F.,.F.,(4,1,4),(0.,0.0391645650333375,0.0669835650751826),
 .UNSPECIFIED.);
#182=B_SPLINE_CURVE_WITH_KNOTS('',3,(#7386,#7387,#7388,#7389,#7390),
 .UNSPECIFIED.,.F.,.F.,(4,1,4),(0.,0.0138963049349133,0.0332211613396366),
 .UNSPECIFIED.);
#183=B_SPLINE_CURVE_WITH_KNOTS('',3,(#7393,#7394,#7395,#7396,#7397),
 .UNSPECIFIED.,.F.,.F.,(4,1,4),(0.,0.0138963049349133,0.0332211613396366),
 .UNSPECIFIED.);
#184=B_SPLINE_CURVE_WITH_KNOTS('',3,(#7409,#7410,#7411,#7412,#7413),
 .UNSPECIFIED.,.F.,.F.,(4,1,4),(0.,0.0144053225439168,0.0293099627392187),
 .UNSPECIFIED.);
#185=B_SPLINE_CURVE_WITH_KNOTS('',3,(#7416,#7417,#7418,#7419,#7420),
 .UNSPECIFIED.,.F.,.F.,(4,1,4),(0.,0.0144053225439168,0.0293099627392187),
 .UNSPECIFIED.);
#186=B_SPLINE_CURVE_WITH_KNOTS('',3,(#7432,#7433,#7434,#7435,#7436),
 .UNSPECIFIED.,.F.,.F.,(4,1,4),(0.,0.014648220704569,0.0287494303017285),
 .UNSPECIFIED.);
#187=B_SPLINE_CURVE_WITH_KNOTS('',3,(#7439,#7440,#7441,#7442,#7443),
 .UNSPECIFIED.,.F.,.F.,(4,1,4),(0.,0.014648220704569,0.0287494303017285),
 .UNSPECIFIED.);
#188=B_SPLINE_CURVE_WITH_KNOTS('',3,(#7455,#7456,#7457,#7458,#7459),
 .UNSPECIFIED.,.F.,.F.,(4,1,4),(0.,0.0153503482389458,0.0301712001015462),
 .UNSPECIFIED.);
#189=B_SPLINE_CURVE_WITH_KNOTS('',3,(#7462,#7463,#7464,#7465,#7466),
 .UNSPECIFIED.,.F.,.F.,(4,1,4),(0.,0.0153503482389458,0.0301712001015462),
 .UNSPECIFIED.);
#190=B_SPLINE_CURVE_WITH_KNOTS('',3,(#7478,#7479,#7480,#7481,#7482),
 .UNSPECIFIED.,.F.,.F.,(4,1,4),(0.,0.0246632635387021,0.0499374165107752),
 .UNSPECIFIED.);
#191=B_SPLINE_CURVE_WITH_KNOTS('',3,(#7485,#7486,#7487,#7488,#7489),
 .UNSPECIFIED.,.F.,.F.,(4,1,4),(0.,0.0246632635387021,0.0499374165107752),
 .UNSPECIFIED.);
#192=B_SPLINE_CURVE_WITH_KNOTS('',3,(#7501,#7502,#7503,#7504,#7505),
 .UNSPECIFIED.,.F.,.F.,(4,1,4),(0.,0.0319650039812994,0.0587383301758745),
 .UNSPECIFIED.);
#193=B_SPLINE_CURVE_WITH_KNOTS('',3,(#7508,#7509,#7510,#7511,#7512),
 .UNSPECIFIED.,.F.,.F.,(4,1,4),(0.,0.0319650039812994,0.0587383301758745),
 .UNSPECIFIED.);
#194=B_SPLINE_CURVE_WITH_KNOTS('',3,(#7524,#7525,#7526,#7527,#7528),
 .UNSPECIFIED.,.F.,.F.,(4,1,4),(0.,0.0202678206183596,0.0413195201219076),
 .UNSPECIFIED.);
#195=B_SPLINE_CURVE_WITH_KNOTS('',3,(#7531,#7532,#7533,#7534,#7535),
 .UNSPECIFIED.,.F.,.F.,(4,1,4),(0.,0.0202678206183596,0.0413195201219076),
 .UNSPECIFIED.);
#196=B_SPLINE_CURVE_WITH_KNOTS('',3,(#7547,#7548,#7549,#7550,#7551),
 .UNSPECIFIED.,.F.,.F.,(4,1,4),(0.,0.0249871008553534,0.0466766797189992),
 .UNSPECIFIED.);
#197=B_SPLINE_CURVE_WITH_KNOTS('',3,(#7554,#7555,#7556,#7557,#7558),
 .UNSPECIFIED.,.F.,.F.,(4,1,4),(0.,0.0249871008553534,0.0466766797189992),
 .UNSPECIFIED.);
#198=B_SPLINE_CURVE_WITH_KNOTS('',3,(#7569,#7570,#7571,#7572,#7573),
 .UNSPECIFIED.,.F.,.F.,(4,1,4),(0.,0.013292949418439,0.0279128574648578),
 .UNSPECIFIED.);
#199=B_SPLINE_CURVE_WITH_KNOTS('',3,(#7574,#7575,#7576,#7577,#7578),
 .UNSPECIFIED.,.F.,.F.,(4,1,4),(0.,0.013292949418439,0.0279128574648578),
 .UNSPECIFIED.);
#200=B_SPLINE_CURVE_WITH_KNOTS('',3,(#7600,#7601,#7602,#7603,#7604),
 .UNSPECIFIED.,.F.,.F.,(4,1,4),(0.,0.0210753129287707,0.0435357258091952),
 .UNSPECIFIED.);
#201=B_SPLINE_CURVE_WITH_KNOTS('',3,(#7607,#7608,#7609,#7610,#7611),
 .UNSPECIFIED.,.F.,.F.,(4,1,4),(0.,0.0210753129287707,0.0435357258091952),
 .UNSPECIFIED.);
#202=B_SPLINE_CURVE_WITH_KNOTS('',3,(#7623,#7624,#7625,#7626,#7627),
 .UNSPECIFIED.,.F.,.F.,(4,1,4),(0.,0.0119044146156587,0.0246044777872128),
 .UNSPECIFIED.);
#203=B_SPLINE_CURVE_WITH_KNOTS('',3,(#7630,#7631,#7632,#7633,#7634),
 .UNSPECIFIED.,.F.,.F.,(4,1,4),(0.,0.0119044146156587,0.0246044777872128),
 .UNSPECIFIED.);
#204=B_SPLINE_CURVE_WITH_KNOTS('',3,(#7646,#7647,#7648,#7649,#7650),
 .UNSPECIFIED.,.F.,.F.,(4,1,4),(0.,0.0116068816370646,0.0232352515925602),
 .UNSPECIFIED.);
#205=B_SPLINE_CURVE_WITH_KNOTS('',3,(#7653,#7654,#7655,#7656,#7657),
 .UNSPECIFIED.,.F.,.F.,(4,1,4),(0.,0.0116068816370646,0.0232352515925602),
 .UNSPECIFIED.);
#206=B_SPLINE_CURVE_WITH_KNOTS('',3,(#7669,#7670,#7671,#7672,#7673),
 .UNSPECIFIED.,.F.,.F.,(4,1,4),(0.,0.0147731198645125,0.028425754201384),
 .UNSPECIFIED.);
#207=B_SPLINE_CURVE_WITH_KNOTS('',3,(#7676,#7677,#7678,#7679,#7680),
 .UNSPECIFIED.,.F.,.F.,(4,1,4),(0.,0.0147731198645125,0.028425754201384),
 .UNSPECIFIED.);
#208=B_SPLINE_CURVE_WITH_KNOTS('',3,(#7698,#7699,#7700,#7701,#7702),
 .UNSPECIFIED.,.F.,.F.,(4,1,4),(0.,0.0190086055122729,0.0400653186187899),
 .UNSPECIFIED.);
#209=B_SPLINE_CURVE_WITH_KNOTS('',3,(#7705,#7706,#7707,#7708,#7709),
 .UNSPECIFIED.,.F.,.F.,(4,1,4),(0.,0.0190086055122729,0.0400653186187899),
 .UNSPECIFIED.);
#210=B_SPLINE_CURVE_WITH_KNOTS('',3,(#7721,#7722,#7723,#7724,#7725),
 .UNSPECIFIED.,.F.,.F.,(4,1,4),(0.,0.0126300958648953,0.0251469370209206),
 .UNSPECIFIED.);
#211=B_SPLINE_CURVE_WITH_KNOTS('',3,(#7728,#7729,#7730,#7731,#7732),
 .UNSPECIFIED.,.F.,.F.,(4,1,4),(0.,0.0126300958648953,0.0251469370209206),
 .UNSPECIFIED.);
#212=B_SPLINE_CURVE_WITH_KNOTS('',3,(#7744,#7745,#7746,#7747,#7748),
 .UNSPECIFIED.,.F.,.F.,(4,1,4),(0.,0.0227225452501222,0.0386038488860361),
 .UNSPECIFIED.);
#213=B_SPLINE_CURVE_WITH_KNOTS('',3,(#7751,#7752,#7753,#7754,#7755),
 .UNSPECIFIED.,.F.,.F.,(4,1,4),(0.,0.0227225452501222,0.0386038488860361),
 .UNSPECIFIED.);
#214=B_SPLINE_CURVE_WITH_KNOTS('',3,(#7835,#7836,#7837,#7838,#7839),
 .UNSPECIFIED.,.F.,.F.,(4,1,4),(0.,0.0256823660131656,0.0517166112248353),
 .UNSPECIFIED.);
#215=B_SPLINE_CURVE_WITH_KNOTS('',3,(#7842,#7843,#7844,#7845,#7846),
 .UNSPECIFIED.,.F.,.F.,(4,1,4),(0.,0.0256823660131656,0.0517166112248353),
 .UNSPECIFIED.);
#216=B_SPLINE_CURVE_WITH_KNOTS('',3,(#7858,#7859,#7860,#7861,#7862),
 .UNSPECIFIED.,.F.,.F.,(4,1,4),(0.,0.0268077161977902,0.0515880042375414),
 .UNSPECIFIED.);
#217=B_SPLINE_CURVE_WITH_KNOTS('',3,(#7865,#7866,#7867,#7868,#7869),
 .UNSPECIFIED.,.F.,.F.,(4,1,4),(0.,0.0268077161977902,0.0515880042375414),
 .UNSPECIFIED.);
#218=B_SPLINE_CURVE_WITH_KNOTS('',3,(#7904,#7905,#7906,#7907,#7908),
 .UNSPECIFIED.,.F.,.F.,(4,1,4),(0.,0.0231117859407468,0.0470096524485459),
 .UNSPECIFIED.);
#219=B_SPLINE_CURVE_WITH_KNOTS('',3,(#7912,#7913,#7914,#7915,#7916),
 .UNSPECIFIED.,.F.,.F.,(4,1,4),(0.,0.0231117859407468,0.0470096524485459),
 .UNSPECIFIED.);
#220=B_SPLINE_CURVE_WITH_KNOTS('',3,(#7929,#7930,#7931,#7932,#7933),
 .UNSPECIFIED.,.F.,.F.,(4,1,4),(0.,0.0247614994153072,0.0485170791663355),
 .UNSPECIFIED.);
#221=B_SPLINE_CURVE_WITH_KNOTS('',3,(#7936,#7937,#7938,#7939,#7940),
 .UNSPECIFIED.,.F.,.F.,(4,1,4),(0.,0.0247614994153072,0.0485170791663355),
 .UNSPECIFIED.);
#222=B_SPLINE_CURVE_WITH_KNOTS('',3,(#7952,#7953,#7954,#7955,#7956),
 .UNSPECIFIED.,.F.,.F.,(4,1,4),(0.,0.0389146880572044,0.0686612872128174),
 .UNSPECIFIED.);
#223=B_SPLINE_CURVE_WITH_KNOTS('',3,(#7959,#7960,#7961,#7962,#7963),
 .UNSPECIFIED.,.F.,.F.,(4,1,4),(0.,0.0389146880572044,0.0686612872128174),
 .UNSPECIFIED.);
#224=B_SPLINE_CURVE_WITH_KNOTS('',3,(#7975,#7976,#7977,#7978,#7979),
 .UNSPECIFIED.,.F.,.F.,(4,1,4),(0.,0.0280736091766692,0.0636789915467583),
 .UNSPECIFIED.);
#225=B_SPLINE_CURVE_WITH_KNOTS('',3,(#7982,#7983,#7984,#7985,#7986),
 .UNSPECIFIED.,.F.,.F.,(4,1,4),(0.,0.0280736091766692,0.0636789915467583),
 .UNSPECIFIED.);
#226=B_SPLINE_CURVE_WITH_KNOTS('',3,(#7998,#7999,#8000,#8001,#8002),
 .UNSPECIFIED.,.F.,.F.,(4,1,4),(0.,0.022839906614109,0.0465859529866663),
 .UNSPECIFIED.);
#227=B_SPLINE_CURVE_WITH_KNOTS('',3,(#8005,#8006,#8007,#8008,#8009),
 .UNSPECIFIED.,.F.,.F.,(4,1,4),(0.,0.022839906614109,0.0465859529866663),
 .UNSPECIFIED.);
#228=B_SPLINE_CURVE_WITH_KNOTS('',3,(#8021,#8022,#8023,#8024,#8025),
 .UNSPECIFIED.,.F.,.F.,(4,1,4),(0.,0.0246647602616353,0.0476108580777309),
 .UNSPECIFIED.);
#229=B_SPLINE_CURVE_WITH_KNOTS('',3,(#8028,#8029,#8030,#8031,#8032),
 .UNSPECIFIED.,.F.,.F.,(4,1,4),(0.,0.0246647602616353,0.0476108580777309),
 .UNSPECIFIED.);
#230=B_SPLINE_CURVE_WITH_KNOTS('',3,(#8044,#8045,#8046,#8047,#8048),
 .UNSPECIFIED.,.F.,.F.,(4,1,4),(0.,0.0367411799975707,0.0658442971637299),
 .UNSPECIFIED.);
#231=B_SPLINE_CURVE_WITH_KNOTS('',3,(#8051,#8052,#8053,#8054,#8055),
 .UNSPECIFIED.,.F.,.F.,(4,1,4),(0.,0.0367411799975707,0.0658442971637299),
 .UNSPECIFIED.);
#232=B_SPLINE_CURVE_WITH_KNOTS('',3,(#8066,#8067,#8068,#8069,#8070),
 .UNSPECIFIED.,.F.,.F.,(4,1,4),(0.,0.0286048161994654,0.0662257933540684),
 .UNSPECIFIED.);
#233=B_SPLINE_CURVE_WITH_KNOTS('',3,(#8071,#8072,#8073,#8074,#8075),
 .UNSPECIFIED.,.F.,.F.,(4,1,4),(0.,0.0286048161994654,0.0662257933540684),
 .UNSPECIFIED.);
#234=B_SPLINE_CURVE_WITH_KNOTS('',3,(#8108,#8109,#8110,#8111,#8112),
 .UNSPECIFIED.,.F.,.F.,(4,1,4),(0.,0.0168291291612688,0.0331586569314704),
 .UNSPECIFIED.);
#235=B_SPLINE_CURVE_WITH_KNOTS('',3,(#8115,#8116,#8117,#8118,#8119),
 .UNSPECIFIED.,.F.,.F.,(4,1,4),(0.,0.0168291291612688,0.0331586569314704),
 .UNSPECIFIED.);
#236=B_SPLINE_CURVE_WITH_KNOTS('',3,(#8131,#8132,#8133,#8134,#8135),
 .UNSPECIFIED.,.F.,.F.,(4,1,4),(0.,0.0186889814889627,0.0362755716642861),
 .UNSPECIFIED.);
#237=B_SPLINE_CURVE_WITH_KNOTS('',3,(#8138,#8139,#8140,#8141,#8142),
 .UNSPECIFIED.,.F.,.F.,(4,1,4),(0.,0.0186889814889627,0.0362755716642861),
 .UNSPECIFIED.);
#238=B_SPLINE_CURVE_WITH_KNOTS('',3,(#8154,#8155,#8156,#8157,#8158),
 .UNSPECIFIED.,.F.,.F.,(4,1,4),(0.,0.0252942829036227,0.0510657370217271),
 .UNSPECIFIED.);
#239=B_SPLINE_CURVE_WITH_KNOTS('',3,(#8161,#8162,#8163,#8164,#8165),
 .UNSPECIFIED.,.F.,.F.,(4,1,4),(0.,0.0252942829036227,0.0510657370217271),
 .UNSPECIFIED.);
#240=B_SPLINE_CURVE_WITH_KNOTS('',3,(#8177,#8178,#8179,#8180,#8181),
 .UNSPECIFIED.,.F.,.F.,(4,1,4),(0.,0.0271148938095531,0.0527565663988482),
 .UNSPECIFIED.);
#241=B_SPLINE_CURVE_WITH_KNOTS('',3,(#8184,#8185,#8186,#8187,#8188),
 .UNSPECIFIED.,.F.,.F.,(4,1,4),(0.,0.0271148938095531,0.0527565663988482),
 .UNSPECIFIED.);
#242=B_SPLINE_CURVE_WITH_KNOTS('',3,(#8200,#8201,#8202,#8203,#8204),
 .UNSPECIFIED.,.F.,.F.,(4,1,4),(0.,0.031121070811658,0.0602145344466513),
 .UNSPECIFIED.);
#243=B_SPLINE_CURVE_WITH_KNOTS('',3,(#8207,#8208,#8209,#8210,#8211),
 .UNSPECIFIED.,.F.,.F.,(4,1,4),(0.,0.031121070811658,0.0602145344466513),
 .UNSPECIFIED.);
#244=B_SPLINE_CURVE_WITH_KNOTS('',3,(#8223,#8224,#8225,#8226,#8227),
 .UNSPECIFIED.,.F.,.F.,(4,1,4),(0.,0.0290736416071569,0.0606763958113712),
 .UNSPECIFIED.);
#245=B_SPLINE_CURVE_WITH_KNOTS('',3,(#8230,#8231,#8232,#8233,#8234),
 .UNSPECIFIED.,.F.,.F.,(4,1,4),(0.,0.0290736416071569,0.0606763958113712),
 .UNSPECIFIED.);
#246=B_SPLINE_CURVE_WITH_KNOTS('',3,(#8246,#8247,#8248,#8249,#8250),
 .UNSPECIFIED.,.F.,.F.,(4,1,4),(0.,0.0258016220560116,0.052781460220055),
 .UNSPECIFIED.);
#247=B_SPLINE_CURVE_WITH_KNOTS('',3,(#8253,#8254,#8255,#8256,#8257),
 .UNSPECIFIED.,.F.,.F.,(4,1,4),(0.,0.0258016220560116,0.052781460220055),
 .UNSPECIFIED.);
#248=B_SPLINE_CURVE_WITH_KNOTS('',3,(#8269,#8270,#8271,#8272,#8273),
 .UNSPECIFIED.,.F.,.F.,(4,1,4),(0.,0.0252214200813241,0.0505339279827189),
 .UNSPECIFIED.);
#249=B_SPLINE_CURVE_WITH_KNOTS('',3,(#8276,#8277,#8278,#8279,#8280),
 .UNSPECIFIED.,.F.,.F.,(4,1,4),(0.,0.0252214200813241,0.0505339279827189),
 .UNSPECIFIED.);
#250=B_SPLINE_CURVE_WITH_KNOTS('',3,(#8292,#8293,#8294,#8295,#8296),
 .UNSPECIFIED.,.F.,.F.,(4,1,4),(0.,0.0352102200278875,0.0713741544289119),
 .UNSPECIFIED.);
#251=B_SPLINE_CURVE_WITH_KNOTS('',3,(#8299,#8300,#8301,#8302,#8303),
 .UNSPECIFIED.,.F.,.F.,(4,1,4),(0.,0.0352102200278875,0.0713741544289119),
 .UNSPECIFIED.);
#252=B_SPLINE_CURVE_WITH_KNOTS('',3,(#8334,#8335,#8336,#8337,#8338),
 .UNSPECIFIED.,.F.,.F.,(4,1,4),(0.,0.0283647634159468,0.0520042590027512),
 .UNSPECIFIED.);
#253=B_SPLINE_CURVE_WITH_KNOTS('',3,(#8341,#8342,#8343,#8344,#8345),
 .UNSPECIFIED.,.F.,.F.,(4,1,4),(0.,0.0283647634159468,0.0520042590027512),
 .UNSPECIFIED.);
#254=B_SPLINE_CURVE_WITH_KNOTS('',3,(#8357,#8358,#8359,#8360,#8361),
 .UNSPECIFIED.,.F.,.F.,(4,1,4),(0.,0.0331137885413587,0.0646496722187436),
 .UNSPECIFIED.);
#255=B_SPLINE_CURVE_WITH_KNOTS('',3,(#8364,#8365,#8366,#8367,#8368),
 .UNSPECIFIED.,.F.,.F.,(4,1,4),(0.,0.0331137885413587,0.0646496722187436),
 .UNSPECIFIED.);
#256=B_SPLINE_CURVE_WITH_KNOTS('',3,(#8386,#8387,#8388,#8389,#8390),
 .UNSPECIFIED.,.F.,.F.,(4,1,4),(0.,0.0232361580848881,0.0431473742147617),
 .UNSPECIFIED.);
#257=B_SPLINE_CURVE_WITH_KNOTS('',3,(#8393,#8394,#8395,#8396,#8397),
 .UNSPECIFIED.,.F.,.F.,(4,1,4),(0.,0.0232361580848881,0.0431473742147617),
 .UNSPECIFIED.);
#258=B_SPLINE_CURVE_WITH_KNOTS('',3,(#8409,#8410,#8411,#8412,#8413),
 .UNSPECIFIED.,.F.,.F.,(4,1,4),(0.,0.0199525240443594,0.0432957760409571),
 .UNSPECIFIED.);
#259=B_SPLINE_CURVE_WITH_KNOTS('',3,(#8416,#8417,#8418,#8419,#8420),
 .UNSPECIFIED.,.F.,.F.,(4,1,4),(0.,0.0199525240443594,0.0432957760409571),
 .UNSPECIFIED.);
#260=B_SPLINE_CURVE_WITH_KNOTS('',3,(#8449,#8450,#8451,#8452,#8453),
 .UNSPECIFIED.,.F.,.F.,(4,1,4),(0.,0.0257956576584471,0.0515495208600006),
 .UNSPECIFIED.);
#261=B_SPLINE_CURVE_WITH_KNOTS('',3,(#8457,#8458,#8459,#8460,#8461),
 .UNSPECIFIED.,.F.,.F.,(4,1,4),(0.,0.0257956576584471,0.0515495208600006),
 .UNSPECIFIED.);
#262=B_SPLINE_CURVE_WITH_KNOTS('',3,(#8474,#8475,#8476,#8477,#8478),
 .UNSPECIFIED.,.F.,.F.,(4,1,4),(0.,0.0257651380598883,0.0512705443433465),
 .UNSPECIFIED.);
#263=B_SPLINE_CURVE_WITH_KNOTS('',3,(#8481,#8482,#8483,#8484,#8485),
 .UNSPECIFIED.,.F.,.F.,(4,1,4),(0.,0.0257651380598883,0.0512705443433465),
 .UNSPECIFIED.);
#264=B_SPLINE_CURVE_WITH_KNOTS('',3,(#8497,#8498,#8499,#8500,#8501),
 .UNSPECIFIED.,.F.,.F.,(4,1,4),(0.,0.0357006345299739,0.0647717319674804),
 .UNSPECIFIED.);
#265=B_SPLINE_CURVE_WITH_KNOTS('',3,(#8504,#8505,#8506,#8507,#8508),
 .UNSPECIFIED.,.F.,.F.,(4,1,4),(0.,0.0357006345299739,0.0647717319674804),
 .UNSPECIFIED.);
#266=B_SPLINE_CURVE_WITH_KNOTS('',3,(#8520,#8521,#8522,#8523,#8524),
 .UNSPECIFIED.,.F.,.F.,(4,1,4),(0.,0.0296776380819347,0.0672498900296932),
 .UNSPECIFIED.);
#267=B_SPLINE_CURVE_WITH_KNOTS('',3,(#8527,#8528,#8529,#8530,#8531),
 .UNSPECIFIED.,.F.,.F.,(4,1,4),(0.,0.0296776380819347,0.0672498900296932),
 .UNSPECIFIED.);
#268=B_SPLINE_CURVE_WITH_KNOTS('',3,(#8543,#8544,#8545,#8546,#8547),
 .UNSPECIFIED.,.F.,.F.,(4,1,4),(0.,0.0256556054804371,0.0514614188901333),
 .UNSPECIFIED.);
#269=B_SPLINE_CURVE_WITH_KNOTS('',3,(#8550,#8551,#8552,#8553,#8554),
 .UNSPECIFIED.,.F.,.F.,(4,1,4),(0.,0.0256556054804371,0.0514614188901333),
 .UNSPECIFIED.);
#270=B_SPLINE_CURVE_WITH_KNOTS('',3,(#8566,#8567,#8568,#8569,#8570),
 .UNSPECIFIED.,.F.,.F.,(4,1,4),(0.,0.025753881139698,0.0515495387981451),
 .UNSPECIFIED.);
#271=B_SPLINE_CURVE_WITH_KNOTS('',3,(#8573,#8574,#8575,#8576,#8577),
 .UNSPECIFIED.,.F.,.F.,(4,1,4),(0.,0.025753881139698,0.0515495387981451),
 .UNSPECIFIED.);
#272=B_SPLINE_CURVE_WITH_KNOTS('',3,(#8589,#8590,#8591,#8592,#8593),
 .UNSPECIFIED.,.F.,.F.,(4,1,4),(0.,0.0368106450669335,0.0662613761684787),
 .UNSPECIFIED.);
#273=B_SPLINE_CURVE_WITH_KNOTS('',3,(#8596,#8597,#8598,#8599,#8600),
 .UNSPECIFIED.,.F.,.F.,(4,1,4),(0.,0.0368106450669335,0.0662613761684787),
 .UNSPECIFIED.);
#274=B_SPLINE_CURVE_WITH_KNOTS('',3,(#8611,#8612,#8613,#8614,#8615),
 .UNSPECIFIED.,.F.,.F.,(4,1,4),(0.,0.0293148558700167,0.0660747534264223),
 .UNSPECIFIED.);
#275=B_SPLINE_CURVE_WITH_KNOTS('',3,(#8616,#8617,#8618,#8619,#8620),
 .UNSPECIFIED.,.F.,.F.,(4,1,4),(0.,0.0293148558700167,0.0660747534264223),
 .UNSPECIFIED.);
#276=B_SPLINE_CURVE_WITH_KNOTS('',3,(#8633,#8634,#8635,#8636,#8637),
 .UNSPECIFIED.,.F.,.F.,(4,1,4),(0.,0.0419289814424981,0.081219153039024),
 .UNSPECIFIED.);
#277=B_SPLINE_CURVE_WITH_KNOTS('',3,(#8641,#8642,#8643,#8644,#8645),
 .UNSPECIFIED.,.F.,.F.,(4,1,4),(0.,0.0419289814424981,0.081219153039024),
 .UNSPECIFIED.);
#278=B_SPLINE_CURVE_WITH_KNOTS('',3,(#8658,#8659,#8660,#8661,#8662),
 .UNSPECIFIED.,.F.,.F.,(4,1,4),(0.,0.0269803515406896,0.0545011873767281),
 .UNSPECIFIED.);
#279=B_SPLINE_CURVE_WITH_KNOTS('',3,(#8665,#8666,#8667,#8668,#8669),
 .UNSPECIFIED.,.F.,.F.,(4,1,4),(0.,0.0269803515406896,0.0545011873767281),
 .UNSPECIFIED.);
#280=B_SPLINE_CURVE_WITH_KNOTS('',3,(#8681,#8682,#8683,#8684,#8685),
 .UNSPECIFIED.,.F.,.F.,(4,1,4),(0.,0.0262692052386268,0.0528312878618231),
 .UNSPECIFIED.);
#281=B_SPLINE_CURVE_WITH_KNOTS('',3,(#8688,#8689,#8690,#8691,#8692),
 .UNSPECIFIED.,.F.,.F.,(4,1,4),(0.,0.0262692052386268,0.0528312878618231),
 .UNSPECIFIED.);
#282=B_SPLINE_CURVE_WITH_KNOTS('',3,(#8704,#8705,#8706,#8707,#8708),
 .UNSPECIFIED.,.F.,.F.,(4,1,4),(0.,0.0376339027258236,0.0677736893416908),
 .UNSPECIFIED.);
#283=B_SPLINE_CURVE_WITH_KNOTS('',3,(#8711,#8712,#8713,#8714,#8715),
 .UNSPECIFIED.,.F.,.F.,(4,1,4),(0.,0.0376339027258236,0.0677736893416908),
 .UNSPECIFIED.);
#284=B_SPLINE_CURVE_WITH_KNOTS('',3,(#8727,#8728,#8729,#8730,#8731),
 .UNSPECIFIED.,.F.,.F.,(4,1,4),(0.,0.0408961314393219,0.0875868169261425),
 .UNSPECIFIED.);
#285=B_SPLINE_CURVE_WITH_KNOTS('',3,(#8734,#8735,#8736,#8737,#8738),
 .UNSPECIFIED.,.F.,.F.,(4,1,4),(0.,0.0408961314393219,0.0875868169261425),
 .UNSPECIFIED.);
#286=B_SPLINE_CURVE_WITH_KNOTS('',3,(#8750,#8751,#8752,#8753,#8754),
 .UNSPECIFIED.,.F.,.F.,(4,1,4),(0.,0.041384022272094,0.0807177536763302),
 .UNSPECIFIED.);
#287=B_SPLINE_CURVE_WITH_KNOTS('',3,(#8757,#8758,#8759,#8760,#8761),
 .UNSPECIFIED.,.F.,.F.,(4,1,4),(0.,0.041384022272094,0.0807177536763302),
 .UNSPECIFIED.);
#288=B_SPLINE_CURVE_WITH_KNOTS('',3,(#8773,#8774,#8775,#8776,#8777),
 .UNSPECIFIED.,.F.,.F.,(4,1,4),(0.,0.0359932977267977,0.073723575198256),
 .UNSPECIFIED.);
#289=B_SPLINE_CURVE_WITH_KNOTS('',3,(#8780,#8781,#8782,#8783,#8784),
 .UNSPECIFIED.,.F.,.F.,(4,1,4),(0.,0.0359932977267977,0.073723575198256),
 .UNSPECIFIED.);
#290=B_SPLINE_CURVE_WITH_KNOTS('',3,(#8796,#8797,#8798,#8799,#8800),
 .UNSPECIFIED.,.F.,.F.,(4,1,4),(0.,0.0532066197629198,0.0978623965726895),
 .UNSPECIFIED.);
#291=B_SPLINE_CURVE_WITH_KNOTS('',3,(#8803,#8804,#8805,#8806,#8807),
 .UNSPECIFIED.,.F.,.F.,(4,1,4),(0.,0.0532066197629198,0.0978623965726895),
 .UNSPECIFIED.);
#292=B_SPLINE_CURVE_WITH_KNOTS('',3,(#8818,#8819,#8820,#8821,#8822),
 .UNSPECIFIED.,.F.,.F.,(4,1,4),(0.,0.0414400519379763,0.0905444611387116),
 .UNSPECIFIED.);
#293=B_SPLINE_CURVE_WITH_KNOTS('',3,(#8823,#8824,#8825,#8826,#8827),
 .UNSPECIFIED.,.F.,.F.,(4,1,4),(0.,0.0414400519379763,0.0905444611387116),
 .UNSPECIFIED.);
#294=B_SPLINE_CURVE_WITH_KNOTS('',3,(#8891,#8892,#8893,#8894,#8895),
 .UNSPECIFIED.,.F.,.F.,(4,1,4),(0.,0.0249174227775181,0.0472935310400399),
 .UNSPECIFIED.);
#295=B_SPLINE_CURVE_WITH_KNOTS('',3,(#8898,#8899,#8900,#8901,#8902),
 .UNSPECIFIED.,.F.,.F.,(4,1,4),(0.,0.0249174227775181,0.0472935310400399),
 .UNSPECIFIED.);
#296=B_SPLINE_SURFACE_WITH_KNOTS('',3,1,((#6198,#6199),(#6200,#6201),(#6202,
#6203),(#6204,#6205),(#6206,#6207)),.UNSPECIFIED.,.F.,.F.,.F.,(4,1,4),(2,
2),(0.,0.0183446981711697,0.0459406649610005),(0.,0.0500000000000007),
 .UNSPECIFIED.);
#297=B_SPLINE_SURFACE_WITH_KNOTS('',3,1,((#6221,#6222),(#6223,#6224),(#6225,
#6226),(#6227,#6228),(#6229,#6230)),.UNSPECIFIED.,.F.,.F.,.F.,(4,1,4),(2,
2),(0.,0.0129671062867847,0.0261456359355277),(0.,0.0500000000000007),
 .UNSPECIFIED.);
#298=B_SPLINE_SURFACE_WITH_KNOTS('',3,1,((#6244,#6245),(#6246,#6247),(#6248,
#6249),(#6250,#6251),(#6252,#6253)),.UNSPECIFIED.,.F.,.F.,.F.,(4,1,4),(2,
2),(0.,0.0141316448704011,0.0274399428904371),(0.,0.0500000000000007),
 .UNSPECIFIED.);
#299=B_SPLINE_SURFACE_WITH_KNOTS('',3,1,((#6267,#6268),(#6269,#6270),(#6271,
#6272),(#6273,#6274),(#6275,#6276)),.UNSPECIFIED.,.F.,.F.,.F.,(4,1,4),(2,
2),(0.,0.0131327748886072,0.0276901897769602),(0.,0.0500000000000007),
 .UNSPECIFIED.);
#300=B_SPLINE_SURFACE_WITH_KNOTS('',3,1,((#6290,#6291),(#6292,#6293),(#6294,
#6295),(#6296,#6297),(#6298,#6299)),.UNSPECIFIED.,.F.,.F.,.F.,(4,1,4),(2,
2),(0.,0.0145395723539382,0.0275677405024155),(0.,0.0500000000000007),
 .UNSPECIFIED.);
#301=B_SPLINE_SURFACE_WITH_KNOTS('',3,1,((#6313,#6314),(#6315,#6316),(#6317,
#6318),(#6319,#6320),(#6321,#6322)),.UNSPECIFIED.,.F.,.F.,.F.,(4,1,4),(2,
2),(0.,0.0226804233694319,0.0380972009139052),(0.,0.0500000000000007),
 .UNSPECIFIED.);
#302=B_SPLINE_SURFACE_WITH_KNOTS('',3,1,((#6354,#6355),(#6356,#6357),(#6358,
#6359),(#6360,#6361),(#6362,#6363)),.UNSPECIFIED.,.F.,.F.,.F.,(4,1,4),(2,
2),(0.,0.0189130895732998,0.0442182785297395),(0.,0.0500000000000007),
 .UNSPECIFIED.);
#303=B_SPLINE_SURFACE_WITH_KNOTS('',3,1,((#6377,#6378),(#6379,#6380),(#6381,
#6382),(#6383,#6384),(#6385,#6386)),.UNSPECIFIED.,.F.,.F.,.F.,(4,1,4),(2,
2),(0.,0.0147611272681771,0.0300216287512666),(0.,0.0500000000000007),
 .UNSPECIFIED.);
#304=B_SPLINE_SURFACE_WITH_KNOTS('',3,1,((#6400,#6401),(#6402,#6403),(#6404,
#6405),(#6406,#6407),(#6408,#6409)),.UNSPECIFIED.,.F.,.F.,.F.,(4,1,4),(2,
2),(0.,0.0158016061321996,0.0306748995081069),(0.,0.0500000000000007),
 .UNSPECIFIED.);
#305=B_SPLINE_SURFACE_WITH_KNOTS('',3,1,((#6423,#6424),(#6425,#6426),(#6427,
#6428),(#6429,#6430),(#6431,#6432)),.UNSPECIFIED.,.F.,.F.,.F.,(4,1,4),(2,
2),(0.,0.0126761143872517,0.0262635004280686),(0.,0.0500000000000007),
 .UNSPECIFIED.);
#306=B_SPLINE_SURFACE_WITH_KNOTS('',3,1,((#6446,#6447),(#6448,#6449),(#6450,
#6451),(#6452,#6453),(#6454,#6455)),.UNSPECIFIED.,.F.,.F.,.F.,(4,1,4),(2,
2),(0.,0.0109324819854704,0.0226426775158287),(0.,0.0500000000000007),
 .UNSPECIFIED.);
#307=B_SPLINE_SURFACE_WITH_KNOTS('',3,1,((#6469,#6470),(#6471,#6472),(#6473,
#6474),(#6475,#6476),(#6477,#6478)),.UNSPECIFIED.,.F.,.F.,.F.,(4,1,4),(2,
2),(0.,0.0130042197853813,0.0244461595905065),(0.,0.0500000000000007),
 .UNSPECIFIED.);
#308=B_SPLINE_SURFACE_WITH_KNOTS('',3,1,((#6492,#6493),(#6494,#6495),(#6496,
#6497),(#6498,#6499),(#6500,#6501)),.UNSPECIFIED.,.F.,.F.,.F.,(4,1,4),(2,
2),(0.,0.0163749875039833,0.0270702737929475),(0.,0.0500000000000007),
 .UNSPECIFIED.);
#309=B_SPLINE_SURFACE_WITH_KNOTS('',3,1,((#6524,#6525),(#6526,#6527),(#6528,
#6529),(#6530,#6531),(#6532,#6533)),.UNSPECIFIED.,.F.,.F.,.F.,(4,1,4),(2,
2),(0.,0.0222039703434017,0.0486308696239003),(0.,0.0500000000000007),
 .UNSPECIFIED.);
#310=B_SPLINE_SURFACE_WITH_KNOTS('',3,1,((#6550,#6551),(#6552,#6553),(#6554,
#6555),(#6556,#6557),(#6558,#6559)),.UNSPECIFIED.,.F.,.F.,.F.,(4,1,4),(2,
2),(0.,0.0171275470720941,0.0363484478308448),(0.,0.0500000000000007),
 .UNSPECIFIED.);
#311=B_SPLINE_SURFACE_WITH_KNOTS('',3,1,((#6573,#6574),(#6575,#6576),(#6577,
#6578),(#6579,#6580),(#6581,#6582)),.UNSPECIFIED.,.F.,.F.,.F.,(4,1,4),(2,
2),(0.,0.0187688743213663,0.035663112521195),(0.,0.0500000000000007),
 .UNSPECIFIED.);
#312=B_SPLINE_SURFACE_WITH_KNOTS('',3,1,((#6596,#6597),(#6598,#6599),(#6600,
#6601),(#6602,#6603),(#6604,#6605)),.UNSPECIFIED.,.F.,.F.,.F.,(4,1,4),(2,
2),(0.,0.0204855641654531,0.0405831674778777),(0.,0.0500000000000007),
 .UNSPECIFIED.);
#313=B_SPLINE_SURFACE_WITH_KNOTS('',3,1,((#6619,#6620),(#6621,#6622),(#6623,
#6624),(#6625,#6626),(#6627,#6628)),.UNSPECIFIED.,.F.,.F.,.F.,(4,1,4),(2,
2),(0.,0.0237082923135805,0.0484384520804254),(0.,0.0500000000000007),
 .UNSPECIFIED.);
#314=B_SPLINE_SURFACE_WITH_KNOTS('',3,1,((#6642,#6643),(#6644,#6645),(#6646,
#6647),(#6648,#6649),(#6650,#6651)),.UNSPECIFIED.,.F.,.F.,.F.,(4,1,4),(2,
2),(0.,0.0263569385965251,0.0505028157008104),(0.,0.0500000000000007),
 .UNSPECIFIED.);
#315=B_SPLINE_SURFACE_WITH_KNOTS('',3,1,((#6665,#6666),(#6667,#6668),(#6669,
#6670),(#6671,#6672),(#6673,#6674)),.UNSPECIFIED.,.F.,.F.,.F.,(4,1,4),(2,
2),(0.,0.0201763710960566,0.0421985619195243),(0.,0.0500000000000007),
 .UNSPECIFIED.);
#316=B_SPLINE_SURFACE_WITH_KNOTS('',3,1,((#6688,#6689),(#6690,#6691),(#6692,
#6693),(#6694,#6695),(#6696,#6697)),.UNSPECIFIED.,.F.,.F.,.F.,(4,1,4),(2,
2),(0.,0.0188546712089795,0.0380690384474269),(0.,0.0500000000000007),
 .UNSPECIFIED.);
#317=B_SPLINE_SURFACE_WITH_KNOTS('',3,1,((#6711,#6712),(#6713,#6714),(#6715,
#6716),(#6717,#6718),(#6719,#6720)),.UNSPECIFIED.,.F.,.F.,.F.,(4,1,4),(2,
2),(0.,0.0212423411639217,0.0416670761052186),(0.,0.0500000000000007),
 .UNSPECIFIED.);
#318=B_SPLINE_SURFACE_WITH_KNOTS('',3,1,((#6734,#6735),(#6736,#6737),(#6738,
#6739),(#6740,#6741),(#6742,#6743)),.UNSPECIFIED.,.F.,.F.,.F.,(4,1,4),(2,
2),(0.,0.0218490377189617,0.0434852689665109),(0.,0.0500000000000007),
 .UNSPECIFIED.);
#319=B_SPLINE_SURFACE_WITH_KNOTS('',3,1,((#6757,#6758),(#6759,#6760),(#6761,
#6762),(#6763,#6764),(#6765,#6766)),.UNSPECIFIED.,.F.,.F.,.F.,(4,1,4),(2,
2),(0.,0.0310370897062945,0.0561035108836177),(0.,0.0500000000000007),
 .UNSPECIFIED.);
#320=B_SPLINE_SURFACE_WITH_KNOTS('',3,1,((#6796,#6797),(#6798,#6799),(#6800,
#6801),(#6802,#6803),(#6804,#6805)),.UNSPECIFIED.,.F.,.F.,.F.,(4,1,4),(2,
2),(0.,0.0160785744106463,0.037514693598166),(0.,0.0500000000000007),
 .UNSPECIFIED.);
#321=B_SPLINE_SURFACE_WITH_KNOTS('',3,1,((#6822,#6823),(#6824,#6825),(#6826,
#6827),(#6828,#6829),(#6830,#6831)),.UNSPECIFIED.,.F.,.F.,.F.,(4,1,4),(2,
2),(0.,0.0181634445478105,0.0357458301201578),(0.,0.0500000000000007),
 .UNSPECIFIED.);
#322=B_SPLINE_SURFACE_WITH_KNOTS('',3,1,((#6845,#6846),(#6847,#6848),(#6849,
#6850),(#6851,#6852),(#6853,#6854)),.UNSPECIFIED.,.F.,.F.,.F.,(4,1,4),(2,
2),(0.,0.020237096686248,0.0392856634754939),(0.,0.0500000000000007),
 .UNSPECIFIED.);
#323=B_SPLINE_SURFACE_WITH_KNOTS('',3,1,((#6868,#6869),(#6870,#6871),(#6872,
#6873),(#6874,#6875),(#6876,#6877)),.UNSPECIFIED.,.F.,.F.,.F.,(4,1,4),(2,
2),(0.,0.0156547742731864,0.0347425178898031),(0.,0.0500000000000007),
 .UNSPECIFIED.);
#324=B_SPLINE_SURFACE_WITH_KNOTS('',3,1,((#6891,#6892),(#6893,#6894),(#6895,
#6896),(#6897,#6898),(#6899,#6900)),.UNSPECIFIED.,.F.,.F.,.F.,(4,1,4),(2,
2),(0.,0.0137857890181126,0.0275989031844547),(0.,0.0500000000000007),
 .UNSPECIFIED.);
#325=B_SPLINE_SURFACE_WITH_KNOTS('',3,1,((#6914,#6915),(#6916,#6917),(#6918,
#6919),(#6920,#6921),(#6922,#6923)),.UNSPECIFIED.,.F.,.F.,.F.,(4,1,4),(2,
2),(0.,0.00908657348173006,0.0183330261853745),(0.,0.0500000000000007),
 .UNSPECIFIED.);
#326=B_SPLINE_SURFACE_WITH_KNOTS('',3,1,((#6937,#6938),(#6939,#6940),(#6941,
#6942),(#6943,#6944),(#6945,#6946)),.UNSPECIFIED.,.F.,.F.,.F.,(4,1,4),(2,
2),(0.,0.00975659119943941,0.0191077919790291),(0.,0.0500000000000007),
 .UNSPECIFIED.);
#327=B_SPLINE_SURFACE_WITH_KNOTS('',3,1,((#6960,#6961),(#6962,#6963),(#6964,
#6965),(#6966,#6967),(#6968,#6969)),.UNSPECIFIED.,.F.,.F.,.F.,(4,1,4),(2,
2),(0.,0.0196991199819453,0.0330179845476122),(0.,0.0500000000000007),
 .UNSPECIFIED.);
#328=B_SPLINE_SURFACE_WITH_KNOTS('',3,1,((#6983,#6984),(#6985,#6986),(#6987,
#6988),(#6989,#6990),(#6991,#6992)),.UNSPECIFIED.,.F.,.F.,.F.,(4,1,4),(2,
2),(0.,0.0261867433001942,0.0618509914038741),(0.,0.0500000000000007),
 .UNSPECIFIED.);
#329=B_SPLINE_SURFACE_WITH_KNOTS('',3,1,((#7018,#7019),(#7020,#7021),(#7022,
#7023),(#7024,#7025),(#7026,#7027)),.UNSPECIFIED.,.F.,.F.,.F.,(4,1,4),(2,
2),(0.,0.0137257623536847,0.027736110602528),(0.,0.0500000000000007),
 .UNSPECIFIED.);
#330=B_SPLINE_SURFACE_WITH_KNOTS('',3,1,((#7041,#7042),(#7043,#7044),(#7045,
#7046),(#7047,#7048),(#7049,#7050)),.UNSPECIFIED.,.F.,.F.,.F.,(4,1,4),(2,
2),(0.,0.0419546563127097,0.0651403601365294),(0.,0.0500000000000007),
 .UNSPECIFIED.);
#331=B_SPLINE_SURFACE_WITH_KNOTS('',3,1,((#7070,#7071),(#7072,#7073),(#7074,
#7075),(#7076,#7077),(#7078,#7079)),.UNSPECIFIED.,.F.,.F.,.F.,(4,1,4),(2,
2),(0.,0.0132712580909198,0.0340471641259214),(0.,0.0500000000000007),
 .UNSPECIFIED.);
#332=B_SPLINE_SURFACE_WITH_KNOTS('',3,1,((#7093,#7094),(#7095,#7096),(#7097,
#7098),(#7099,#7100),(#7101,#7102)),.UNSPECIFIED.,.F.,.F.,.F.,(4,1,4),(2,
2),(0.,0.0131451420797136,0.0276733929427936),(0.,0.0500000000000007),
 .UNSPECIFIED.);
#333=B_SPLINE_SURFACE_WITH_KNOTS('',3,1,((#7116,#7117),(#7118,#7119),(#7120,
#7121),(#7122,#7123),(#7124,#7125)),.UNSPECIFIED.,.F.,.F.,.F.,(4,1,4),(2,
2),(0.,0.0168166511963766,0.0307397847072183),(0.,0.0500000000000007),
 .UNSPECIFIED.);
#334=B_SPLINE_SURFACE_WITH_KNOTS('',3,1,((#7139,#7140),(#7141,#7142),(#7143,
#7144),(#7145,#7146),(#7147,#7148)),.UNSPECIFIED.,.F.,.F.,.F.,(4,1,4),(2,
2),(0.,0.0252747804221509,0.045872318631662),(0.,0.0500000000000007),
 .UNSPECIFIED.);
#335=B_SPLINE_SURFACE_WITH_KNOTS('',3,1,((#7162,#7163),(#7164,#7165),(#7166,
#7167),(#7168,#7169),(#7170,#7171)),.UNSPECIFIED.,.F.,.F.,.F.,(4,1,4),(2,
2),(0.,0.0236994459593977,0.0501182912760881),(0.,0.0500000000000007),
 .UNSPECIFIED.);
#336=B_SPLINE_SURFACE_WITH_KNOTS('',3,1,((#7185,#7186),(#7187,#7188),(#7189,
#7190),(#7191,#7192),(#7193,#7194)),.UNSPECIFIED.,.F.,.F.,.F.,(4,1,4),(2,
2),(0.,0.0186834182110237,0.0396182728124495),(0.,0.0500000000000007),
 .UNSPECIFIED.);
#337=B_SPLINE_SURFACE_WITH_KNOTS('',3,1,((#7208,#7209),(#7210,#7211),(#7212,
#7213),(#7214,#7215),(#7216,#7217)),.UNSPECIFIED.,.F.,.F.,.F.,(4,1,4),(2,
2),(0.,0.0218609690522016,0.0408742567543102),(0.,0.0500000000000007),
 .UNSPECIFIED.);
#338=B_SPLINE_SURFACE_WITH_KNOTS('',3,1,((#7237,#7238),(#7239,#7240),(#7241,
#7242),(#7243,#7244),(#7245,#7246)),.UNSPECIFIED.,.F.,.F.,.F.,(4,1,4),(2,
2),(0.,0.0164751859370624,0.0374629685832116),(0.,0.0500000000000007),
 .UNSPECIFIED.);
#339=B_SPLINE_SURFACE_WITH_KNOTS('',3,1,((#7260,#7261),(#7262,#7263),(#7264,
#7265),(#7266,#7267),(#7268,#7269)),.UNSPECIFIED.,.F.,.F.,.F.,(4,1,4),(2,
2),(0.,0.0227294622466648,0.0400275412678699),(0.,0.0500000000000007),
 .UNSPECIFIED.);
#340=B_SPLINE_SURFACE_WITH_KNOTS('',3,1,((#7283,#7284),(#7285,#7286),(#7287,
#7288),(#7289,#7290),(#7291,#7292)),.UNSPECIFIED.,.F.,.F.,.F.,(4,1,4),(2,
2),(0.,0.0198890849562978,0.0444909150973638),(0.,0.0500000000000007),
 .UNSPECIFIED.);
#341=B_SPLINE_SURFACE_WITH_KNOTS('',3,1,((#7306,#7307),(#7308,#7309),(#7310,
#7311),(#7312,#7313),(#7314,#7315)),.UNSPECIFIED.,.F.,.F.,.F.,(4,1,4),(2,
2),(0.,0.0193614653414322,0.0341388861584782),(0.,0.0500000000000007),
 .UNSPECIFIED.);
#342=B_SPLINE_SURFACE_WITH_KNOTS('',3,1,((#7329,#7330),(#7331,#7332),(#7333,
#7334),(#7335,#7336),(#7337,#7338)),.UNSPECIFIED.,.F.,.F.,.F.,(4,1,4),(2,
2),(0.,0.00619221730372442,0.00962028309787732),(0.,0.0500000000000007),
 .UNSPECIFIED.);
#343=B_SPLINE_SURFACE_WITH_KNOTS('',3,1,((#7352,#7353),(#7354,#7355),(#7356,
#7357),(#7358,#7359),(#7360,#7361)),.UNSPECIFIED.,.F.,.F.,.F.,(4,1,4),(2,
2),(0.,0.0391645650333375,0.0669835650751826),(0.,0.0500000000000007),
 .UNSPECIFIED.);
#344=B_SPLINE_SURFACE_WITH_KNOTS('',3,1,((#7375,#7376),(#7377,#7378),(#7379,
#7380),(#7381,#7382),(#7383,#7384)),.UNSPECIFIED.,.F.,.F.,.F.,(4,1,4),(2,
2),(0.,0.0138963049349133,0.0332211613396366),(0.,0.0500000000000007),
 .UNSPECIFIED.);
#345=B_SPLINE_SURFACE_WITH_KNOTS('',3,1,((#7398,#7399),(#7400,#7401),(#7402,
#7403),(#7404,#7405),(#7406,#7407)),.UNSPECIFIED.,.F.,.F.,.F.,(4,1,4),(2,
2),(0.,0.0144053225439168,0.0293099627392187),(0.,0.0500000000000007),
 .UNSPECIFIED.);
#346=B_SPLINE_SURFACE_WITH_KNOTS('',3,1,((#7421,#7422),(#7423,#7424),(#7425,
#7426),(#7427,#7428),(#7429,#7430)),.UNSPECIFIED.,.F.,.F.,.F.,(4,1,4),(2,
2),(0.,0.014648220704569,0.0287494303017285),(0.,0.0500000000000007),
 .UNSPECIFIED.);
#347=B_SPLINE_SURFACE_WITH_KNOTS('',3,1,((#7444,#7445),(#7446,#7447),(#7448,
#7449),(#7450,#7451),(#7452,#7453)),.UNSPECIFIED.,.F.,.F.,.F.,(4,1,4),(2,
2),(0.,0.0153503482389458,0.0301712001015462),(0.,0.0500000000000007),
 .UNSPECIFIED.);
#348=B_SPLINE_SURFACE_WITH_KNOTS('',3,1,((#7467,#7468),(#7469,#7470),(#7471,
#7472),(#7473,#7474),(#7475,#7476)),.UNSPECIFIED.,.F.,.F.,.F.,(4,1,4),(2,
2),(0.,0.0246632635387021,0.0499374165107752),(0.,0.0500000000000007),
 .UNSPECIFIED.);
#349=B_SPLINE_SURFACE_WITH_KNOTS('',3,1,((#7490,#7491),(#7492,#7493),(#7494,
#7495),(#7496,#7497),(#7498,#7499)),.UNSPECIFIED.,.F.,.F.,.F.,(4,1,4),(2,
2),(0.,0.0319650039812994,0.0587383301758745),(0.,0.0500000000000007),
 .UNSPECIFIED.);
#350=B_SPLINE_SURFACE_WITH_KNOTS('',3,1,((#7513,#7514),(#7515,#7516),(#7517,
#7518),(#7519,#7520),(#7521,#7522)),.UNSPECIFIED.,.F.,.F.,.F.,(4,1,4),(2,
2),(0.,0.0202678206183596,0.0413195201219076),(0.,0.0500000000000007),
 .UNSPECIFIED.);
#351=B_SPLINE_SURFACE_WITH_KNOTS('',3,1,((#7536,#7537),(#7538,#7539),(#7540,
#7541),(#7542,#7543),(#7544,#7545)),.UNSPECIFIED.,.F.,.F.,.F.,(4,1,4),(2,
2),(0.,0.0249871008553534,0.0466766797189992),(0.,0.0500000000000007),
 .UNSPECIFIED.);
#352=B_SPLINE_SURFACE_WITH_KNOTS('',3,1,((#7559,#7560),(#7561,#7562),(#7563,
#7564),(#7565,#7566),(#7567,#7568)),.UNSPECIFIED.,.F.,.F.,.F.,(4,1,4),(2,
2),(0.,0.013292949418439,0.0279128574648578),(0.,0.0500000000000007),
 .UNSPECIFIED.);
#353=B_SPLINE_SURFACE_WITH_KNOTS('',3,1,((#7589,#7590),(#7591,#7592),(#7593,
#7594),(#7595,#7596),(#7597,#7598)),.UNSPECIFIED.,.F.,.F.,.F.,(4,1,4),(2,
2),(0.,0.0210753129287707,0.0435357258091952),(0.,0.0500000000000007),
 .UNSPECIFIED.);
#354=B_SPLINE_SURFACE_WITH_KNOTS('',3,1,((#7612,#7613),(#7614,#7615),(#7616,
#7617),(#7618,#7619),(#7620,#7621)),.UNSPECIFIED.,.F.,.F.,.F.,(4,1,4),(2,
2),(0.,0.0119044146156587,0.0246044777872128),(0.,0.0500000000000007),
 .UNSPECIFIED.);
#355=B_SPLINE_SURFACE_WITH_KNOTS('',3,1,((#7635,#7636),(#7637,#7638),(#7639,
#7640),(#7641,#7642),(#7643,#7644)),.UNSPECIFIED.,.F.,.F.,.F.,(4,1,4),(2,
2),(0.,0.0116068816370646,0.0232352515925602),(0.,0.0500000000000007),
 .UNSPECIFIED.);
#356=B_SPLINE_SURFACE_WITH_KNOTS('',3,1,((#7658,#7659),(#7660,#7661),(#7662,
#7663),(#7664,#7665),(#7666,#7667)),.UNSPECIFIED.,.F.,.F.,.F.,(4,1,4),(2,
2),(0.,0.0147731198645125,0.028425754201384),(0.,0.0500000000000007),
 .UNSPECIFIED.);
#357=B_SPLINE_SURFACE_WITH_KNOTS('',3,1,((#7687,#7688),(#7689,#7690),(#7691,
#7692),(#7693,#7694),(#7695,#7696)),.UNSPECIFIED.,.F.,.F.,.F.,(4,1,4),(2,
2),(0.,0.0190086055122729,0.0400653186187899),(0.,0.0500000000000007),
 .UNSPECIFIED.);
#358=B_SPLINE_SURFACE_WITH_KNOTS('',3,1,((#7710,#7711),(#7712,#7713),(#7714,
#7715),(#7716,#7717),(#7718,#7719)),.UNSPECIFIED.,.F.,.F.,.F.,(4,1,4),(2,
2),(0.,0.0126300958648953,0.0251469370209206),(0.,0.0500000000000007),
 .UNSPECIFIED.);
#359=B_SPLINE_SURFACE_WITH_KNOTS('',3,1,((#7733,#7734),(#7735,#7736),(#7737,
#7738),(#7739,#7740),(#7741,#7742)),.UNSPECIFIED.,.F.,.F.,.F.,(4,1,4),(2,
2),(0.,0.0227225452501222,0.0386038488860361),(0.,0.0500000000000007),
 .UNSPECIFIED.);
#360=B_SPLINE_SURFACE_WITH_KNOTS('',3,1,((#7824,#7825),(#7826,#7827),(#7828,
#7829),(#7830,#7831),(#7832,#7833)),.UNSPECIFIED.,.F.,.F.,.F.,(4,1,4),(2,
2),(0.,0.0256823660131656,0.0517166112248353),(0.,0.0500000000000007),
 .UNSPECIFIED.);
#361=B_SPLINE_SURFACE_WITH_KNOTS('',3,1,((#7847,#7848),(#7849,#7850),(#7851,
#7852),(#7853,#7854),(#7855,#7856)),.UNSPECIFIED.,.F.,.F.,.F.,(4,1,4),(2,
2),(0.,0.0268077161977902,0.0515880042375414),(0.,0.0500000000000007),
 .UNSPECIFIED.);
#362=B_SPLINE_SURFACE_WITH_KNOTS('',3,1,((#7892,#7893),(#7894,#7895),(#7896,
#7897),(#7898,#7899),(#7900,#7901)),.UNSPECIFIED.,.F.,.F.,.F.,(4,1,4),(2,
2),(0.,0.0231117859407468,0.0470096524485459),(0.,0.0500000000000007),
 .UNSPECIFIED.);
#363=B_SPLINE_SURFACE_WITH_KNOTS('',3,1,((#7918,#7919),(#7920,#7921),(#7922,
#7923),(#7924,#7925),(#7926,#7927)),.UNSPECIFIED.,.F.,.F.,.F.,(4,1,4),(2,
2),(0.,0.0247614994153072,0.0485170791663355),(0.,0.0500000000000007),
 .UNSPECIFIED.);
#364=B_SPLINE_SURFACE_WITH_KNOTS('',3,1,((#7941,#7942),(#7943,#7944),(#7945,
#7946),(#7947,#7948),(#7949,#7950)),.UNSPECIFIED.,.F.,.F.,.F.,(4,1,4),(2,
2),(0.,0.0389146880572044,0.0686612872128174),(0.,0.0500000000000007),
 .UNSPECIFIED.);
#365=B_SPLINE_SURFACE_WITH_KNOTS('',3,1,((#7964,#7965),(#7966,#7967),(#7968,
#7969),(#7970,#7971),(#7972,#7973)),.UNSPECIFIED.,.F.,.F.,.F.,(4,1,4),(2,
2),(0.,0.0280736091766692,0.0636789915467583),(0.,0.0500000000000007),
 .UNSPECIFIED.);
#366=B_SPLINE_SURFACE_WITH_KNOTS('',3,1,((#7987,#7988),(#7989,#7990),(#7991,
#7992),(#7993,#7994),(#7995,#7996)),.UNSPECIFIED.,.F.,.F.,.F.,(4,1,4),(2,
2),(0.,0.022839906614109,0.0465859529866663),(0.,0.0500000000000007),
 .UNSPECIFIED.);
#367=B_SPLINE_SURFACE_WITH_KNOTS('',3,1,((#8010,#8011),(#8012,#8013),(#8014,
#8015),(#8016,#8017),(#8018,#8019)),.UNSPECIFIED.,.F.,.F.,.F.,(4,1,4),(2,
2),(0.,0.0246647602616353,0.0476108580777309),(0.,0.0500000000000007),
 .UNSPECIFIED.);
#368=B_SPLINE_SURFACE_WITH_KNOTS('',3,1,((#8033,#8034),(#8035,#8036),(#8037,
#8038),(#8039,#8040),(#8041,#8042)),.UNSPECIFIED.,.F.,.F.,.F.,(4,1,4),(2,
2),(0.,0.0367411799975707,0.0658442971637299),(0.,0.0500000000000007),
 .UNSPECIFIED.);
#369=B_SPLINE_SURFACE_WITH_KNOTS('',3,1,((#8056,#8057),(#8058,#8059),(#8060,
#8061),(#8062,#8063),(#8064,#8065)),.UNSPECIFIED.,.F.,.F.,.F.,(4,1,4),(2,
2),(0.,0.0286048161994654,0.0662257933540684),(0.,0.0500000000000007),
 .UNSPECIFIED.);
#370=B_SPLINE_SURFACE_WITH_KNOTS('',3,1,((#8097,#8098),(#8099,#8100),(#8101,
#8102),(#8103,#8104),(#8105,#8106)),.UNSPECIFIED.,.F.,.F.,.F.,(4,1,4),(2,
2),(0.,0.0168291291612688,0.0331586569314704),(0.,0.0500000000000007),
 .UNSPECIFIED.);
#371=B_SPLINE_SURFACE_WITH_KNOTS('',3,1,((#8120,#8121),(#8122,#8123),(#8124,
#8125),(#8126,#8127),(#8128,#8129)),.UNSPECIFIED.,.F.,.F.,.F.,(4,1,4),(2,
2),(0.,0.0186889814889627,0.0362755716642861),(0.,0.0500000000000007),
 .UNSPECIFIED.);
#372=B_SPLINE_SURFACE_WITH_KNOTS('',3,1,((#8143,#8144),(#8145,#8146),(#8147,
#8148),(#8149,#8150),(#8151,#8152)),.UNSPECIFIED.,.F.,.F.,.F.,(4,1,4),(2,
2),(0.,0.0252942829036227,0.0510657370217271),(0.,0.0500000000000007),
 .UNSPECIFIED.);
#373=B_SPLINE_SURFACE_WITH_KNOTS('',3,1,((#8166,#8167),(#8168,#8169),(#8170,
#8171),(#8172,#8173),(#8174,#8175)),.UNSPECIFIED.,.F.,.F.,.F.,(4,1,4),(2,
2),(0.,0.0271148938095531,0.0527565663988482),(0.,0.0500000000000007),
 .UNSPECIFIED.);
#374=B_SPLINE_SURFACE_WITH_KNOTS('',3,1,((#8189,#8190),(#8191,#8192),(#8193,
#8194),(#8195,#8196),(#8197,#8198)),.UNSPECIFIED.,.F.,.F.,.F.,(4,1,4),(2,
2),(0.,0.031121070811658,0.0602145344466513),(0.,0.0500000000000007),
 .UNSPECIFIED.);
#375=B_SPLINE_SURFACE_WITH_KNOTS('',3,1,((#8212,#8213),(#8214,#8215),(#8216,
#8217),(#8218,#8219),(#8220,#8221)),.UNSPECIFIED.,.F.,.F.,.F.,(4,1,4),(2,
2),(0.,0.0290736416071569,0.0606763958113712),(0.,0.0500000000000007),
 .UNSPECIFIED.);
#376=B_SPLINE_SURFACE_WITH_KNOTS('',3,1,((#8235,#8236),(#8237,#8238),(#8239,
#8240),(#8241,#8242),(#8243,#8244)),.UNSPECIFIED.,.F.,.F.,.F.,(4,1,4),(2,
2),(0.,0.0258016220560116,0.052781460220055),(0.,0.0500000000000007),
 .UNSPECIFIED.);
#377=B_SPLINE_SURFACE_WITH_KNOTS('',3,1,((#8258,#8259),(#8260,#8261),(#8262,
#8263),(#8264,#8265),(#8266,#8267)),.UNSPECIFIED.,.F.,.F.,.F.,(4,1,4),(2,
2),(0.,0.0252214200813241,0.0505339279827189),(0.,0.0500000000000007),
 .UNSPECIFIED.);
#378=B_SPLINE_SURFACE_WITH_KNOTS('',3,1,((#8281,#8282),(#8283,#8284),(#8285,
#8286),(#8287,#8288),(#8289,#8290)),.UNSPECIFIED.,.F.,.F.,.F.,(4,1,4),(2,
2),(0.,0.0352102200278875,0.0713741544289119),(0.,0.0500000000000007),
 .UNSPECIFIED.);
#379=B_SPLINE_SURFACE_WITH_KNOTS('',3,1,((#8323,#8324),(#8325,#8326),(#8327,
#8328),(#8329,#8330),(#8331,#8332)),.UNSPECIFIED.,.F.,.F.,.F.,(4,1,4),(2,
2),(0.,0.0283647634159468,0.0520042590027512),(0.,0.0500000000000007),
 .UNSPECIFIED.);
#380=B_SPLINE_SURFACE_WITH_KNOTS('',3,1,((#8346,#8347),(#8348,#8349),(#8350,
#8351),(#8352,#8353),(#8354,#8355)),.UNSPECIFIED.,.F.,.F.,.F.,(4,1,4),(2,
2),(0.,0.0331137885413587,0.0646496722187436),(0.,0.0500000000000007),
 .UNSPECIFIED.);
#381=B_SPLINE_SURFACE_WITH_KNOTS('',3,1,((#8375,#8376),(#8377,#8378),(#8379,
#8380),(#8381,#8382),(#8383,#8384)),.UNSPECIFIED.,.F.,.F.,.F.,(4,1,4),(2,
2),(0.,0.0232361580848881,0.0431473742147617),(0.,0.0500000000000007),
 .UNSPECIFIED.);
#382=B_SPLINE_SURFACE_WITH_KNOTS('',3,1,((#8398,#8399),(#8400,#8401),(#8402,
#8403),(#8404,#8405),(#8406,#8407)),.UNSPECIFIED.,.F.,.F.,.F.,(4,1,4),(2,
2),(0.,0.0199525240443594,0.0432957760409571),(0.,0.0500000000000007),
 .UNSPECIFIED.);
#383=B_SPLINE_SURFACE_WITH_KNOTS('',3,1,((#8437,#8438),(#8439,#8440),(#8441,
#8442),(#8443,#8444),(#8445,#8446)),.UNSPECIFIED.,.F.,.F.,.F.,(4,1,4),(2,
2),(0.,0.0257956576584471,0.0515495208600006),(0.,0.0500000000000007),
 .UNSPECIFIED.);
#384=B_SPLINE_SURFACE_WITH_KNOTS('',3,1,((#8463,#8464),(#8465,#8466),(#8467,
#8468),(#8469,#8470),(#8471,#8472)),.UNSPECIFIED.,.F.,.F.,.F.,(4,1,4),(2,
2),(0.,0.0257651380598883,0.0512705443433465),(0.,0.0500000000000007),
 .UNSPECIFIED.);
#385=B_SPLINE_SURFACE_WITH_KNOTS('',3,1,((#8486,#8487),(#8488,#8489),(#8490,
#8491),(#8492,#8493),(#8494,#8495)),.UNSPECIFIED.,.F.,.F.,.F.,(4,1,4),(2,
2),(0.,0.0357006345299739,0.0647717319674804),(0.,0.0500000000000007),
 .UNSPECIFIED.);
#386=B_SPLINE_SURFACE_WITH_KNOTS('',3,1,((#8509,#8510),(#8511,#8512),(#8513,
#8514),(#8515,#8516),(#8517,#8518)),.UNSPECIFIED.,.F.,.F.,.F.,(4,1,4),(2,
2),(0.,0.0296776380819347,0.0672498900296932),(0.,0.0500000000000007),
 .UNSPECIFIED.);
#387=B_SPLINE_SURFACE_WITH_KNOTS('',3,1,((#8532,#8533),(#8534,#8535),(#8536,
#8537),(#8538,#8539),(#8540,#8541)),.UNSPECIFIED.,.F.,.F.,.F.,(4,1,4),(2,
2),(0.,0.0256556054804371,0.0514614188901333),(0.,0.0500000000000007),
 .UNSPECIFIED.);
#388=B_SPLINE_SURFACE_WITH_KNOTS('',3,1,((#8555,#8556),(#8557,#8558),(#8559,
#8560),(#8561,#8562),(#8563,#8564)),.UNSPECIFIED.,.F.,.F.,.F.,(4,1,4),(2,
2),(0.,0.025753881139698,0.0515495387981451),(0.,0.0500000000000007),
 .UNSPECIFIED.);
#389=B_SPLINE_SURFACE_WITH_KNOTS('',3,1,((#8578,#8579),(#8580,#8581),(#8582,
#8583),(#8584,#8585),(#8586,#8587)),.UNSPECIFIED.,.F.,.F.,.F.,(4,1,4),(2,
2),(0.,0.0368106450669335,0.0662613761684787),(0.,0.0500000000000007),
 .UNSPECIFIED.);
#390=B_SPLINE_SURFACE_WITH_KNOTS('',3,1,((#8601,#8602),(#8603,#8604),(#8605,
#8606),(#8607,#8608),(#8609,#8610)),.UNSPECIFIED.,.F.,.F.,.F.,(4,1,4),(2,
2),(0.,0.0293148558700167,0.0660747534264223),(0.,0.0500000000000007),
 .UNSPECIFIED.);
#391=B_SPLINE_SURFACE_WITH_KNOTS('',3,1,((#8621,#8622),(#8623,#8624),(#8625,
#8626),(#8627,#8628),(#8629,#8630)),.UNSPECIFIED.,.F.,.F.,.F.,(4,1,4),(2,
2),(0.,0.0419289814424981,0.081219153039024),(0.,0.0500000000000007),
 .UNSPECIFIED.);
#392=B_SPLINE_SURFACE_WITH_KNOTS('',3,1,((#8647,#8648),(#8649,#8650),(#8651,
#8652),(#8653,#8654),(#8655,#8656)),.UNSPECIFIED.,.F.,.F.,.F.,(4,1,4),(2,
2),(0.,0.0269803515406896,0.0545011873767281),(0.,0.0500000000000007),
 .UNSPECIFIED.);
#393=B_SPLINE_SURFACE_WITH_KNOTS('',3,1,((#8670,#8671),(#8672,#8673),(#8674,
#8675),(#8676,#8677),(#8678,#8679)),.UNSPECIFIED.,.F.,.F.,.F.,(4,1,4),(2,
2),(0.,0.0262692052386268,0.0528312878618231),(0.,0.0500000000000007),
 .UNSPECIFIED.);
#394=B_SPLINE_SURFACE_WITH_KNOTS('',3,1,((#8693,#8694),(#8695,#8696),(#8697,
#8698),(#8699,#8700),(#8701,#8702)),.UNSPECIFIED.,.F.,.F.,.F.,(4,1,4),(2,
2),(0.,0.0376339027258236,0.0677736893416908),(0.,0.0500000000000007),
 .UNSPECIFIED.);
#395=B_SPLINE_SURFACE_WITH_KNOTS('',3,1,((#8716,#8717),(#8718,#8719),(#8720,
#8721),(#8722,#8723),(#8724,#8725)),.UNSPECIFIED.,.F.,.F.,.F.,(4,1,4),(2,
2),(0.,0.0408961314393219,0.0875868169261425),(0.,0.0500000000000007),
 .UNSPECIFIED.);
#396=B_SPLINE_SURFACE_WITH_KNOTS('',3,1,((#8739,#8740),(#8741,#8742),(#8743,
#8744),(#8745,#8746),(#8747,#8748)),.UNSPECIFIED.,.F.,.F.,.F.,(4,1,4),(2,
2),(0.,0.041384022272094,0.0807177536763302),(0.,0.0500000000000007),
 .UNSPECIFIED.);
#397=B_SPLINE_SURFACE_WITH_KNOTS('',3,1,((#8762,#8763),(#8764,#8765),(#8766,
#8767),(#8768,#8769),(#8770,#8771)),.UNSPECIFIED.,.F.,.F.,.F.,(4,1,4),(2,
2),(0.,0.0359932977267977,0.073723575198256),(0.,0.0500000000000007),
 .UNSPECIFIED.);
#398=B_SPLINE_SURFACE_WITH_KNOTS('',3,1,((#8785,#8786),(#8787,#8788),(#8789,
#8790),(#8791,#8792),(#8793,#8794)),.UNSPECIFIED.,.F.,.F.,.F.,(4,1,4),(2,
2),(0.,0.0532066197629198,0.0978623965726895),(0.,0.0500000000000007),
 .UNSPECIFIED.);
#399=B_SPLINE_SURFACE_WITH_KNOTS('',3,1,((#8808,#8809),(#8810,#8811),(#8812,
#8813),(#8814,#8815),(#8816,#8817)),.UNSPECIFIED.,.F.,.F.,.F.,(4,1,4),(2,
2),(0.,0.0414400519379763,0.0905444611387116),(0.,0.0500000000000007),
 .UNSPECIFIED.);
#400=B_SPLINE_SURFACE_WITH_KNOTS('',3,1,((#8880,#8881),(#8882,#8883),(#8884,
#8885),(#8886,#8887),(#8888,#8889)),.UNSPECIFIED.,.F.,.F.,.F.,(4,1,4),(2,
2),(0.,0.0249174227775181,0.0472935310400399),(0.,0.0500000000000007),
 .UNSPECIFIED.);
#401=FACE_OUTER_BOUND('',#664,.T.);
#402=FACE_OUTER_BOUND('',#665,.T.);
#403=FACE_OUTER_BOUND('',#666,.T.);
#404=FACE_OUTER_BOUND('',#667,.T.);
#405=FACE_OUTER_BOUND('',#668,.T.);
#406=FACE_OUTER_BOUND('',#669,.T.);
#407=FACE_OUTER_BOUND('',#670,.T.);
#408=FACE_OUTER_BOUND('',#671,.T.);
#409=FACE_OUTER_BOUND('',#672,.T.);
#410=FACE_OUTER_BOUND('',#673,.T.);
#411=FACE_OUTER_BOUND('',#674,.T.);
#412=FACE_OUTER_BOUND('',#675,.T.);
#413=FACE_OUTER_BOUND('',#676,.T.);
#414=FACE_OUTER_BOUND('',#677,.T.);
#415=FACE_OUTER_BOUND('',#678,.T.);
#416=FACE_OUTER_BOUND('',#679,.T.);
#417=FACE_OUTER_BOUND('',#680,.T.);
#418=FACE_OUTER_BOUND('',#681,.T.);
#419=FACE_OUTER_BOUND('',#682,.T.);
#420=FACE_OUTER_BOUND('',#683,.T.);
#421=FACE_OUTER_BOUND('',#684,.T.);
#422=FACE_OUTER_BOUND('',#685,.T.);
#423=FACE_OUTER_BOUND('',#686,.T.);
#424=FACE_OUTER_BOUND('',#687,.T.);
#425=FACE_OUTER_BOUND('',#688,.T.);
#426=FACE_OUTER_BOUND('',#689,.T.);
#427=FACE_OUTER_BOUND('',#690,.T.);
#428=FACE_OUTER_BOUND('',#691,.T.);
#429=FACE_OUTER_BOUND('',#692,.T.);
#430=FACE_OUTER_BOUND('',#693,.T.);
#431=FACE_OUTER_BOUND('',#694,.T.);
#432=FACE_OUTER_BOUND('',#695,.T.);
#433=FACE_OUTER_BOUND('',#696,.T.);
#434=FACE_OUTER_BOUND('',#697,.T.);
#435=FACE_OUTER_BOUND('',#698,.T.);
#436=FACE_OUTER_BOUND('',#699,.T.);
#437=FACE_OUTER_BOUND('',#700,.T.);
#438=FACE_OUTER_BOUND('',#701,.T.);
#439=FACE_OUTER_BOUND('',#702,.T.);
#440=FACE_OUTER_BOUND('',#703,.T.);
#441=FACE_OUTER_BOUND('',#704,.T.);
#442=FACE_OUTER_BOUND('',#705,.T.);
#443=FACE_OUTER_BOUND('',#706,.T.);
#444=FACE_OUTER_BOUND('',#707,.T.);
#445=FACE_OUTER_BOUND('',#708,.T.);
#446=FACE_OUTER_BOUND('',#709,.T.);
#447=FACE_OUTER_BOUND('',#710,.T.);
#448=FACE_OUTER_BOUND('',#711,.T.);
#449=FACE_OUTER_BOUND('',#712,.T.);
#450=FACE_OUTER_BOUND('',#713,.T.);
#451=FACE_OUTER_BOUND('',#714,.T.);
#452=FACE_OUTER_BOUND('',#715,.T.);
#453=FACE_OUTER_BOUND('',#716,.T.);
#454=FACE_OUTER_BOUND('',#717,.T.);
#455=FACE_OUTER_BOUND('',#718,.T.);
#456=FACE_OUTER_BOUND('',#719,.T.);
#457=FACE_OUTER_BOUND('',#720,.T.);
#458=FACE_OUTER_BOUND('',#721,.T.);
#459=FACE_OUTER_BOUND('',#722,.T.);
#460=FACE_OUTER_BOUND('',#723,.T.);
#461=FACE_OUTER_BOUND('',#724,.T.);
#462=FACE_OUTER_BOUND('',#725,.T.);
#463=FACE_OUTER_BOUND('',#726,.T.);
#464=FACE_OUTER_BOUND('',#727,.T.);
#465=FACE_OUTER_BOUND('',#728,.T.);
#466=FACE_OUTER_BOUND('',#729,.T.);
#467=FACE_OUTER_BOUND('',#730,.T.);
#468=FACE_OUTER_BOUND('',#731,.T.);
#469=FACE_OUTER_BOUND('',#732,.T.);
#470=FACE_OUTER_BOUND('',#733,.T.);
#471=FACE_OUTER_BOUND('',#734,.T.);
#472=FACE_OUTER_BOUND('',#735,.T.);
#473=FACE_OUTER_BOUND('',#736,.T.);
#474=FACE_OUTER_BOUND('',#737,.T.);
#475=FACE_OUTER_BOUND('',#738,.T.);
#476=FACE_OUTER_BOUND('',#739,.T.);
#477=FACE_OUTER_BOUND('',#740,.T.);
#478=FACE_OUTER_BOUND('',#741,.T.);
#479=FACE_OUTER_BOUND('',#742,.T.);
#480=FACE_OUTER_BOUND('',#743,.T.);
#481=FACE_OUTER_BOUND('',#744,.T.);
#482=FACE_OUTER_BOUND('',#745,.T.);
#483=FACE_OUTER_BOUND('',#746,.T.);
#484=FACE_OUTER_BOUND('',#747,.T.);
#485=FACE_OUTER_BOUND('',#748,.T.);
#486=FACE_OUTER_BOUND('',#749,.T.);
#487=FACE_OUTER_BOUND('',#750,.T.);
#488=FACE_OUTER_BOUND('',#751,.T.);
#489=FACE_OUTER_BOUND('',#752,.T.);
#490=FACE_OUTER_BOUND('',#753,.T.);
#491=FACE_OUTER_BOUND('',#754,.T.);
#492=FACE_OUTER_BOUND('',#755,.T.);
#493=FACE_OUTER_BOUND('',#758,.T.);
#494=FACE_OUTER_BOUND('',#759,.T.);
#495=FACE_OUTER_BOUND('',#760,.T.);
#496=FACE_OUTER_BOUND('',#761,.T.);
#497=FACE_OUTER_BOUND('',#762,.T.);
#498=FACE_OUTER_BOUND('',#763,.T.);
#499=FACE_OUTER_BOUND('',#764,.T.);
#500=FACE_OUTER_BOUND('',#765,.T.);
#501=FACE_OUTER_BOUND('',#766,.T.);
#502=FACE_OUTER_BOUND('',#767,.T.);
#503=FACE_OUTER_BOUND('',#768,.T.);
#504=FACE_OUTER_BOUND('',#769,.T.);
#505=FACE_OUTER_BOUND('',#770,.T.);
#506=FACE_OUTER_BOUND('',#771,.T.);
#507=FACE_OUTER_BOUND('',#772,.T.);
#508=FACE_OUTER_BOUND('',#773,.T.);
#509=FACE_OUTER_BOUND('',#774,.T.);
#510=FACE_OUTER_BOUND('',#775,.T.);
#511=FACE_OUTER_BOUND('',#776,.T.);
#512=FACE_OUTER_BOUND('',#777,.T.);
#513=FACE_OUTER_BOUND('',#778,.T.);
#514=FACE_OUTER_BOUND('',#779,.T.);
#515=FACE_OUTER_BOUND('',#780,.T.);
#516=FACE_OUTER_BOUND('',#781,.T.);
#517=FACE_OUTER_BOUND('',#782,.T.);
#518=FACE_OUTER_BOUND('',#783,.T.);
#519=FACE_OUTER_BOUND('',#784,.T.);
#520=FACE_OUTER_BOUND('',#785,.T.);
#521=FACE_OUTER_BOUND('',#786,.T.);
#522=FACE_OUTER_BOUND('',#787,.T.);
#523=FACE_OUTER_BOUND('',#788,.T.);
#524=FACE_OUTER_BOUND('',#789,.T.);
#525=FACE_OUTER_BOUND('',#790,.T.);
#526=FACE_OUTER_BOUND('',#791,.T.);
#527=FACE_OUTER_BOUND('',#792,.T.);
#528=FACE_OUTER_BOUND('',#793,.T.);
#529=FACE_OUTER_BOUND('',#794,.T.);
#530=FACE_OUTER_BOUND('',#795,.T.);
#531=FACE_OUTER_BOUND('',#797,.T.);
#532=FACE_OUTER_BOUND('',#798,.T.);
#533=FACE_OUTER_BOUND('',#799,.T.);
#534=FACE_OUTER_BOUND('',#800,.T.);
#535=FACE_OUTER_BOUND('',#801,.T.);
#536=FACE_OUTER_BOUND('',#802,.T.);
#537=FACE_OUTER_BOUND('',#803,.T.);
#538=FACE_OUTER_BOUND('',#804,.T.);
#539=FACE_OUTER_BOUND('',#805,.T.);
#540=FACE_OUTER_BOUND('',#806,.T.);
#541=FACE_OUTER_BOUND('',#807,.T.);
#542=FACE_OUTER_BOUND('',#808,.T.);
#543=FACE_OUTER_BOUND('',#809,.T.);
#544=FACE_OUTER_BOUND('',#810,.T.);
#545=FACE_OUTER_BOUND('',#811,.T.);
#546=FACE_OUTER_BOUND('',#812,.T.);
#547=FACE_OUTER_BOUND('',#813,.T.);
#548=FACE_OUTER_BOUND('',#814,.T.);
#549=FACE_OUTER_BOUND('',#815,.T.);
#550=FACE_OUTER_BOUND('',#816,.T.);
#551=FACE_OUTER_BOUND('',#817,.T.);
#552=FACE_OUTER_BOUND('',#818,.T.);
#553=FACE_OUTER_BOUND('',#819,.T.);
#554=FACE_OUTER_BOUND('',#820,.T.);
#555=FACE_OUTER_BOUND('',#821,.T.);
#556=FACE_OUTER_BOUND('',#822,.T.);
#557=FACE_OUTER_BOUND('',#823,.T.);
#558=FACE_OUTER_BOUND('',#824,.T.);
#559=FACE_OUTER_BOUND('',#825,.T.);
#560=FACE_OUTER_BOUND('',#826,.T.);
#561=FACE_OUTER_BOUND('',#827,.T.);
#562=FACE_OUTER_BOUND('',#828,.T.);
#563=FACE_OUTER_BOUND('',#829,.T.);
#564=FACE_OUTER_BOUND('',#830,.T.);
#565=FACE_OUTER_BOUND('',#831,.T.);
#566=FACE_OUTER_BOUND('',#832,.T.);
#567=FACE_OUTER_BOUND('',#833,.T.);
#568=FACE_OUTER_BOUND('',#834,.T.);
#569=FACE_OUTER_BOUND('',#835,.T.);
#570=FACE_OUTER_BOUND('',#836,.T.);
#571=FACE_OUTER_BOUND('',#837,.T.);
#572=FACE_OUTER_BOUND('',#838,.T.);
#573=FACE_OUTER_BOUND('',#839,.T.);
#574=FACE_OUTER_BOUND('',#840,.T.);
#575=FACE_OUTER_BOUND('',#841,.T.);
#576=FACE_OUTER_BOUND('',#842,.T.);
#577=FACE_OUTER_BOUND('',#843,.T.);
#578=FACE_OUTER_BOUND('',#844,.T.);
#579=FACE_OUTER_BOUND('',#845,.T.);
#580=FACE_OUTER_BOUND('',#846,.T.);
#581=FACE_OUTER_BOUND('',#847,.T.);
#582=FACE_OUTER_BOUND('',#848,.T.);
#583=FACE_OUTER_BOUND('',#850,.T.);
#584=FACE_OUTER_BOUND('',#851,.T.);
#585=FACE_OUTER_BOUND('',#852,.T.);
#586=FACE_OUTER_BOUND('',#853,.T.);
#587=FACE_OUTER_BOUND('',#854,.T.);
#588=FACE_OUTER_BOUND('',#855,.T.);
#589=FACE_OUTER_BOUND('',#856,.T.);
#590=FACE_OUTER_BOUND('',#857,.T.);
#591=FACE_OUTER_BOUND('',#858,.T.);
#592=FACE_OUTER_BOUND('',#859,.T.);
#593=FACE_OUTER_BOUND('',#860,.T.);
#594=FACE_OUTER_BOUND('',#861,.T.);
#595=FACE_OUTER_BOUND('',#862,.T.);
#596=FACE_OUTER_BOUND('',#863,.T.);
#597=FACE_OUTER_BOUND('',#864,.T.);
#598=FACE_OUTER_BOUND('',#865,.T.);
#599=FACE_OUTER_BOUND('',#866,.T.);
#600=FACE_OUTER_BOUND('',#867,.T.);
#601=FACE_OUTER_BOUND('',#868,.T.);
#602=FACE_OUTER_BOUND('',#869,.T.);
#603=FACE_OUTER_BOUND('',#870,.T.);
#604=FACE_OUTER_BOUND('',#871,.T.);
#605=FACE_OUTER_BOUND('',#872,.T.);
#606=FACE_OUTER_BOUND('',#873,.T.);
#607=FACE_OUTER_BOUND('',#874,.T.);
#608=FACE_OUTER_BOUND('',#875,.T.);
#609=FACE_OUTER_BOUND('',#876,.T.);
#610=FACE_OUTER_BOUND('',#877,.T.);
#611=FACE_OUTER_BOUND('',#879,.T.);
#612=FACE_OUTER_BOUND('',#880,.T.);
#613=FACE_OUTER_BOUND('',#881,.T.);
#614=FACE_OUTER_BOUND('',#882,.T.);
#615=FACE_OUTER_BOUND('',#883,.T.);
#616=FACE_OUTER_BOUND('',#884,.T.);
#617=FACE_OUTER_BOUND('',#885,.T.);
#618=FACE_OUTER_BOUND('',#886,.T.);
#619=FACE_OUTER_BOUND('',#887,.T.);
#620=FACE_OUTER_BOUND('',#888,.T.);
#621=FACE_OUTER_BOUND('',#889,.T.);
#622=FACE_OUTER_BOUND('',#890,.T.);
#623=FACE_OUTER_BOUND('',#891,.T.);
#624=FACE_OUTER_BOUND('',#892,.T.);
#625=FACE_OUTER_BOUND('',#893,.T.);
#626=FACE_OUTER_BOUND('',#894,.T.);
#627=FACE_OUTER_BOUND('',#895,.T.);
#628=FACE_OUTER_BOUND('',#896,.T.);
#629=FACE_OUTER_BOUND('',#897,.T.);
#630=FACE_OUTER_BOUND('',#898,.T.);
#631=FACE_OUTER_BOUND('',#899,.T.);
#632=FACE_OUTER_BOUND('',#904,.T.);
#633=FACE_OUTER_BOUND('',#905,.T.);
#634=FACE_OUTER_BOUND('',#907,.T.);
#635=FACE_OUTER_BOUND('',#908,.T.);
#636=FACE_OUTER_BOUND('',#919,.T.);
#637=FACE_OUTER_BOUND('',#920,.T.);
#638=FACE_OUTER_BOUND('',#921,.T.);
#639=FACE_OUTER_BOUND('',#922,.T.);
#640=FACE_OUTER_BOUND('',#923,.T.);
#641=FACE_OUTER_BOUND('',#924,.T.);
#642=FACE_OUTER_BOUND('',#925,.T.);
#643=FACE_OUTER_BOUND('',#926,.T.);
#644=FACE_OUTER_BOUND('',#928,.T.);
#645=FACE_OUTER_BOUND('',#929,.T.);
#646=FACE_OUTER_BOUND('',#931,.T.);
#647=FACE_OUTER_BOUND('',#932,.T.);
#648=FACE_OUTER_BOUND('',#934,.T.);
#649=FACE_OUTER_BOUND('',#935,.T.);
#650=FACE_OUTER_BOUND('',#937,.T.);
#651=FACE_OUTER_BOUND('',#938,.T.);
#652=FACE_OUTER_BOUND('',#939,.T.);
#653=FACE_OUTER_BOUND('',#940,.T.);
#654=FACE_OUTER_BOUND('',#941,.T.);
#655=FACE_OUTER_BOUND('',#942,.T.);
#656=FACE_OUTER_BOUND('',#943,.T.);
#657=FACE_OUTER_BOUND('',#944,.T.);
#658=FACE_OUTER_BOUND('',#945,.T.);
#659=FACE_OUTER_BOUND('',#947,.T.);
#660=FACE_OUTER_BOUND('',#948,.T.);
#661=FACE_OUTER_BOUND('',#949,.T.);
#662=FACE_OUTER_BOUND('',#950,.T.);
#663=FACE_OUTER_BOUND('',#951,.T.);
#664=EDGE_LOOP('',(#3030,#3031,#3032,#3033));
#665=EDGE_LOOP('',(#3034,#3035,#3036,#3037));
#666=EDGE_LOOP('',(#3038,#3039,#3040,#3041));
#667=EDGE_LOOP('',(#3042,#3043,#3044,#3045));
#668=EDGE_LOOP('',(#3046,#3047,#3048,#3049));
#669=EDGE_LOOP('',(#3050,#3051,#3052,#3053));
#670=EDGE_LOOP('',(#3054,#3055,#3056,#3057));
#671=EDGE_LOOP('',(#3058,#3059,#3060,#3061));
#672=EDGE_LOOP('',(#3062,#3063,#3064,#3065,#3066,#3067,#3068,#3069));
#673=EDGE_LOOP('',(#3070,#3071,#3072,#3073));
#674=EDGE_LOOP('',(#3074,#3075,#3076,#3077));
#675=EDGE_LOOP('',(#3078,#3079,#3080,#3081));
#676=EDGE_LOOP('',(#3082,#3083,#3084,#3085));
#677=EDGE_LOOP('',(#3086,#3087,#3088,#3089));
#678=EDGE_LOOP('',(#3090,#3091,#3092,#3093));
#679=EDGE_LOOP('',(#3094,#3095,#3096,#3097));
#680=EDGE_LOOP('',(#3098,#3099,#3100,#3101));
#681=EDGE_LOOP('',(#3102,#3103,#3104,#3105,#3106,#3107,#3108,#3109));
#682=EDGE_LOOP('',(#3110,#3111,#3112,#3113));
#683=EDGE_LOOP('',(#3114,#3115,#3116,#3117));
#684=EDGE_LOOP('',(#3118,#3119,#3120,#3121));
#685=EDGE_LOOP('',(#3122,#3123,#3124,#3125));
#686=EDGE_LOOP('',(#3126,#3127,#3128,#3129));
#687=EDGE_LOOP('',(#3130,#3131,#3132,#3133));
#688=EDGE_LOOP('',(#3134,#3135,#3136,#3137));
#689=EDGE_LOOP('',(#3138,#3139,#3140,#3141));
#690=EDGE_LOOP('',(#3142,#3143,#3144,#3145));
#691=EDGE_LOOP('',(#3146,#3147,#3148,#3149));
#692=EDGE_LOOP('',(#3150,#3151,#3152,#3153));
#693=EDGE_LOOP('',(#3154,#3155,#3156,#3157));
#694=EDGE_LOOP('',(#3158,#3159,#3160,#3161));
#695=EDGE_LOOP('',(#3162,#3163,#3164,#3165));
#696=EDGE_LOOP('',(#3166,#3167,#3168,#3169));
#697=EDGE_LOOP('',(#3170,#3171,#3172,#3173));
#698=EDGE_LOOP('',(#3174,#3175,#3176,#3177));
#699=EDGE_LOOP('',(#3178,#3179,#3180,#3181));
#700=EDGE_LOOP('',(#3182,#3183,#3184,#3185));
#701=EDGE_LOOP('',(#3186,#3187,#3188,#3189));
#702=EDGE_LOOP('',(#3190,#3191,#3192,#3193));
#703=EDGE_LOOP('',(#3194,#3195,#3196,#3197));
#704=EDGE_LOOP('',(#3198,#3199,#3200,#3201));
#705=EDGE_LOOP('',(#3202,#3203,#3204,#3205));
#706=EDGE_LOOP('',(#3206,#3207,#3208,#3209));
#707=EDGE_LOOP('',(#3210,#3211,#3212,#3213));
#708=EDGE_LOOP('',(#3214,#3215,#3216,#3217));
#709=EDGE_LOOP('',(#3218,#3219,#3220,#3221));
#710=EDGE_LOOP('',(#3222,#3223,#3224,#3225));
#711=EDGE_LOOP('',(#3226,#3227,#3228,#3229));
#712=EDGE_LOOP('',(#3230,#3231,#3232,#3233));
#713=EDGE_LOOP('',(#3234,#3235,#3236,#3237));
#714=EDGE_LOOP('',(#3238,#3239,#3240));
#715=EDGE_LOOP('',(#3241,#3242,#3243));
#716=EDGE_LOOP('',(#3244,#3245,#3246));
#717=EDGE_LOOP('',(#3247,#3248,#3249));
#718=EDGE_LOOP('',(#3250,#3251,#3252));
#719=EDGE_LOOP('',(#3253,#3254,#3255));
#720=EDGE_LOOP('',(#3256,#3257,#3258));
#721=EDGE_LOOP('',(#3259,#3260,#3261,#3262,#3263,#3264,#3265,#3266,#3267,
#3268,#3269,#3270,#3271,#3272,#3273,#3274,#3275,#3276,#3277,#3278,#3279,
#3280,#3281));
#722=EDGE_LOOP('',(#3282,#3283,#3284,#3285));
#723=EDGE_LOOP('',(#3286,#3287,#3288,#3289));
#724=EDGE_LOOP('',(#3290,#3291,#3292,#3293));
#725=EDGE_LOOP('',(#3294,#3295,#3296,#3297));
#726=EDGE_LOOP('',(#3298,#3299,#3300,#3301));
#727=EDGE_LOOP('',(#3302,#3303,#3304,#3305));
#728=EDGE_LOOP('',(#3306,#3307,#3308,#3309));
#729=EDGE_LOOP('',(#3310,#3311,#3312,#3313));
#730=EDGE_LOOP('',(#3314,#3315,#3316,#3317));
#731=EDGE_LOOP('',(#3318,#3319,#3320,#3321));
#732=EDGE_LOOP('',(#3322,#3323,#3324,#3325));
#733=EDGE_LOOP('',(#3326,#3327,#3328,#3329));
#734=EDGE_LOOP('',(#3330,#3331,#3332,#3333));
#735=EDGE_LOOP('',(#3334,#3335,#3336,#3337));
#736=EDGE_LOOP('',(#3338,#3339,#3340,#3341));
#737=EDGE_LOOP('',(#3342,#3343,#3344,#3345));
#738=EDGE_LOOP('',(#3346,#3347,#3348,#3349));
#739=EDGE_LOOP('',(#3350,#3351,#3352,#3353));
#740=EDGE_LOOP('',(#3354,#3355,#3356,#3357));
#741=EDGE_LOOP('',(#3358,#3359,#3360,#3361));
#742=EDGE_LOOP('',(#3362,#3363,#3364,#3365));
#743=EDGE_LOOP('',(#3366,#3367,#3368,#3369));
#744=EDGE_LOOP('',(#3370,#3371,#3372,#3373));
#745=EDGE_LOOP('',(#3374,#3375,#3376,#3377));
#746=EDGE_LOOP('',(#3378,#3379,#3380,#3381));
#747=EDGE_LOOP('',(#3382,#3383,#3384,#3385));
#748=EDGE_LOOP('',(#3386,#3387,#3388,#3389));
#749=EDGE_LOOP('',(#3390,#3391,#3392,#3393));
#750=EDGE_LOOP('',(#3394,#3395,#3396,#3397));
#751=EDGE_LOOP('',(#3398,#3399,#3400,#3401));
#752=EDGE_LOOP('',(#3402,#3403,#3404,#3405));
#753=EDGE_LOOP('',(#3406,#3407,#3408,#3409));
#754=EDGE_LOOP('',(#3410,#3411,#3412,#3413));
#755=EDGE_LOOP('',(#3414,#3415,#3416,#3417,#3418,#3419,#3420,#3421,#3422,
#3423,#3424,#3425,#3426,#3427));
#756=EDGE_LOOP('',(#3428,#3429,#3430,#3431,#3432,#3433,#3434,#3435,#3436,
#3437));
#757=EDGE_LOOP('',(#3438,#3439,#3440,#3441,#3442,#3443,#3444,#3445,#3446));
#758=EDGE_LOOP('',(#3447,#3448,#3449,#3450));
#759=EDGE_LOOP('',(#3451,#3452,#3453,#3454));
#760=EDGE_LOOP('',(#3455,#3456,#3457,#3458));
#761=EDGE_LOOP('',(#3459,#3460,#3461,#3462));
#762=EDGE_LOOP('',(#3463,#3464,#3465,#3466));
#763=EDGE_LOOP('',(#3467,#3468,#3469,#3470));
#764=EDGE_LOOP('',(#3471,#3472,#3473,#3474));
#765=EDGE_LOOP('',(#3475,#3476,#3477,#3478));
#766=EDGE_LOOP('',(#3479,#3480,#3481,#3482));
#767=EDGE_LOOP('',(#3483,#3484,#3485,#3486));
#768=EDGE_LOOP('',(#3487,#3488,#3489,#3490));
#769=EDGE_LOOP('',(#3491,#3492,#3493,#3494));
#770=EDGE_LOOP('',(#3495,#3496,#3497,#3498));
#771=EDGE_LOOP('',(#3499,#3500,#3501,#3502));
#772=EDGE_LOOP('',(#3503,#3504,#3505,#3506));
#773=EDGE_LOOP('',(#3507,#3508,#3509,#3510));
#774=EDGE_LOOP('',(#3511,#3512,#3513,#3514));
#775=EDGE_LOOP('',(#3515,#3516,#3517,#3518));
#776=EDGE_LOOP('',(#3519,#3520,#3521,#3522));
#777=EDGE_LOOP('',(#3523,#3524,#3525,#3526));
#778=EDGE_LOOP('',(#3527,#3528,#3529,#3530));
#779=EDGE_LOOP('',(#3531,#3532,#3533,#3534));
#780=EDGE_LOOP('',(#3535,#3536,#3537,#3538));
#781=EDGE_LOOP('',(#3539,#3540,#3541,#3542));
#782=EDGE_LOOP('',(#3543,#3544,#3545,#3546));
#783=EDGE_LOOP('',(#3547,#3548,#3549,#3550));
#784=EDGE_LOOP('',(#3551,#3552,#3553,#3554));
#785=EDGE_LOOP('',(#3555,#3556,#3557,#3558));
#786=EDGE_LOOP('',(#3559,#3560,#3561,#3562));
#787=EDGE_LOOP('',(#3563,#3564,#3565,#3566));
#788=EDGE_LOOP('',(#3567,#3568,#3569,#3570));
#789=EDGE_LOOP('',(#3571,#3572,#3573,#3574));
#790=EDGE_LOOP('',(#3575,#3576,#3577,#3578));
#791=EDGE_LOOP('',(#3579,#3580,#3581,#3582));
#792=EDGE_LOOP('',(#3583,#3584,#3585,#3586));
#793=EDGE_LOOP('',(#3587,#3588,#3589,#3590));
#794=EDGE_LOOP('',(#3591,#3592,#3593,#3594));
#795=EDGE_LOOP('',(#3595,#3596,#3597,#3598,#3599,#3600,#3601,#3602,#3603,
#3604,#3605,#3606,#3607,#3608,#3609,#3610,#3611,#3612,#3613,#3614,#3615,
#3616,#3617,#3618,#3619,#3620,#3621));
#796=EDGE_LOOP('',(#3622,#3623,#3624,#3625,#3626,#3627,#3628,#3629,#3630,
#3631));
#797=EDGE_LOOP('',(#3632,#3633,#3634,#3635));
#798=EDGE_LOOP('',(#3636,#3637,#3638,#3639));
#799=EDGE_LOOP('',(#3640,#3641,#3642,#3643));
#800=EDGE_LOOP('',(#3644,#3645,#3646,#3647));
#801=EDGE_LOOP('',(#3648,#3649,#3650,#3651));
#802=EDGE_LOOP('',(#3652,#3653,#3654,#3655));
#803=EDGE_LOOP('',(#3656,#3657,#3658,#3659));
#804=EDGE_LOOP('',(#3660,#3661,#3662,#3663));
#805=EDGE_LOOP('',(#3664,#3665,#3666,#3667));
#806=EDGE_LOOP('',(#3668,#3669,#3670,#3671));
#807=EDGE_LOOP('',(#3672,#3673,#3674,#3675));
#808=EDGE_LOOP('',(#3676,#3677,#3678,#3679));
#809=EDGE_LOOP('',(#3680,#3681,#3682,#3683));
#810=EDGE_LOOP('',(#3684,#3685,#3686,#3687,#3688,#3689,#3690,#3691,#3692,
#3693,#3694,#3695,#3696));
#811=EDGE_LOOP('',(#3697,#3698,#3699,#3700));
#812=EDGE_LOOP('',(#3701,#3702,#3703,#3704));
#813=EDGE_LOOP('',(#3705,#3706,#3707,#3708));
#814=EDGE_LOOP('',(#3709,#3710,#3711,#3712));
#815=EDGE_LOOP('',(#3713,#3714,#3715,#3716));
#816=EDGE_LOOP('',(#3717,#3718,#3719,#3720));
#817=EDGE_LOOP('',(#3721,#3722,#3723,#3724));
#818=EDGE_LOOP('',(#3725,#3726,#3727,#3728));
#819=EDGE_LOOP('',(#3729,#3730,#3731,#3732));
#820=EDGE_LOOP('',(#3733,#3734,#3735,#3736));
#821=EDGE_LOOP('',(#3737,#3738,#3739,#3740));
#822=EDGE_LOOP('',(#3741,#3742,#3743,#3744));
#823=EDGE_LOOP('',(#3745,#3746,#3747,#3748));
#824=EDGE_LOOP('',(#3749,#3750,#3751,#3752));
#825=EDGE_LOOP('',(#3753,#3754,#3755,#3756,#3757,#3758,#3759,#3760,#3761));
#826=EDGE_LOOP('',(#3762,#3763,#3764,#3765));
#827=EDGE_LOOP('',(#3766,#3767,#3768,#3769));
#828=EDGE_LOOP('',(#3770,#3771,#3772,#3773));
#829=EDGE_LOOP('',(#3774,#3775,#3776,#3777));
#830=EDGE_LOOP('',(#3778,#3779,#3780,#3781));
#831=EDGE_LOOP('',(#3782,#3783,#3784,#3785));
#832=EDGE_LOOP('',(#3786,#3787,#3788,#3789));
#833=EDGE_LOOP('',(#3790,#3791,#3792,#3793));
#834=EDGE_LOOP('',(#3794,#3795,#3796,#3797));
#835=EDGE_LOOP('',(#3798,#3799,#3800,#3801));
#836=EDGE_LOOP('',(#3802,#3803,#3804,#3805));
#837=EDGE_LOOP('',(#3806,#3807,#3808,#3809));
#838=EDGE_LOOP('',(#3810,#3811,#3812,#3813));
#839=EDGE_LOOP('',(#3814,#3815,#3816,#3817));
#840=EDGE_LOOP('',(#3818,#3819,#3820,#3821));
#841=EDGE_LOOP('',(#3822,#3823,#3824,#3825));
#842=EDGE_LOOP('',(#3826,#3827,#3828,#3829));
#843=EDGE_LOOP('',(#3830,#3831,#3832,#3833));
#844=EDGE_LOOP('',(#3834,#3835,#3836,#3837));
#845=EDGE_LOOP('',(#3838,#3839,#3840,#3841));
#846=EDGE_LOOP('',(#3842,#3843,#3844,#3845));
#847=EDGE_LOOP('',(#3846,#3847,#3848,#3849));
#848=EDGE_LOOP('',(#3850,#3851,#3852,#3853,#3854,#3855,#3856,#3857,#3858,
#3859,#3860,#3861,#3862,#3863));
#849=EDGE_LOOP('',(#3864,#3865,#3866,#3867,#3868,#3869,#3870,#3871));
#850=EDGE_LOOP('',(#3872,#3873,#3874,#3875));
#851=EDGE_LOOP('',(#3876,#3877,#3878,#3879));
#852=EDGE_LOOP('',(#3880,#3881,#3882,#3883));
#853=EDGE_LOOP('',(#3884,#3885,#3886,#3887));
#854=EDGE_LOOP('',(#3888,#3889,#3890,#3891));
#855=EDGE_LOOP('',(#3892,#3893,#3894,#3895));
#856=EDGE_LOOP('',(#3896,#3897,#3898,#3899));
#857=EDGE_LOOP('',(#3900,#3901,#3902,#3903));
#858=EDGE_LOOP('',(#3904,#3905,#3906,#3907));
#859=EDGE_LOOP('',(#3908,#3909,#3910,#3911,#3912,#3913,#3914,#3915,#3916));
#860=EDGE_LOOP('',(#3917,#3918,#3919,#3920));
#861=EDGE_LOOP('',(#3921,#3922,#3923,#3924));
#862=EDGE_LOOP('',(#3925,#3926,#3927,#3928));
#863=EDGE_LOOP('',(#3929,#3930,#3931,#3932));
#864=EDGE_LOOP('',(#3933,#3934,#3935,#3936));
#865=EDGE_LOOP('',(#3937,#3938,#3939,#3940));
#866=EDGE_LOOP('',(#3941,#3942,#3943,#3944));
#867=EDGE_LOOP('',(#3945,#3946,#3947,#3948));
#868=EDGE_LOOP('',(#3949,#3950,#3951,#3952));
#869=EDGE_LOOP('',(#3953,#3954,#3955,#3956));
#870=EDGE_LOOP('',(#3957,#3958,#3959,#3960));
#871=EDGE_LOOP('',(#3961,#3962,#3963,#3964));
#872=EDGE_LOOP('',(#3965,#3966,#3967,#3968));
#873=EDGE_LOOP('',(#3969,#3970,#3971,#3972));
#874=EDGE_LOOP('',(#3973,#3974,#3975,#3976));
#875=EDGE_LOOP('',(#3977,#3978,#3979,#3980));
#876=EDGE_LOOP('',(#3981,#3982,#3983,#3984));
#877=EDGE_LOOP('',(#3985,#3986,#3987,#3988,#3989,#3990,#3991,#3992,#3993));
#878=EDGE_LOOP('',(#3994,#3995,#3996,#3997,#3998,#3999,#4000,#4001));
#879=EDGE_LOOP('',(#4002,#4003,#4004,#4005));
#880=EDGE_LOOP('',(#4006,#4007,#4008,#4009));
#881=EDGE_LOOP('',(#4010,#4011,#4012,#4013));
#882=EDGE_LOOP('',(#4014,#4015,#4016,#4017));
#883=EDGE_LOOP('',(#4018,#4019,#4020,#4021));
#884=EDGE_LOOP('',(#4022,#4023,#4024,#4025));
#885=EDGE_LOOP('',(#4026,#4027,#4028,#4029));
#886=EDGE_LOOP('',(#4030,#4031,#4032,#4033));
#887=EDGE_LOOP('',(#4034,#4035,#4036,#4037));
#888=EDGE_LOOP('',(#4038,#4039,#4040,#4041));
#889=EDGE_LOOP('',(#4042,#4043,#4044,#4045));
#890=EDGE_LOOP('',(#4046,#4047,#4048,#4049));
#891=EDGE_LOOP('',(#4050,#4051,#4052,#4053,#4054,#4055,#4056,#4057,#4058,
#4059,#4060,#4061));
#892=EDGE_LOOP('',(#4062,#4063,#4064,#4065,#4066,#4067,#4068,#4069));
#893=EDGE_LOOP('',(#4070,#4071,#4072,#4073,#4074,#4075,#4076,#4077));
#894=EDGE_LOOP('',(#4078,#4079,#4080,#4081,#4082,#4083,#4084,#4085,#4086,
#4087));
#895=EDGE_LOOP('',(#4088,#4089,#4090,#4091,#4092,#4093,#4094,#4095,#4096,
#4097));
#896=EDGE_LOOP('',(#4098,#4099,#4100,#4101,#4102,#4103,#4104,#4105,#4106));
#897=EDGE_LOOP('',(#4107,#4108,#4109,#4110));
#898=EDGE_LOOP('',(#4111,#4112,#4113,#4114,#4115,#4116,#4117,#4118,#4119,
#4120));
#899=EDGE_LOOP('',(#4121,#4122,#4123,#4124,#4125,#4126,#4127,#4128,#4129,
#4130,#4131,#4132,#4133,#4134,#4135,#4136));
#900=EDGE_LOOP('',(#4137));
#901=EDGE_LOOP('',(#4138));
#902=EDGE_LOOP('',(#4139));
#903=EDGE_LOOP('',(#4140));
#904=EDGE_LOOP('',(#4141,#4142,#4143,#4144));
#905=EDGE_LOOP('',(#4145,#4146,#4147,#4148));
#906=EDGE_LOOP('',(#4149,#4150,#4151,#4152,#4153,#4154,#4155,#4156));
#907=EDGE_LOOP('',(#4157,#4158,#4159,#4160));
#908=EDGE_LOOP('',(#4161,#4162,#4163,#4164));
#909=EDGE_LOOP('',(#4165,#4166,#4167,#4168,#4169,#4170,#4171,#4172,#4173,
#4174,#4175,#4176,#4177,#4178));
#910=EDGE_LOOP('',(#4179,#4180,#4181,#4182,#4183,#4184,#4185,#4186,#4187,
#4188,#4189,#4190,#4191,#4192,#4193,#4194,#4195,#4196,#4197,#4198,#4199,
#4200,#4201,#4202,#4203,#4204,#4205));
#911=EDGE_LOOP('',(#4206,#4207,#4208,#4209,#4210,#4211,#4212,#4213,#4214,
#4215,#4216,#4217,#4218));
#912=EDGE_LOOP('',(#4219,#4220,#4221,#4222));
#913=EDGE_LOOP('',(#4223,#4224,#4225,#4226,#4227,#4228,#4229,#4230,#4231));
#914=EDGE_LOOP('',(#4232,#4233,#4234,#4235,#4236,#4237,#4238,#4239,#4240,
#4241,#4242,#4243,#4244,#4245));
#915=EDGE_LOOP('',(#4246,#4247,#4248,#4249,#4250,#4251,#4252,#4253,#4254));
#916=EDGE_LOOP('',(#4255,#4256,#4257,#4258,#4259,#4260,#4261,#4262,#4263));
#917=EDGE_LOOP('',(#4264,#4265,#4266,#4267,#4268,#4269,#4270,#4271,#4272,
#4273,#4274,#4275));
#918=EDGE_LOOP('',(#4276,#4277,#4278,#4279,#4280,#4281,#4282,#4283,#4284,
#4285,#4286,#4287,#4288,#4289,#4290,#4291,#4292,#4293,#4294,#4295,#4296,
#4297,#4298,#4299,#4300,#4301,#4302,#4303,#4304,#4305,#4306,#4307));
#919=EDGE_LOOP('',(#4308,#4309,#4310,#4311));
#920=EDGE_LOOP('',(#4312,#4313,#4314,#4315));
#921=EDGE_LOOP('',(#4316,#4317,#4318,#4319));
#922=EDGE_LOOP('',(#4320,#4321,#4322,#4323));
#923=EDGE_LOOP('',(#4324,#4325,#4326,#4327));
#924=EDGE_LOOP('',(#4328,#4329,#4330,#4331));
#925=EDGE_LOOP('',(#4332,#4333,#4334,#4335));
#926=EDGE_LOOP('',(#4336));
#927=EDGE_LOOP('',(#4337));
#928=EDGE_LOOP('',(#4338,#4339,#4340,#4341));
#929=EDGE_LOOP('',(#4342));
#930=EDGE_LOOP('',(#4343));
#931=EDGE_LOOP('',(#4344,#4345,#4346,#4347));
#932=EDGE_LOOP('',(#4348));
#933=EDGE_LOOP('',(#4349));
#934=EDGE_LOOP('',(#4350,#4351,#4352,#4353));
#935=EDGE_LOOP('',(#4354));
#936=EDGE_LOOP('',(#4355));
#937=EDGE_LOOP('',(#4356,#4357,#4358,#4359));
#938=EDGE_LOOP('',(#4360));
#939=EDGE_LOOP('',(#4361,#4362,#4363,#4364));
#940=EDGE_LOOP('',(#4365));
#941=EDGE_LOOP('',(#4366,#4367,#4368,#4369));
#942=EDGE_LOOP('',(#4370));
#943=EDGE_LOOP('',(#4371,#4372,#4373,#4374));
#944=EDGE_LOOP('',(#4375));
#945=EDGE_LOOP('',(#4376,#4377,#4378,#4379));
#946=EDGE_LOOP('',(#4380,#4381,#4382,#4383,#4384,#4385,#4386,#4387));
#947=EDGE_LOOP('',(#4388,#4389,#4390,#4391));
#948=EDGE_LOOP('',(#4392,#4393,#4394,#4395));
#949=EDGE_LOOP('',(#4396,#4397,#4398,#4399,#4400,#4401,#4402,#4403,#4404,
#4405));
#950=EDGE_LOOP('',(#4406,#4407,#4408,#4409,#4410,#4411,#4412,#4413,#4414,
#4415,#4416,#4417));
#951=EDGE_LOOP('',(#4418,#4419,#4420,#4421,#4422,#4423,#4424,#4425));
#952=LINE('',#5878,#1412);
#953=LINE('',#5880,#1413);
#954=LINE('',#5882,#1414);
#955=LINE('',#5883,#1415);
#956=LINE('',#5886,#1416);
#957=LINE('',#5888,#1417);
#958=LINE('',#5889,#1418);
#959=LINE('',#5892,#1419);
#960=LINE('',#5894,#1420);
#961=LINE('',#5895,#1421);
#962=LINE('',#5898,#1422);
#963=LINE('',#5900,#1423);
#964=LINE('',#5901,#1424);
#965=LINE('',#5904,#1425);
#966=LINE('',#5906,#1426);
#967=LINE('',#5907,#1427);
#968=LINE('',#5910,#1428);
#969=LINE('',#5912,#1429);
#970=LINE('',#5913,#1430);
#971=LINE('',#5916,#1431);
#972=LINE('',#5918,#1432);
#973=LINE('',#5919,#1433);
#974=LINE('',#5921,#1434);
#975=LINE('',#5922,#1435);
#976=LINE('',#5927,#1436);
#977=LINE('',#5929,#1437);
#978=LINE('',#5931,#1438);
#979=LINE('',#5932,#1439);
#980=LINE('',#5935,#1440);
#981=LINE('',#5937,#1441);
#982=LINE('',#5938,#1442);
#983=LINE('',#5941,#1443);
#984=LINE('',#5943,#1444);
#985=LINE('',#5944,#1445);
#986=LINE('',#5947,#1446);
#987=LINE('',#5949,#1447);
#988=LINE('',#5950,#1448);
#989=LINE('',#5953,#1449);
#990=LINE('',#5955,#1450);
#991=LINE('',#5956,#1451);
#992=LINE('',#5959,#1452);
#993=LINE('',#5961,#1453);
#994=LINE('',#5962,#1454);
#995=LINE('',#5965,#1455);
#996=LINE('',#5967,#1456);
#997=LINE('',#5968,#1457);
#998=LINE('',#5970,#1458);
#999=LINE('',#5971,#1459);
#1000=LINE('',#5976,#1460);
#1001=LINE('',#5978,#1461);
#1002=LINE('',#5980,#1462);
#1003=LINE('',#5981,#1463);
#1004=LINE('',#5984,#1464);
#1005=LINE('',#5986,#1465);
#1006=LINE('',#5987,#1466);
#1007=LINE('',#5990,#1467);
#1008=LINE('',#5992,#1468);
#1009=LINE('',#5993,#1469);
#1010=LINE('',#5996,#1470);
#1011=LINE('',#5998,#1471);
#1012=LINE('',#5999,#1472);
#1013=LINE('',#6002,#1473);
#1014=LINE('',#6004,#1474);
#1015=LINE('',#6005,#1475);
#1016=LINE('',#6008,#1476);
#1017=LINE('',#6010,#1477);
#1018=LINE('',#6011,#1478);
#1019=LINE('',#6014,#1479);
#1020=LINE('',#6016,#1480);
#1021=LINE('',#6017,#1481);
#1022=LINE('',#6020,#1482);
#1023=LINE('',#6022,#1483);
#1024=LINE('',#6023,#1484);
#1025=LINE('',#6026,#1485);
#1026=LINE('',#6028,#1486);
#1027=LINE('',#6029,#1487);
#1028=LINE('',#6032,#1488);
#1029=LINE('',#6034,#1489);
#1030=LINE('',#6035,#1490);
#1031=LINE('',#6038,#1491);
#1032=LINE('',#6040,#1492);
#1033=LINE('',#6041,#1493);
#1034=LINE('',#6044,#1494);
#1035=LINE('',#6046,#1495);
#1036=LINE('',#6047,#1496);
#1037=LINE('',#6050,#1497);
#1038=LINE('',#6052,#1498);
#1039=LINE('',#6053,#1499);
#1040=LINE('',#6056,#1500);
#1041=LINE('',#6058,#1501);
#1042=LINE('',#6059,#1502);
#1043=LINE('',#6062,#1503);
#1044=LINE('',#6064,#1504);
#1045=LINE('',#6065,#1505);
#1046=LINE('',#6068,#1506);
#1047=LINE('',#6070,#1507);
#1048=LINE('',#6071,#1508);
#1049=LINE('',#6074,#1509);
#1050=LINE('',#6076,#1510);
#1051=LINE('',#6077,#1511);
#1052=LINE('',#6080,#1512);
#1053=LINE('',#6082,#1513);
#1054=LINE('',#6083,#1514);
#1055=LINE('',#6086,#1515);
#1056=LINE('',#6088,#1516);
#1057=LINE('',#6089,#1517);
#1058=LINE('',#6092,#1518);
#1059=LINE('',#6094,#1519);
#1060=LINE('',#6095,#1520);
#1061=LINE('',#6098,#1521);
#1062=LINE('',#6100,#1522);
#1063=LINE('',#6101,#1523);
#1064=LINE('',#6104,#1524);
#1065=LINE('',#6106,#1525);
#1066=LINE('',#6107,#1526);
#1067=LINE('',#6110,#1527);
#1068=LINE('',#6112,#1528);
#1069=LINE('',#6113,#1529);
#1070=LINE('',#6116,#1530);
#1071=LINE('',#6118,#1531);
#1072=LINE('',#6119,#1532);
#1073=LINE('',#6122,#1533);
#1074=LINE('',#6124,#1534);
#1075=LINE('',#6125,#1535);
#1076=LINE('',#6128,#1536);
#1077=LINE('',#6130,#1537);
#1078=LINE('',#6131,#1538);
#1079=LINE('',#6134,#1539);
#1080=LINE('',#6136,#1540);
#1081=LINE('',#6137,#1541);
#1082=LINE('',#6140,#1542);
#1083=LINE('',#6142,#1543);
#1084=LINE('',#6143,#1544);
#1085=LINE('',#6146,#1545);
#1086=LINE('',#6148,#1546);
#1087=LINE('',#6149,#1547);
#1088=LINE('',#6152,#1548);
#1089=LINE('',#6154,#1549);
#1090=LINE('',#6155,#1550);
#1091=LINE('',#6158,#1551);
#1092=LINE('',#6160,#1552);
#1093=LINE('',#6161,#1553);
#1094=LINE('',#6163,#1554);
#1095=LINE('',#6164,#1555);
#1096=LINE('',#6166,#1556);
#1097=LINE('',#6168,#1557);
#1098=LINE('',#6170,#1558);
#1099=LINE('',#6172,#1559);
#1100=LINE('',#6174,#1560);
#1101=LINE('',#6176,#1561);
#1102=LINE('',#6178,#1562);
#1103=LINE('',#6181,#1563);
#1104=LINE('',#6183,#1564);
#1105=LINE('',#6185,#1565);
#1106=LINE('',#6187,#1566);
#1107=LINE('',#6188,#1567);
#1108=LINE('',#6192,#1568);
#1109=LINE('',#6194,#1569);
#1110=LINE('',#6196,#1570);
#1111=LINE('',#6197,#1571);
#1112=LINE('',#6215,#1572);
#1113=LINE('',#6238,#1573);
#1114=LINE('',#6261,#1574);
#1115=LINE('',#6284,#1575);
#1116=LINE('',#6307,#1576);
#1117=LINE('',#6330,#1577);
#1118=LINE('',#6338,#1578);
#1119=LINE('',#6340,#1579);
#1120=LINE('',#6341,#1580);
#1121=LINE('',#6343,#1581);
#1122=LINE('',#6344,#1582);
#1123=LINE('',#6348,#1583);
#1124=LINE('',#6350,#1584);
#1125=LINE('',#6352,#1585);
#1126=LINE('',#6353,#1586);
#1127=LINE('',#6371,#1587);
#1128=LINE('',#6394,#1588);
#1129=LINE('',#6417,#1589);
#1130=LINE('',#6440,#1590);
#1131=LINE('',#6463,#1591);
#1132=LINE('',#6486,#1592);
#1133=LINE('',#6509,#1593);
#1134=LINE('',#6517,#1594);
#1135=LINE('',#6519,#1595);
#1136=LINE('',#6520,#1596);
#1137=LINE('',#6522,#1597);
#1138=LINE('',#6523,#1598);
#1139=LINE('',#6542,#1599);
#1140=LINE('',#6549,#1600);
#1141=LINE('',#6567,#1601);
#1142=LINE('',#6590,#1602);
#1143=LINE('',#6613,#1603);
#1144=LINE('',#6636,#1604);
#1145=LINE('',#6659,#1605);
#1146=LINE('',#6682,#1606);
#1147=LINE('',#6705,#1607);
#1148=LINE('',#6728,#1608);
#1149=LINE('',#6751,#1609);
#1150=LINE('',#6774,#1610);
#1151=LINE('',#6782,#1611);
#1152=LINE('',#6784,#1612);
#1153=LINE('',#6785,#1613);
#1154=LINE('',#6788,#1614);
#1155=LINE('',#6790,#1615);
#1156=LINE('',#6791,#1616);
#1157=LINE('',#6793,#1617);
#1158=LINE('',#6794,#1618);
#1159=LINE('',#6814,#1619);
#1160=LINE('',#6821,#1620);
#1161=LINE('',#6839,#1621);
#1162=LINE('',#6862,#1622);
#1163=LINE('',#6885,#1623);
#1164=LINE('',#6908,#1624);
#1165=LINE('',#6931,#1625);
#1166=LINE('',#6954,#1626);
#1167=LINE('',#6977,#1627);
#1168=LINE('',#7000,#1628);
#1169=LINE('',#7007,#1629);
#1170=LINE('',#7008,#1630);
#1171=LINE('',#7012,#1631);
#1172=LINE('',#7014,#1632);
#1173=LINE('',#7016,#1633);
#1174=LINE('',#7017,#1634);
#1175=LINE('',#7035,#1635);
#1176=LINE('',#7058,#1636);
#1177=LINE('',#7066,#1637);
#1178=LINE('',#7068,#1638);
#1179=LINE('',#7069,#1639);
#1180=LINE('',#7087,#1640);
#1181=LINE('',#7110,#1641);
#1182=LINE('',#7133,#1642);
#1183=LINE('',#7156,#1643);
#1184=LINE('',#7179,#1644);
#1185=LINE('',#7202,#1645);
#1186=LINE('',#7225,#1646);
#1187=LINE('',#7233,#1647);
#1188=LINE('',#7235,#1648);
#1189=LINE('',#7236,#1649);
#1190=LINE('',#7254,#1650);
#1191=LINE('',#7277,#1651);
#1192=LINE('',#7300,#1652);
#1193=LINE('',#7323,#1653);
#1194=LINE('',#7346,#1654);
#1195=LINE('',#7369,#1655);
#1196=LINE('',#7392,#1656);
#1197=LINE('',#7415,#1657);
#1198=LINE('',#7438,#1658);
#1199=LINE('',#7461,#1659);
#1200=LINE('',#7484,#1660);
#1201=LINE('',#7507,#1661);
#1202=LINE('',#7530,#1662);
#1203=LINE('',#7553,#1663);
#1204=LINE('',#7583,#1664);
#1205=LINE('',#7585,#1665);
#1206=LINE('',#7587,#1666);
#1207=LINE('',#7588,#1667);
#1208=LINE('',#7606,#1668);
#1209=LINE('',#7629,#1669);
#1210=LINE('',#7652,#1670);
#1211=LINE('',#7675,#1671);
#1212=LINE('',#7683,#1672);
#1213=LINE('',#7685,#1673);
#1214=LINE('',#7686,#1674);
#1215=LINE('',#7704,#1675);
#1216=LINE('',#7727,#1676);
#1217=LINE('',#7750,#1677);
#1218=LINE('',#7758,#1678);
#1219=LINE('',#7760,#1679);
#1220=LINE('',#7761,#1680);
#1221=LINE('',#7764,#1681);
#1222=LINE('',#7766,#1682);
#1223=LINE('',#7767,#1683);
#1224=LINE('',#7770,#1684);
#1225=LINE('',#7772,#1685);
#1226=LINE('',#7773,#1686);
#1227=LINE('',#7775,#1687);
#1228=LINE('',#7776,#1688);
#1229=LINE('',#7781,#1689);
#1230=LINE('',#7783,#1690);
#1231=LINE('',#7785,#1691);
#1232=LINE('',#7786,#1692);
#1233=LINE('',#7789,#1693);
#1234=LINE('',#7791,#1694);
#1235=LINE('',#7792,#1695);
#1236=LINE('',#7795,#1696);
#1237=LINE('',#7797,#1697);
#1238=LINE('',#7798,#1698);
#1239=LINE('',#7800,#1699);
#1240=LINE('',#7801,#1700);
#1241=LINE('',#7806,#1701);
#1242=LINE('',#7808,#1702);
#1243=LINE('',#7810,#1703);
#1244=LINE('',#7811,#1704);
#1245=LINE('',#7814,#1705);
#1246=LINE('',#7816,#1706);
#1247=LINE('',#7817,#1707);
#1248=LINE('',#7820,#1708);
#1249=LINE('',#7822,#1709);
#1250=LINE('',#7823,#1710);
#1251=LINE('',#7841,#1711);
#1252=LINE('',#7864,#1712);
#1253=LINE('',#7872,#1713);
#1254=LINE('',#7874,#1714);
#1255=LINE('',#7875,#1715);
#1256=LINE('',#7878,#1716);
#1257=LINE('',#7880,#1717);
#1258=LINE('',#7881,#1718);
#1259=LINE('',#7884,#1719);
#1260=LINE('',#7886,#1720);
#1261=LINE('',#7887,#1721);
#1262=LINE('',#7889,#1722);
#1263=LINE('',#7890,#1723);
#1264=LINE('',#7910,#1724);
#1265=LINE('',#7917,#1725);
#1266=LINE('',#7935,#1726);
#1267=LINE('',#7958,#1727);
#1268=LINE('',#7981,#1728);
#1269=LINE('',#8004,#1729);
#1270=LINE('',#8027,#1730);
#1271=LINE('',#8050,#1731);
#1272=LINE('',#8079,#1732);
#1273=LINE('',#8081,#1733);
#1274=LINE('',#8083,#1734);
#1275=LINE('',#8084,#1735);
#1276=LINE('',#8087,#1736);
#1277=LINE('',#8089,#1737);
#1278=LINE('',#8090,#1738);
#1279=LINE('',#8093,#1739);
#1280=LINE('',#8095,#1740);
#1281=LINE('',#8096,#1741);
#1282=LINE('',#8114,#1742);
#1283=LINE('',#8137,#1743);
#1284=LINE('',#8160,#1744);
#1285=LINE('',#8183,#1745);
#1286=LINE('',#8206,#1746);
#1287=LINE('',#8229,#1747);
#1288=LINE('',#8252,#1748);
#1289=LINE('',#8275,#1749);
#1290=LINE('',#8298,#1750);
#1291=LINE('',#8306,#1751);
#1292=LINE('',#8308,#1752);
#1293=LINE('',#8309,#1753);
#1294=LINE('',#8311,#1754);
#1295=LINE('',#8312,#1755);
#1296=LINE('',#8317,#1756);
#1297=LINE('',#8319,#1757);
#1298=LINE('',#8321,#1758);
#1299=LINE('',#8322,#1759);
#1300=LINE('',#8340,#1760);
#1301=LINE('',#8363,#1761);
#1302=LINE('',#8371,#1762);
#1303=LINE('',#8373,#1763);
#1304=LINE('',#8374,#1764);
#1305=LINE('',#8392,#1765);
#1306=LINE('',#8415,#1766);
#1307=LINE('',#8423,#1767);
#1308=LINE('',#8425,#1768);
#1309=LINE('',#8426,#1769);
#1310=LINE('',#8429,#1770);
#1311=LINE('',#8431,#1771);
#1312=LINE('',#8432,#1772);
#1313=LINE('',#8434,#1773);
#1314=LINE('',#8435,#1774);
#1315=LINE('',#8455,#1775);
#1316=LINE('',#8462,#1776);
#1317=LINE('',#8480,#1777);
#1318=LINE('',#8503,#1778);
#1319=LINE('',#8526,#1779);
#1320=LINE('',#8549,#1780);
#1321=LINE('',#8572,#1781);
#1322=LINE('',#8595,#1782);
#1323=LINE('',#8639,#1783);
#1324=LINE('',#8646,#1784);
#1325=LINE('',#8664,#1785);
#1326=LINE('',#8687,#1786);
#1327=LINE('',#8710,#1787);
#1328=LINE('',#8733,#1788);
#1329=LINE('',#8756,#1789);
#1330=LINE('',#8779,#1790);
#1331=LINE('',#8802,#1791);
#1332=LINE('',#8832,#1792);
#1333=LINE('',#8834,#1793);
#1334=LINE('',#8836,#1794);
#1335=LINE('',#8837,#1795);
#1336=LINE('',#8840,#1796);
#1337=LINE('',#8842,#1797);
#1338=LINE('',#8843,#1798);
#1339=LINE('',#8846,#1799);
#1340=LINE('',#8848,#1800);
#1341=LINE('',#8849,#1801);
#1342=LINE('',#8852,#1802);
#1343=LINE('',#8854,#1803);
#1344=LINE('',#8855,#1804);
#1345=LINE('',#8858,#1805);
#1346=LINE('',#8860,#1806);
#1347=LINE('',#8861,#1807);
#1348=LINE('',#8864,#1808);
#1349=LINE('',#8866,#1809);
#1350=LINE('',#8867,#1810);
#1351=LINE('',#8870,#1811);
#1352=LINE('',#8872,#1812);
#1353=LINE('',#8873,#1813);
#1354=LINE('',#8876,#1814);
#1355=LINE('',#8878,#1815);
#1356=LINE('',#8879,#1816);
#1357=LINE('',#8897,#1817);
#1358=LINE('',#8905,#1818);
#1359=LINE('',#8907,#1819);
#1360=LINE('',#8908,#1820);
#1361=LINE('',#8911,#1821);
#1362=LINE('',#8913,#1822);
#1363=LINE('',#8914,#1823);
#1364=LINE('',#8916,#1824);
#1365=LINE('',#8917,#1825);
#1366=LINE('',#8929,#1826);
#1367=LINE('',#8932,#1827);
#1368=LINE('',#8935,#1828);
#1369=LINE('',#8937,#1829);
#1370=LINE('',#8941,#1830);
#1371=LINE('',#8945,#1831);
#1372=LINE('',#8947,#1832);
#1373=LINE('',#8949,#1833);
#1374=LINE('',#8950,#1834);
#1375=LINE('',#8953,#1835);
#1376=LINE('',#8957,#1836);
#1377=LINE('',#8961,#1837);
#1378=LINE('',#8964,#1838);
#1379=LINE('',#8966,#1839);
#1380=LINE('',#8967,#1840);
#1381=LINE('',#8969,#1841);
#1382=LINE('',#8971,#1842);
#1383=LINE('',#8972,#1843);
#1384=LINE('',#8983,#1844);
#1385=LINE('',#8987,#1845);
#1386=LINE('',#8988,#1846);
#1387=LINE('',#8993,#1847);
#1388=LINE('',#8994,#1848);
#1389=LINE('',#8997,#1849);
#1390=LINE('',#8998,#1850);
#1391=LINE('',#9003,#1851);
#1392=LINE('',#9004,#1852);
#1393=LINE('',#9007,#1853);
#1394=LINE('',#9008,#1854);
#1395=LINE('',#9011,#1855);
#1396=LINE('',#9015,#1856);
#1397=LINE('',#9016,#1857);
#1398=LINE('',#9021,#1858);
#1399=LINE('',#9028,#1859);
#1400=LINE('',#9035,#1860);
#1401=LINE('',#9042,#1861);
#1402=LINE('',#9049,#1862);
#1403=LINE('',#9054,#1863);
#1404=LINE('',#9059,#1864);
#1405=LINE('',#9064,#1865);
#1406=LINE('',#9068,#1866);
#1407=LINE('',#9071,#1867);
#1408=LINE('',#9072,#1868);
#1409=LINE('',#9075,#1869);
#1410=LINE('',#9076,#1870);
#1411=LINE('',#9078,#1871);
#1412=VECTOR('',#5041,10.);
#1413=VECTOR('',#5042,10.);
#1414=VECTOR('',#5043,10.);
#1415=VECTOR('',#5044,10.);
#1416=VECTOR('',#5047,10.);
#1417=VECTOR('',#5048,10.);
#1418=VECTOR('',#5049,10.);
#1419=VECTOR('',#5052,10.);
#1420=VECTOR('',#5053,10.);
#1421=VECTOR('',#5054,10.);
#1422=VECTOR('',#5057,10.);
#1423=VECTOR('',#5058,10.);
#1424=VECTOR('',#5059,10.);
#1425=VECTOR('',#5062,10.);
#1426=VECTOR('',#5063,10.);
#1427=VECTOR('',#5064,10.);
#1428=VECTOR('',#5067,10.);
#1429=VECTOR('',#5068,10.);
#1430=VECTOR('',#5069,10.);
#1431=VECTOR('',#5072,10.);
#1432=VECTOR('',#5073,10.);
#1433=VECTOR('',#5074,10.);
#1434=VECTOR('',#5077,10.);
#1435=VECTOR('',#5078,10.);
#1436=VECTOR('',#5083,10.);
#1437=VECTOR('',#5084,10.);
#1438=VECTOR('',#5085,10.);
#1439=VECTOR('',#5086,10.);
#1440=VECTOR('',#5089,10.);
#1441=VECTOR('',#5090,10.);
#1442=VECTOR('',#5091,10.);
#1443=VECTOR('',#5094,10.);
#1444=VECTOR('',#5095,10.);
#1445=VECTOR('',#5096,10.);
#1446=VECTOR('',#5099,10.);
#1447=VECTOR('',#5100,10.);
#1448=VECTOR('',#5101,10.);
#1449=VECTOR('',#5104,10.);
#1450=VECTOR('',#5105,10.);
#1451=VECTOR('',#5106,10.);
#1452=VECTOR('',#5109,10.);
#1453=VECTOR('',#5110,10.);
#1454=VECTOR('',#5111,10.);
#1455=VECTOR('',#5114,10.);
#1456=VECTOR('',#5115,10.);
#1457=VECTOR('',#5116,10.);
#1458=VECTOR('',#5119,10.);
#1459=VECTOR('',#5120,10.);
#1460=VECTOR('',#5125,10.);
#1461=VECTOR('',#5126,10.);
#1462=VECTOR('',#5127,10.);
#1463=VECTOR('',#5128,10.);
#1464=VECTOR('',#5131,10.);
#1465=VECTOR('',#5132,10.);
#1466=VECTOR('',#5133,10.);
#1467=VECTOR('',#5136,10.);
#1468=VECTOR('',#5137,10.);
#1469=VECTOR('',#5138,10.);
#1470=VECTOR('',#5141,10.);
#1471=VECTOR('',#5142,10.);
#1472=VECTOR('',#5143,10.);
#1473=VECTOR('',#5146,10.);
#1474=VECTOR('',#5147,10.);
#1475=VECTOR('',#5148,10.);
#1476=VECTOR('',#5151,10.);
#1477=VECTOR('',#5152,10.);
#1478=VECTOR('',#5153,10.);
#1479=VECTOR('',#5156,10.);
#1480=VECTOR('',#5157,10.);
#1481=VECTOR('',#5158,10.);
#1482=VECTOR('',#5161,10.);
#1483=VECTOR('',#5162,10.);
#1484=VECTOR('',#5163,10.);
#1485=VECTOR('',#5166,10.);
#1486=VECTOR('',#5167,10.);
#1487=VECTOR('',#5168,10.);
#1488=VECTOR('',#5171,10.);
#1489=VECTOR('',#5172,10.);
#1490=VECTOR('',#5173,10.);
#1491=VECTOR('',#5176,10.);
#1492=VECTOR('',#5177,10.);
#1493=VECTOR('',#5178,10.);
#1494=VECTOR('',#5181,10.);
#1495=VECTOR('',#5182,10.);
#1496=VECTOR('',#5183,10.);
#1497=VECTOR('',#5186,10.);
#1498=VECTOR('',#5187,10.);
#1499=VECTOR('',#5188,10.);
#1500=VECTOR('',#5191,10.);
#1501=VECTOR('',#5192,10.);
#1502=VECTOR('',#5193,10.);
#1503=VECTOR('',#5196,10.);
#1504=VECTOR('',#5197,10.);
#1505=VECTOR('',#5198,10.);
#1506=VECTOR('',#5201,10.);
#1507=VECTOR('',#5202,10.);
#1508=VECTOR('',#5203,10.);
#1509=VECTOR('',#5206,10.);
#1510=VECTOR('',#5207,10.);
#1511=VECTOR('',#5208,10.);
#1512=VECTOR('',#5211,10.);
#1513=VECTOR('',#5212,10.);
#1514=VECTOR('',#5213,10.);
#1515=VECTOR('',#5216,10.);
#1516=VECTOR('',#5217,10.);
#1517=VECTOR('',#5218,10.);
#1518=VECTOR('',#5221,10.);
#1519=VECTOR('',#5222,10.);
#1520=VECTOR('',#5223,10.);
#1521=VECTOR('',#5226,10.);
#1522=VECTOR('',#5227,10.);
#1523=VECTOR('',#5228,10.);
#1524=VECTOR('',#5231,10.);
#1525=VECTOR('',#5232,10.);
#1526=VECTOR('',#5233,10.);
#1527=VECTOR('',#5236,10.);
#1528=VECTOR('',#5237,10.);
#1529=VECTOR('',#5238,10.);
#1530=VECTOR('',#5241,10.);
#1531=VECTOR('',#5242,10.);
#1532=VECTOR('',#5243,10.);
#1533=VECTOR('',#5246,10.);
#1534=VECTOR('',#5247,10.);
#1535=VECTOR('',#5248,10.);
#1536=VECTOR('',#5251,10.);
#1537=VECTOR('',#5252,10.);
#1538=VECTOR('',#5253,10.);
#1539=VECTOR('',#5256,10.);
#1540=VECTOR('',#5257,10.);
#1541=VECTOR('',#5258,10.);
#1542=VECTOR('',#5261,10.);
#1543=VECTOR('',#5262,10.);
#1544=VECTOR('',#5263,10.);
#1545=VECTOR('',#5266,10.);
#1546=VECTOR('',#5267,10.);
#1547=VECTOR('',#5268,10.);
#1548=VECTOR('',#5271,10.);
#1549=VECTOR('',#5272,10.);
#1550=VECTOR('',#5273,10.);
#1551=VECTOR('',#5276,10.);
#1552=VECTOR('',#5277,10.);
#1553=VECTOR('',#5278,10.);
#1554=VECTOR('',#5281,10.);
#1555=VECTOR('',#5282,10.);
#1556=VECTOR('',#5285,10.);
#1557=VECTOR('',#5288,10.);
#1558=VECTOR('',#5291,10.);
#1559=VECTOR('',#5294,10.);
#1560=VECTOR('',#5297,10.);
#1561=VECTOR('',#5300,10.);
#1562=VECTOR('',#5303,10.);
#1563=VECTOR('',#5306,10.);
#1564=VECTOR('',#5307,10.);
#1565=VECTOR('',#5308,10.);
#1566=VECTOR('',#5309,10.);
#1567=VECTOR('',#5310,10.);
#1568=VECTOR('',#5313,10.);
#1569=VECTOR('',#5314,10.);
#1570=VECTOR('',#5315,10.);
#1571=VECTOR('',#5316,10.);
#1572=VECTOR('',#5317,10.);
#1573=VECTOR('',#5318,10.);
#1574=VECTOR('',#5319,10.);
#1575=VECTOR('',#5320,10.);
#1576=VECTOR('',#5321,10.);
#1577=VECTOR('',#5322,10.);
#1578=VECTOR('',#5325,10.);
#1579=VECTOR('',#5326,10.);
#1580=VECTOR('',#5327,10.);
#1581=VECTOR('',#5330,10.);
#1582=VECTOR('',#5331,10.);
#1583=VECTOR('',#5334,10.);
#1584=VECTOR('',#5335,10.);
#1585=VECTOR('',#5336,10.);
#1586=VECTOR('',#5337,10.);
#1587=VECTOR('',#5338,10.);
#1588=VECTOR('',#5339,10.);
#1589=VECTOR('',#5340,10.);
#1590=VECTOR('',#5341,10.);
#1591=VECTOR('',#5342,10.);
#1592=VECTOR('',#5343,10.);
#1593=VECTOR('',#5344,10.);
#1594=VECTOR('',#5347,10.);
#1595=VECTOR('',#5348,10.);
#1596=VECTOR('',#5349,10.);
#1597=VECTOR('',#5352,10.);
#1598=VECTOR('',#5353,10.);
#1599=VECTOR('',#5354,10.);
#1600=VECTOR('',#5355,10.);
#1601=VECTOR('',#5356,10.);
#1602=VECTOR('',#5357,10.);
#1603=VECTOR('',#5358,10.);
#1604=VECTOR('',#5359,10.);
#1605=VECTOR('',#5360,10.);
#1606=VECTOR('',#5361,10.);
#1607=VECTOR('',#5362,10.);
#1608=VECTOR('',#5363,10.);
#1609=VECTOR('',#5364,10.);
#1610=VECTOR('',#5365,10.);
#1611=VECTOR('',#5368,10.);
#1612=VECTOR('',#5369,10.);
#1613=VECTOR('',#5370,10.);
#1614=VECTOR('',#5373,10.);
#1615=VECTOR('',#5374,10.);
#1616=VECTOR('',#5375,10.);
#1617=VECTOR('',#5378,10.);
#1618=VECTOR('',#5379,10.);
#1619=VECTOR('',#5382,10.);
#1620=VECTOR('',#5383,10.);
#1621=VECTOR('',#5384,10.);
#1622=VECTOR('',#5385,10.);
#1623=VECTOR('',#5386,10.);
#1624=VECTOR('',#5387,10.);
#1625=VECTOR('',#5388,10.);
#1626=VECTOR('',#5389,10.);
#1627=VECTOR('',#5390,10.);
#1628=VECTOR('',#5391,10.);
#1629=VECTOR('',#5394,10.);
#1630=VECTOR('',#5395,10.);
#1631=VECTOR('',#5398,10.);
#1632=VECTOR('',#5399,10.);
#1633=VECTOR('',#5400,10.);
#1634=VECTOR('',#5401,10.);
#1635=VECTOR('',#5402,10.);
#1636=VECTOR('',#5403,10.);
#1637=VECTOR('',#5406,10.);
#1638=VECTOR('',#5407,10.);
#1639=VECTOR('',#5408,10.);
#1640=VECTOR('',#5409,10.);
#1641=VECTOR('',#5410,10.);
#1642=VECTOR('',#5411,10.);
#1643=VECTOR('',#5412,10.);
#1644=VECTOR('',#5413,10.);
#1645=VECTOR('',#5414,10.);
#1646=VECTOR('',#5415,10.);
#1647=VECTOR('',#5418,10.);
#1648=VECTOR('',#5419,10.);
#1649=VECTOR('',#5420,10.);
#1650=VECTOR('',#5421,10.);
#1651=VECTOR('',#5422,10.);
#1652=VECTOR('',#5423,10.);
#1653=VECTOR('',#5424,10.);
#1654=VECTOR('',#5425,10.);
#1655=VECTOR('',#5426,10.);
#1656=VECTOR('',#5427,10.);
#1657=VECTOR('',#5428,10.);
#1658=VECTOR('',#5429,10.);
#1659=VECTOR('',#5430,10.);
#1660=VECTOR('',#5431,10.);
#1661=VECTOR('',#5432,10.);
#1662=VECTOR('',#5433,10.);
#1663=VECTOR('',#5434,10.);
#1664=VECTOR('',#5439,10.);
#1665=VECTOR('',#5440,10.);
#1666=VECTOR('',#5441,10.);
#1667=VECTOR('',#5442,10.);
#1668=VECTOR('',#5443,10.);
#1669=VECTOR('',#5444,10.);
#1670=VECTOR('',#5445,10.);
#1671=VECTOR('',#5446,10.);
#1672=VECTOR('',#5449,10.);
#1673=VECTOR('',#5450,10.);
#1674=VECTOR('',#5451,10.);
#1675=VECTOR('',#5452,10.);
#1676=VECTOR('',#5453,10.);
#1677=VECTOR('',#5454,10.);
#1678=VECTOR('',#5457,10.);
#1679=VECTOR('',#5458,10.);
#1680=VECTOR('',#5459,10.);
#1681=VECTOR('',#5462,10.);
#1682=VECTOR('',#5463,10.);
#1683=VECTOR('',#5464,10.);
#1684=VECTOR('',#5467,10.);
#1685=VECTOR('',#5468,10.);
#1686=VECTOR('',#5469,10.);
#1687=VECTOR('',#5472,10.);
#1688=VECTOR('',#5473,10.);
#1689=VECTOR('',#5478,10.);
#1690=VECTOR('',#5479,10.);
#1691=VECTOR('',#5480,10.);
#1692=VECTOR('',#5481,10.);
#1693=VECTOR('',#5484,10.);
#1694=VECTOR('',#5485,10.);
#1695=VECTOR('',#5486,10.);
#1696=VECTOR('',#5489,10.);
#1697=VECTOR('',#5490,10.);
#1698=VECTOR('',#5491,10.);
#1699=VECTOR('',#5494,10.);
#1700=VECTOR('',#5495,10.);
#1701=VECTOR('',#5500,10.);
#1702=VECTOR('',#5501,10.);
#1703=VECTOR('',#5502,10.);
#1704=VECTOR('',#5503,10.);
#1705=VECTOR('',#5506,10.);
#1706=VECTOR('',#5507,10.);
#1707=VECTOR('',#5508,10.);
#1708=VECTOR('',#5511,10.);
#1709=VECTOR('',#5512,10.);
#1710=VECTOR('',#5513,10.);
#1711=VECTOR('',#5514,10.);
#1712=VECTOR('',#5515,10.);
#1713=VECTOR('',#5518,10.);
#1714=VECTOR('',#5519,10.);
#1715=VECTOR('',#5520,10.);
#1716=VECTOR('',#5523,10.);
#1717=VECTOR('',#5524,10.);
#1718=VECTOR('',#5525,10.);
#1719=VECTOR('',#5528,10.);
#1720=VECTOR('',#5529,10.);
#1721=VECTOR('',#5530,10.);
#1722=VECTOR('',#5533,10.);
#1723=VECTOR('',#5534,10.);
#1724=VECTOR('',#5537,10.);
#1725=VECTOR('',#5538,10.);
#1726=VECTOR('',#5539,10.);
#1727=VECTOR('',#5540,10.);
#1728=VECTOR('',#5541,10.);
#1729=VECTOR('',#5542,10.);
#1730=VECTOR('',#5543,10.);
#1731=VECTOR('',#5544,10.);
#1732=VECTOR('',#5547,10.);
#1733=VECTOR('',#5548,10.);
#1734=VECTOR('',#5549,10.);
#1735=VECTOR('',#5550,10.);
#1736=VECTOR('',#5553,10.);
#1737=VECTOR('',#5554,10.);
#1738=VECTOR('',#5555,10.);
#1739=VECTOR('',#5558,10.);
#1740=VECTOR('',#5559,10.);
#1741=VECTOR('',#5560,10.);
#1742=VECTOR('',#5561,10.);
#1743=VECTOR('',#5562,10.);
#1744=VECTOR('',#5563,10.);
#1745=VECTOR('',#5564,10.);
#1746=VECTOR('',#5565,10.);
#1747=VECTOR('',#5566,10.);
#1748=VECTOR('',#5567,10.);
#1749=VECTOR('',#5568,10.);
#1750=VECTOR('',#5569,10.);
#1751=VECTOR('',#5572,10.);
#1752=VECTOR('',#5573,10.);
#1753=VECTOR('',#5574,10.);
#1754=VECTOR('',#5577,10.);
#1755=VECTOR('',#5578,10.);
#1756=VECTOR('',#5583,10.);
#1757=VECTOR('',#5584,10.);
#1758=VECTOR('',#5585,10.);
#1759=VECTOR('',#5586,10.);
#1760=VECTOR('',#5587,10.);
#1761=VECTOR('',#5588,10.);
#1762=VECTOR('',#5591,10.);
#1763=VECTOR('',#5592,10.);
#1764=VECTOR('',#5593,10.);
#1765=VECTOR('',#5594,10.);
#1766=VECTOR('',#5595,10.);
#1767=VECTOR('',#5598,10.);
#1768=VECTOR('',#5599,10.);
#1769=VECTOR('',#5600,10.);
#1770=VECTOR('',#5603,10.);
#1771=VECTOR('',#5604,10.);
#1772=VECTOR('',#5605,10.);
#1773=VECTOR('',#5608,10.);
#1774=VECTOR('',#5609,10.);
#1775=VECTOR('',#5612,10.);
#1776=VECTOR('',#5613,10.);
#1777=VECTOR('',#5614,10.);
#1778=VECTOR('',#5615,10.);
#1779=VECTOR('',#5616,10.);
#1780=VECTOR('',#5617,10.);
#1781=VECTOR('',#5618,10.);
#1782=VECTOR('',#5619,10.);
#1783=VECTOR('',#5620,10.);
#1784=VECTOR('',#5621,10.);
#1785=VECTOR('',#5622,10.);
#1786=VECTOR('',#5623,10.);
#1787=VECTOR('',#5624,10.);
#1788=VECTOR('',#5625,10.);
#1789=VECTOR('',#5626,10.);
#1790=VECTOR('',#5627,10.);
#1791=VECTOR('',#5628,10.);
#1792=VECTOR('',#5633,10.);
#1793=VECTOR('',#5634,10.);
#1794=VECTOR('',#5635,10.);
#1795=VECTOR('',#5636,10.);
#1796=VECTOR('',#5639,10.);
#1797=VECTOR('',#5640,10.);
#1798=VECTOR('',#5641,10.);
#1799=VECTOR('',#5644,10.);
#1800=VECTOR('',#5645,10.);
#1801=VECTOR('',#5646,10.);
#1802=VECTOR('',#5649,10.);
#1803=VECTOR('',#5650,10.);
#1804=VECTOR('',#5651,10.);
#1805=VECTOR('',#5654,10.);
#1806=VECTOR('',#5655,10.);
#1807=VECTOR('',#5656,10.);
#1808=VECTOR('',#5659,10.);
#1809=VECTOR('',#5660,10.);
#1810=VECTOR('',#5661,10.);
#1811=VECTOR('',#5664,10.);
#1812=VECTOR('',#5665,10.);
#1813=VECTOR('',#5666,10.);
#1814=VECTOR('',#5669,10.);
#1815=VECTOR('',#5670,10.);
#1816=VECTOR('',#5671,10.);
#1817=VECTOR('',#5672,10.);
#1818=VECTOR('',#5675,10.);
#1819=VECTOR('',#5676,10.);
#1820=VECTOR('',#5677,10.);
#1821=VECTOR('',#5680,10.);
#1822=VECTOR('',#5681,10.);
#1823=VECTOR('',#5682,10.);
#1824=VECTOR('',#5685,10.);
#1825=VECTOR('',#5686,10.);
#1826=VECTOR('',#5703,10.);
#1827=VECTOR('',#5706,10.);
#1828=VECTOR('',#5709,10.);
#1829=VECTOR('',#5710,10.);
#1830=VECTOR('',#5713,10.);
#1831=VECTOR('',#5716,10.);
#1832=VECTOR('',#5717,10.);
#1833=VECTOR('',#5718,10.);
#1834=VECTOR('',#5719,10.);
#1835=VECTOR('',#5722,10.);
#1836=VECTOR('',#5725,10.);
#1837=VECTOR('',#5728,10.);
#1838=VECTOR('',#5731,10.);
#1839=VECTOR('',#5732,10.);
#1840=VECTOR('',#5733,10.);
#1841=VECTOR('',#5734,10.);
#1842=VECTOR('',#5735,10.);
#1843=VECTOR('',#5736,10.);
#1844=VECTOR('',#5747,10.);
#1845=VECTOR('',#5752,10.);
#1846=VECTOR('',#5753,10.);
#1847=VECTOR('',#5758,10.);
#1848=VECTOR('',#5759,10.);
#1849=VECTOR('',#5762,10.);
#1850=VECTOR('',#5763,10.);
#1851=VECTOR('',#5770,10.);
#1852=VECTOR('',#5771,10.);
#1853=VECTOR('',#5774,10.);
#1854=VECTOR('',#5775,10.);
#1855=VECTOR('',#5778,10.);
#1856=VECTOR('',#5783,10.);
#1857=VECTOR('',#5784,10.);
#1858=VECTOR('',#5791,2.25);
#1859=VECTOR('',#5800,2.25000000000001);
#1860=VECTOR('',#5809,2.25000000000001);
#1861=VECTOR('',#5818,2.25);
#1862=VECTOR('',#5827,1.50000002235174);
#1863=VECTOR('',#5834,1.50000002235174);
#1864=VECTOR('',#5841,1.50000002235174);
#1865=VECTOR('',#5848,1.49999963119631);
#1866=VECTOR('',#5855,10.);
#1867=VECTOR('',#5858,10.);
#1868=VECTOR('',#5859,10.);
#1869=VECTOR('',#5862,10.);
#1870=VECTOR('',#5863,10.);
#1871=VECTOR('',#5866,10.);
#1872=VERTEX_POINT('',#5876);
#1873=VERTEX_POINT('',#5877);
#1874=VERTEX_POINT('',#5879);
#1875=VERTEX_POINT('',#5881);
#1876=VERTEX_POINT('',#5885);
#1877=VERTEX_POINT('',#5887);
#1878=VERTEX_POINT('',#5891);
#1879=VERTEX_POINT('',#5893);
#1880=VERTEX_POINT('',#5897);
#1881=VERTEX_POINT('',#5899);
#1882=VERTEX_POINT('',#5903);
#1883=VERTEX_POINT('',#5905);
#1884=VERTEX_POINT('',#5909);
#1885=VERTEX_POINT('',#5911);
#1886=VERTEX_POINT('',#5915);
#1887=VERTEX_POINT('',#5917);
#1888=VERTEX_POINT('',#5925);
#1889=VERTEX_POINT('',#5926);
#1890=VERTEX_POINT('',#5928);
#1891=VERTEX_POINT('',#5930);
#1892=VERTEX_POINT('',#5934);
#1893=VERTEX_POINT('',#5936);
#1894=VERTEX_POINT('',#5940);
#1895=VERTEX_POINT('',#5942);
#1896=VERTEX_POINT('',#5946);
#1897=VERTEX_POINT('',#5948);
#1898=VERTEX_POINT('',#5952);
#1899=VERTEX_POINT('',#5954);
#1900=VERTEX_POINT('',#5958);
#1901=VERTEX_POINT('',#5960);
#1902=VERTEX_POINT('',#5964);
#1903=VERTEX_POINT('',#5966);
#1904=VERTEX_POINT('',#5974);
#1905=VERTEX_POINT('',#5975);
#1906=VERTEX_POINT('',#5977);
#1907=VERTEX_POINT('',#5979);
#1908=VERTEX_POINT('',#5983);
#1909=VERTEX_POINT('',#5985);
#1910=VERTEX_POINT('',#5989);
#1911=VERTEX_POINT('',#5991);
#1912=VERTEX_POINT('',#5995);
#1913=VERTEX_POINT('',#5997);
#1914=VERTEX_POINT('',#6001);
#1915=VERTEX_POINT('',#6003);
#1916=VERTEX_POINT('',#6007);
#1917=VERTEX_POINT('',#6009);
#1918=VERTEX_POINT('',#6013);
#1919=VERTEX_POINT('',#6015);
#1920=VERTEX_POINT('',#6019);
#1921=VERTEX_POINT('',#6021);
#1922=VERTEX_POINT('',#6025);
#1923=VERTEX_POINT('',#6027);
#1924=VERTEX_POINT('',#6031);
#1925=VERTEX_POINT('',#6033);
#1926=VERTEX_POINT('',#6037);
#1927=VERTEX_POINT('',#6039);
#1928=VERTEX_POINT('',#6043);
#1929=VERTEX_POINT('',#6045);
#1930=VERTEX_POINT('',#6049);
#1931=VERTEX_POINT('',#6051);
#1932=VERTEX_POINT('',#6055);
#1933=VERTEX_POINT('',#6057);
#1934=VERTEX_POINT('',#6061);
#1935=VERTEX_POINT('',#6063);
#1936=VERTEX_POINT('',#6067);
#1937=VERTEX_POINT('',#6069);
#1938=VERTEX_POINT('',#6073);
#1939=VERTEX_POINT('',#6075);
#1940=VERTEX_POINT('',#6079);
#1941=VERTEX_POINT('',#6081);
#1942=VERTEX_POINT('',#6085);
#1943=VERTEX_POINT('',#6087);
#1944=VERTEX_POINT('',#6091);
#1945=VERTEX_POINT('',#6093);
#1946=VERTEX_POINT('',#6097);
#1947=VERTEX_POINT('',#6099);
#1948=VERTEX_POINT('',#6103);
#1949=VERTEX_POINT('',#6105);
#1950=VERTEX_POINT('',#6109);
#1951=VERTEX_POINT('',#6111);
#1952=VERTEX_POINT('',#6115);
#1953=VERTEX_POINT('',#6117);
#1954=VERTEX_POINT('',#6121);
#1955=VERTEX_POINT('',#6123);
#1956=VERTEX_POINT('',#6127);
#1957=VERTEX_POINT('',#6129);
#1958=VERTEX_POINT('',#6133);
#1959=VERTEX_POINT('',#6135);
#1960=VERTEX_POINT('',#6139);
#1961=VERTEX_POINT('',#6141);
#1962=VERTEX_POINT('',#6145);
#1963=VERTEX_POINT('',#6147);
#1964=VERTEX_POINT('',#6151);
#1965=VERTEX_POINT('',#6153);
#1966=VERTEX_POINT('',#6157);
#1967=VERTEX_POINT('',#6159);
#1968=VERTEX_POINT('',#6180);
#1969=VERTEX_POINT('',#6182);
#1970=VERTEX_POINT('',#6184);
#1971=VERTEX_POINT('',#6186);
#1972=VERTEX_POINT('',#6190);
#1973=VERTEX_POINT('',#6191);
#1974=VERTEX_POINT('',#6193);
#1975=VERTEX_POINT('',#6195);
#1976=VERTEX_POINT('',#6208);
#1977=VERTEX_POINT('',#6214);
#1978=VERTEX_POINT('',#6231);
#1979=VERTEX_POINT('',#6237);
#1980=VERTEX_POINT('',#6254);
#1981=VERTEX_POINT('',#6260);
#1982=VERTEX_POINT('',#6277);
#1983=VERTEX_POINT('',#6283);
#1984=VERTEX_POINT('',#6300);
#1985=VERTEX_POINT('',#6306);
#1986=VERTEX_POINT('',#6323);
#1987=VERTEX_POINT('',#6329);
#1988=VERTEX_POINT('',#6337);
#1989=VERTEX_POINT('',#6339);
#1990=VERTEX_POINT('',#6346);
#1991=VERTEX_POINT('',#6347);
#1992=VERTEX_POINT('',#6349);
#1993=VERTEX_POINT('',#6351);
#1994=VERTEX_POINT('',#6364);
#1995=VERTEX_POINT('',#6370);
#1996=VERTEX_POINT('',#6387);
#1997=VERTEX_POINT('',#6393);
#1998=VERTEX_POINT('',#6410);
#1999=VERTEX_POINT('',#6416);
#2000=VERTEX_POINT('',#6433);
#2001=VERTEX_POINT('',#6439);
#2002=VERTEX_POINT('',#6456);
#2003=VERTEX_POINT('',#6462);
#2004=VERTEX_POINT('',#6479);
#2005=VERTEX_POINT('',#6485);
#2006=VERTEX_POINT('',#6502);
#2007=VERTEX_POINT('',#6508);
#2008=VERTEX_POINT('',#6516);
#2009=VERTEX_POINT('',#6518);
#2010=VERTEX_POINT('',#6534);
#2011=VERTEX_POINT('',#6535);
#2012=VERTEX_POINT('',#6541);
#2013=VERTEX_POINT('',#6543);
#2014=VERTEX_POINT('',#6560);
#2015=VERTEX_POINT('',#6566);
#2016=VERTEX_POINT('',#6583);
#2017=VERTEX_POINT('',#6589);
#2018=VERTEX_POINT('',#6606);
#2019=VERTEX_POINT('',#6612);
#2020=VERTEX_POINT('',#6629);
#2021=VERTEX_POINT('',#6635);
#2022=VERTEX_POINT('',#6652);
#2023=VERTEX_POINT('',#6658);
#2024=VERTEX_POINT('',#6675);
#2025=VERTEX_POINT('',#6681);
#2026=VERTEX_POINT('',#6698);
#2027=VERTEX_POINT('',#6704);
#2028=VERTEX_POINT('',#6721);
#2029=VERTEX_POINT('',#6727);
#2030=VERTEX_POINT('',#6744);
#2031=VERTEX_POINT('',#6750);
#2032=VERTEX_POINT('',#6767);
#2033=VERTEX_POINT('',#6773);
#2034=VERTEX_POINT('',#6781);
#2035=VERTEX_POINT('',#6783);
#2036=VERTEX_POINT('',#6787);
#2037=VERTEX_POINT('',#6789);
#2038=VERTEX_POINT('',#6806);
#2039=VERTEX_POINT('',#6807);
#2040=VERTEX_POINT('',#6813);
#2041=VERTEX_POINT('',#6815);
#2042=VERTEX_POINT('',#6832);
#2043=VERTEX_POINT('',#6838);
#2044=VERTEX_POINT('',#6855);
#2045=VERTEX_POINT('',#6861);
#2046=VERTEX_POINT('',#6878);
#2047=VERTEX_POINT('',#6884);
#2048=VERTEX_POINT('',#6901);
#2049=VERTEX_POINT('',#6907);
#2050=VERTEX_POINT('',#6924);
#2051=VERTEX_POINT('',#6930);
#2052=VERTEX_POINT('',#6947);
#2053=VERTEX_POINT('',#6953);
#2054=VERTEX_POINT('',#6970);
#2055=VERTEX_POINT('',#6976);
#2056=VERTEX_POINT('',#6993);
#2057=VERTEX_POINT('',#6999);
#2058=VERTEX_POINT('',#7010);
#2059=VERTEX_POINT('',#7011);
#2060=VERTEX_POINT('',#7013);
#2061=VERTEX_POINT('',#7015);
#2062=VERTEX_POINT('',#7028);
#2063=VERTEX_POINT('',#7034);
#2064=VERTEX_POINT('',#7051);
#2065=VERTEX_POINT('',#7057);
#2066=VERTEX_POINT('',#7065);
#2067=VERTEX_POINT('',#7067);
#2068=VERTEX_POINT('',#7080);
#2069=VERTEX_POINT('',#7086);
#2070=VERTEX_POINT('',#7103);
#2071=VERTEX_POINT('',#7109);
#2072=VERTEX_POINT('',#7126);
#2073=VERTEX_POINT('',#7132);
#2074=VERTEX_POINT('',#7149);
#2075=VERTEX_POINT('',#7155);
#2076=VERTEX_POINT('',#7172);
#2077=VERTEX_POINT('',#7178);
#2078=VERTEX_POINT('',#7195);
#2079=VERTEX_POINT('',#7201);
#2080=VERTEX_POINT('',#7218);
#2081=VERTEX_POINT('',#7224);
#2082=VERTEX_POINT('',#7232);
#2083=VERTEX_POINT('',#7234);
#2084=VERTEX_POINT('',#7247);
#2085=VERTEX_POINT('',#7253);
#2086=VERTEX_POINT('',#7270);
#2087=VERTEX_POINT('',#7276);
#2088=VERTEX_POINT('',#7293);
#2089=VERTEX_POINT('',#7299);
#2090=VERTEX_POINT('',#7316);
#2091=VERTEX_POINT('',#7322);
#2092=VERTEX_POINT('',#7339);
#2093=VERTEX_POINT('',#7345);
#2094=VERTEX_POINT('',#7362);
#2095=VERTEX_POINT('',#7368);
#2096=VERTEX_POINT('',#7385);
#2097=VERTEX_POINT('',#7391);
#2098=VERTEX_POINT('',#7408);
#2099=VERTEX_POINT('',#7414);
#2100=VERTEX_POINT('',#7431);
#2101=VERTEX_POINT('',#7437);
#2102=VERTEX_POINT('',#7454);
#2103=VERTEX_POINT('',#7460);
#2104=VERTEX_POINT('',#7477);
#2105=VERTEX_POINT('',#7483);
#2106=VERTEX_POINT('',#7500);
#2107=VERTEX_POINT('',#7506);
#2108=VERTEX_POINT('',#7523);
#2109=VERTEX_POINT('',#7529);
#2110=VERTEX_POINT('',#7546);
#2111=VERTEX_POINT('',#7552);
#2112=VERTEX_POINT('',#7581);
#2113=VERTEX_POINT('',#7582);
#2114=VERTEX_POINT('',#7584);
#2115=VERTEX_POINT('',#7586);
#2116=VERTEX_POINT('',#7599);
#2117=VERTEX_POINT('',#7605);
#2118=VERTEX_POINT('',#7622);
#2119=VERTEX_POINT('',#7628);
#2120=VERTEX_POINT('',#7645);
#2121=VERTEX_POINT('',#7651);
#2122=VERTEX_POINT('',#7668);
#2123=VERTEX_POINT('',#7674);
#2124=VERTEX_POINT('',#7682);
#2125=VERTEX_POINT('',#7684);
#2126=VERTEX_POINT('',#7697);
#2127=VERTEX_POINT('',#7703);
#2128=VERTEX_POINT('',#7720);
#2129=VERTEX_POINT('',#7726);
#2130=VERTEX_POINT('',#7743);
#2131=VERTEX_POINT('',#7749);
#2132=VERTEX_POINT('',#7757);
#2133=VERTEX_POINT('',#7759);
#2134=VERTEX_POINT('',#7763);
#2135=VERTEX_POINT('',#7765);
#2136=VERTEX_POINT('',#7769);
#2137=VERTEX_POINT('',#7771);
#2138=VERTEX_POINT('',#7779);
#2139=VERTEX_POINT('',#7780);
#2140=VERTEX_POINT('',#7782);
#2141=VERTEX_POINT('',#7784);
#2142=VERTEX_POINT('',#7788);
#2143=VERTEX_POINT('',#7790);
#2144=VERTEX_POINT('',#7794);
#2145=VERTEX_POINT('',#7796);
#2146=VERTEX_POINT('',#7804);
#2147=VERTEX_POINT('',#7805);
#2148=VERTEX_POINT('',#7807);
#2149=VERTEX_POINT('',#7809);
#2150=VERTEX_POINT('',#7813);
#2151=VERTEX_POINT('',#7815);
#2152=VERTEX_POINT('',#7819);
#2153=VERTEX_POINT('',#7821);
#2154=VERTEX_POINT('',#7834);
#2155=VERTEX_POINT('',#7840);
#2156=VERTEX_POINT('',#7857);
#2157=VERTEX_POINT('',#7863);
#2158=VERTEX_POINT('',#7871);
#2159=VERTEX_POINT('',#7873);
#2160=VERTEX_POINT('',#7877);
#2161=VERTEX_POINT('',#7879);
#2162=VERTEX_POINT('',#7883);
#2163=VERTEX_POINT('',#7885);
#2164=VERTEX_POINT('',#7902);
#2165=VERTEX_POINT('',#7903);
#2166=VERTEX_POINT('',#7909);
#2167=VERTEX_POINT('',#7911);
#2168=VERTEX_POINT('',#7928);
#2169=VERTEX_POINT('',#7934);
#2170=VERTEX_POINT('',#7951);
#2171=VERTEX_POINT('',#7957);
#2172=VERTEX_POINT('',#7974);
#2173=VERTEX_POINT('',#7980);
#2174=VERTEX_POINT('',#7997);
#2175=VERTEX_POINT('',#8003);
#2176=VERTEX_POINT('',#8020);
#2177=VERTEX_POINT('',#8026);
#2178=VERTEX_POINT('',#8043);
#2179=VERTEX_POINT('',#8049);
#2180=VERTEX_POINT('',#8077);
#2181=VERTEX_POINT('',#8078);
#2182=VERTEX_POINT('',#8080);
#2183=VERTEX_POINT('',#8082);
#2184=VERTEX_POINT('',#8086);
#2185=VERTEX_POINT('',#8088);
#2186=VERTEX_POINT('',#8092);
#2187=VERTEX_POINT('',#8094);
#2188=VERTEX_POINT('',#8107);
#2189=VERTEX_POINT('',#8113);
#2190=VERTEX_POINT('',#8130);
#2191=VERTEX_POINT('',#8136);
#2192=VERTEX_POINT('',#8153);
#2193=VERTEX_POINT('',#8159);
#2194=VERTEX_POINT('',#8176);
#2195=VERTEX_POINT('',#8182);
#2196=VERTEX_POINT('',#8199);
#2197=VERTEX_POINT('',#8205);
#2198=VERTEX_POINT('',#8222);
#2199=VERTEX_POINT('',#8228);
#2200=VERTEX_POINT('',#8245);
#2201=VERTEX_POINT('',#8251);
#2202=VERTEX_POINT('',#8268);
#2203=VERTEX_POINT('',#8274);
#2204=VERTEX_POINT('',#8291);
#2205=VERTEX_POINT('',#8297);
#2206=VERTEX_POINT('',#8305);
#2207=VERTEX_POINT('',#8307);
#2208=VERTEX_POINT('',#8315);
#2209=VERTEX_POINT('',#8316);
#2210=VERTEX_POINT('',#8318);
#2211=VERTEX_POINT('',#8320);
#2212=VERTEX_POINT('',#8333);
#2213=VERTEX_POINT('',#8339);
#2214=VERTEX_POINT('',#8356);
#2215=VERTEX_POINT('',#8362);
#2216=VERTEX_POINT('',#8370);
#2217=VERTEX_POINT('',#8372);
#2218=VERTEX_POINT('',#8385);
#2219=VERTEX_POINT('',#8391);
#2220=VERTEX_POINT('',#8408);
#2221=VERTEX_POINT('',#8414);
#2222=VERTEX_POINT('',#8422);
#2223=VERTEX_POINT('',#8424);
#2224=VERTEX_POINT('',#8428);
#2225=VERTEX_POINT('',#8430);
#2226=VERTEX_POINT('',#8447);
#2227=VERTEX_POINT('',#8448);
#2228=VERTEX_POINT('',#8454);
#2229=VERTEX_POINT('',#8456);
#2230=VERTEX_POINT('',#8473);
#2231=VERTEX_POINT('',#8479);
#2232=VERTEX_POINT('',#8496);
#2233=VERTEX_POINT('',#8502);
#2234=VERTEX_POINT('',#8519);
#2235=VERTEX_POINT('',#8525);
#2236=VERTEX_POINT('',#8542);
#2237=VERTEX_POINT('',#8548);
#2238=VERTEX_POINT('',#8565);
#2239=VERTEX_POINT('',#8571);
#2240=VERTEX_POINT('',#8588);
#2241=VERTEX_POINT('',#8594);
#2242=VERTEX_POINT('',#8631);
#2243=VERTEX_POINT('',#8632);
#2244=VERTEX_POINT('',#8638);
#2245=VERTEX_POINT('',#8640);
#2246=VERTEX_POINT('',#8657);
#2247=VERTEX_POINT('',#8663);
#2248=VERTEX_POINT('',#8680);
#2249=VERTEX_POINT('',#8686);
#2250=VERTEX_POINT('',#8703);
#2251=VERTEX_POINT('',#8709);
#2252=VERTEX_POINT('',#8726);
#2253=VERTEX_POINT('',#8732);
#2254=VERTEX_POINT('',#8749);
#2255=VERTEX_POINT('',#8755);
#2256=VERTEX_POINT('',#8772);
#2257=VERTEX_POINT('',#8778);
#2258=VERTEX_POINT('',#8795);
#2259=VERTEX_POINT('',#8801);
#2260=VERTEX_POINT('',#8830);
#2261=VERTEX_POINT('',#8831);
#2262=VERTEX_POINT('',#8833);
#2263=VERTEX_POINT('',#8835);
#2264=VERTEX_POINT('',#8839);
#2265=VERTEX_POINT('',#8841);
#2266=VERTEX_POINT('',#8845);
#2267=VERTEX_POINT('',#8847);
#2268=VERTEX_POINT('',#8851);
#2269=VERTEX_POINT('',#8853);
#2270=VERTEX_POINT('',#8857);
#2271=VERTEX_POINT('',#8859);
#2272=VERTEX_POINT('',#8863);
#2273=VERTEX_POINT('',#8865);
#2274=VERTEX_POINT('',#8869);
#2275=VERTEX_POINT('',#8871);
#2276=VERTEX_POINT('',#8875);
#2277=VERTEX_POINT('',#8877);
#2278=VERTEX_POINT('',#8890);
#2279=VERTEX_POINT('',#8896);
#2280=VERTEX_POINT('',#8904);
#2281=VERTEX_POINT('',#8906);
#2282=VERTEX_POINT('',#8910);
#2283=VERTEX_POINT('',#8912);
#2284=VERTEX_POINT('',#8925);
#2285=VERTEX_POINT('',#8926);
#2286=VERTEX_POINT('',#8928);
#2287=VERTEX_POINT('',#8930);
#2288=VERTEX_POINT('',#8934);
#2289=VERTEX_POINT('',#8936);
#2290=VERTEX_POINT('',#8938);
#2291=VERTEX_POINT('',#8940);
#2292=VERTEX_POINT('',#8942);
#2293=VERTEX_POINT('',#8944);
#2294=VERTEX_POINT('',#8946);
#2295=VERTEX_POINT('',#8948);
#2296=VERTEX_POINT('',#8952);
#2297=VERTEX_POINT('',#8954);
#2298=VERTEX_POINT('',#8956);
#2299=VERTEX_POINT('',#8958);
#2300=VERTEX_POINT('',#8960);
#2301=VERTEX_POINT('',#8963);
#2302=VERTEX_POINT('',#8965);
#2303=VERTEX_POINT('',#8968);
#2304=VERTEX_POINT('',#8970);
#2305=VERTEX_POINT('',#8973);
#2306=VERTEX_POINT('',#8975);
#2307=VERTEX_POINT('',#8977);
#2308=VERTEX_POINT('',#8979);
#2309=VERTEX_POINT('',#8982);
#2310=VERTEX_POINT('',#8986);
#2311=VERTEX_POINT('',#8990);
#2312=VERTEX_POINT('',#8991);
#2313=VERTEX_POINT('',#8996);
#2314=VERTEX_POINT('',#9002);
#2315=VERTEX_POINT('',#9006);
#2316=VERTEX_POINT('',#9010);
#2317=VERTEX_POINT('',#9014);
#2318=VERTEX_POINT('',#9020);
#2319=VERTEX_POINT('',#9024);
#2320=VERTEX_POINT('',#9027);
#2321=VERTEX_POINT('',#9031);
#2322=VERTEX_POINT('',#9034);
#2323=VERTEX_POINT('',#9038);
#2324=VERTEX_POINT('',#9041);
#2325=VERTEX_POINT('',#9045);
#2326=VERTEX_POINT('',#9048);
#2327=VERTEX_POINT('',#9053);
#2328=VERTEX_POINT('',#9058);
#2329=VERTEX_POINT('',#9063);
#2330=VERTEX_POINT('',#9070);
#2331=VERTEX_POINT('',#9074);
#2332=EDGE_CURVE('',#1872,#1873,#952,.T.);
#2333=EDGE_CURVE('',#1872,#1874,#953,.T.);
#2334=EDGE_CURVE('',#1875,#1874,#954,.T.);
#2335=EDGE_CURVE('',#1873,#1875,#955,.T.);
#2336=EDGE_CURVE('',#1873,#1876,#956,.T.);
#2337=EDGE_CURVE('',#1877,#1875,#957,.T.);
#2338=EDGE_CURVE('',#1876,#1877,#958,.T.);
#2339=EDGE_CURVE('',#1876,#1878,#959,.T.);
#2340=EDGE_CURVE('',#1879,#1877,#960,.T.);
#2341=EDGE_CURVE('',#1878,#1879,#961,.T.);
#2342=EDGE_CURVE('',#1878,#1880,#962,.T.);
#2343=EDGE_CURVE('',#1881,#1879,#963,.T.);
#2344=EDGE_CURVE('',#1880,#1881,#964,.T.);
#2345=EDGE_CURVE('',#1880,#1882,#965,.T.);
#2346=EDGE_CURVE('',#1883,#1881,#966,.T.);
#2347=EDGE_CURVE('',#1882,#1883,#967,.T.);
#2348=EDGE_CURVE('',#1882,#1884,#968,.T.);
#2349=EDGE_CURVE('',#1885,#1883,#969,.T.);
#2350=EDGE_CURVE('',#1884,#1885,#970,.T.);
#2351=EDGE_CURVE('',#1884,#1886,#971,.T.);
#2352=EDGE_CURVE('',#1887,#1885,#972,.T.);
#2353=EDGE_CURVE('',#1886,#1887,#973,.T.);
#2354=EDGE_CURVE('',#1886,#1872,#974,.T.);
#2355=EDGE_CURVE('',#1874,#1887,#975,.T.);
#2356=EDGE_CURVE('',#1888,#1889,#976,.T.);
#2357=EDGE_CURVE('',#1888,#1890,#977,.T.);
#2358=EDGE_CURVE('',#1891,#1890,#978,.T.);
#2359=EDGE_CURVE('',#1889,#1891,#979,.T.);
#2360=EDGE_CURVE('',#1889,#1892,#980,.T.);
#2361=EDGE_CURVE('',#1893,#1891,#981,.T.);
#2362=EDGE_CURVE('',#1892,#1893,#982,.T.);
#2363=EDGE_CURVE('',#1892,#1894,#983,.T.);
#2364=EDGE_CURVE('',#1895,#1893,#984,.T.);
#2365=EDGE_CURVE('',#1894,#1895,#985,.T.);
#2366=EDGE_CURVE('',#1894,#1896,#986,.T.);
#2367=EDGE_CURVE('',#1897,#1895,#987,.T.);
#2368=EDGE_CURVE('',#1896,#1897,#988,.T.);
#2369=EDGE_CURVE('',#1896,#1898,#989,.T.);
#2370=EDGE_CURVE('',#1899,#1897,#990,.T.);
#2371=EDGE_CURVE('',#1898,#1899,#991,.T.);
#2372=EDGE_CURVE('',#1898,#1900,#992,.T.);
#2373=EDGE_CURVE('',#1901,#1899,#993,.T.);
#2374=EDGE_CURVE('',#1900,#1901,#994,.T.);
#2375=EDGE_CURVE('',#1900,#1902,#995,.T.);
#2376=EDGE_CURVE('',#1903,#1901,#996,.T.);
#2377=EDGE_CURVE('',#1902,#1903,#997,.T.);
#2378=EDGE_CURVE('',#1902,#1888,#998,.T.);
#2379=EDGE_CURVE('',#1890,#1903,#999,.T.);
#2380=EDGE_CURVE('',#1904,#1905,#1000,.T.);
#2381=EDGE_CURVE('',#1906,#1904,#1001,.T.);
#2382=EDGE_CURVE('',#1907,#1906,#1002,.T.);
#2383=EDGE_CURVE('',#1907,#1905,#1003,.T.);
#2384=EDGE_CURVE('',#1905,#1908,#1004,.T.);
#2385=EDGE_CURVE('',#1909,#1907,#1005,.T.);
#2386=EDGE_CURVE('',#1909,#1908,#1006,.T.);
#2387=EDGE_CURVE('',#1908,#1910,#1007,.T.);
#2388=EDGE_CURVE('',#1911,#1909,#1008,.T.);
#2389=EDGE_CURVE('',#1911,#1910,#1009,.T.);
#2390=EDGE_CURVE('',#1910,#1912,#1010,.T.);
#2391=EDGE_CURVE('',#1913,#1911,#1011,.T.);
#2392=EDGE_CURVE('',#1913,#1912,#1012,.T.);
#2393=EDGE_CURVE('',#1912,#1914,#1013,.T.);
#2394=EDGE_CURVE('',#1915,#1913,#1014,.T.);
#2395=EDGE_CURVE('',#1915,#1914,#1015,.T.);
#2396=EDGE_CURVE('',#1914,#1916,#1016,.T.);
#2397=EDGE_CURVE('',#1917,#1915,#1017,.T.);
#2398=EDGE_CURVE('',#1917,#1916,#1018,.T.);
#2399=EDGE_CURVE('',#1916,#1918,#1019,.T.);
#2400=EDGE_CURVE('',#1919,#1917,#1020,.T.);
#2401=EDGE_CURVE('',#1919,#1918,#1021,.T.);
#2402=EDGE_CURVE('',#1918,#1920,#1022,.T.);
#2403=EDGE_CURVE('',#1921,#1919,#1023,.T.);
#2404=EDGE_CURVE('',#1921,#1920,#1024,.T.);
#2405=EDGE_CURVE('',#1920,#1922,#1025,.T.);
#2406=EDGE_CURVE('',#1923,#1921,#1026,.T.);
#2407=EDGE_CURVE('',#1923,#1922,#1027,.T.);
#2408=EDGE_CURVE('',#1922,#1924,#1028,.T.);
#2409=EDGE_CURVE('',#1925,#1923,#1029,.T.);
#2410=EDGE_CURVE('',#1925,#1924,#1030,.T.);
#2411=EDGE_CURVE('',#1924,#1926,#1031,.T.);
#2412=EDGE_CURVE('',#1927,#1925,#1032,.T.);
#2413=EDGE_CURVE('',#1927,#1926,#1033,.T.);
#2414=EDGE_CURVE('',#1926,#1928,#1034,.T.);
#2415=EDGE_CURVE('',#1929,#1927,#1035,.T.);
#2416=EDGE_CURVE('',#1929,#1928,#1036,.T.);
#2417=EDGE_CURVE('',#1928,#1930,#1037,.T.);
#2418=EDGE_CURVE('',#1931,#1929,#1038,.T.);
#2419=EDGE_CURVE('',#1931,#1930,#1039,.T.);
#2420=EDGE_CURVE('',#1930,#1932,#1040,.T.);
#2421=EDGE_CURVE('',#1933,#1931,#1041,.T.);
#2422=EDGE_CURVE('',#1933,#1932,#1042,.T.);
#2423=EDGE_CURVE('',#1932,#1934,#1043,.T.);
#2424=EDGE_CURVE('',#1935,#1933,#1044,.T.);
#2425=EDGE_CURVE('',#1935,#1934,#1045,.T.);
#2426=EDGE_CURVE('',#1934,#1936,#1046,.T.);
#2427=EDGE_CURVE('',#1937,#1935,#1047,.T.);
#2428=EDGE_CURVE('',#1937,#1936,#1048,.T.);
#2429=EDGE_CURVE('',#1936,#1938,#1049,.T.);
#2430=EDGE_CURVE('',#1939,#1937,#1050,.T.);
#2431=EDGE_CURVE('',#1939,#1938,#1051,.T.);
#2432=EDGE_CURVE('',#1938,#1940,#1052,.T.);
#2433=EDGE_CURVE('',#1941,#1939,#1053,.T.);
#2434=EDGE_CURVE('',#1941,#1940,#1054,.T.);
#2435=EDGE_CURVE('',#1940,#1942,#1055,.T.);
#2436=EDGE_CURVE('',#1943,#1941,#1056,.T.);
#2437=EDGE_CURVE('',#1943,#1942,#1057,.T.);
#2438=EDGE_CURVE('',#1942,#1944,#1058,.T.);
#2439=EDGE_CURVE('',#1945,#1943,#1059,.T.);
#2440=EDGE_CURVE('',#1945,#1944,#1060,.T.);
#2441=EDGE_CURVE('',#1944,#1946,#1061,.T.);
#2442=EDGE_CURVE('',#1947,#1945,#1062,.T.);
#2443=EDGE_CURVE('',#1947,#1946,#1063,.T.);
#2444=EDGE_CURVE('',#1946,#1948,#1064,.T.);
#2445=EDGE_CURVE('',#1949,#1947,#1065,.T.);
#2446=EDGE_CURVE('',#1949,#1948,#1066,.T.);
#2447=EDGE_CURVE('',#1948,#1950,#1067,.T.);
#2448=EDGE_CURVE('',#1951,#1949,#1068,.T.);
#2449=EDGE_CURVE('',#1951,#1950,#1069,.T.);
#2450=EDGE_CURVE('',#1950,#1952,#1070,.T.);
#2451=EDGE_CURVE('',#1953,#1951,#1071,.T.);
#2452=EDGE_CURVE('',#1953,#1952,#1072,.T.);
#2453=EDGE_CURVE('',#1952,#1954,#1073,.T.);
#2454=EDGE_CURVE('',#1955,#1953,#1074,.T.);
#2455=EDGE_CURVE('',#1955,#1954,#1075,.T.);
#2456=EDGE_CURVE('',#1954,#1956,#1076,.T.);
#2457=EDGE_CURVE('',#1957,#1955,#1077,.T.);
#2458=EDGE_CURVE('',#1957,#1956,#1078,.T.);
#2459=EDGE_CURVE('',#1956,#1958,#1079,.T.);
#2460=EDGE_CURVE('',#1959,#1957,#1080,.T.);
#2461=EDGE_CURVE('',#1959,#1958,#1081,.T.);
#2462=EDGE_CURVE('',#1958,#1960,#1082,.T.);
#2463=EDGE_CURVE('',#1961,#1959,#1083,.T.);
#2464=EDGE_CURVE('',#1961,#1960,#1084,.T.);
#2465=EDGE_CURVE('',#1960,#1962,#1085,.T.);
#2466=EDGE_CURVE('',#1963,#1961,#1086,.T.);
#2467=EDGE_CURVE('',#1963,#1962,#1087,.T.);
#2468=EDGE_CURVE('',#1962,#1964,#1088,.T.);
#2469=EDGE_CURVE('',#1965,#1963,#1089,.T.);
#2470=EDGE_CURVE('',#1965,#1964,#1090,.T.);
#2471=EDGE_CURVE('',#1964,#1966,#1091,.T.);
#2472=EDGE_CURVE('',#1967,#1965,#1092,.T.);
#2473=EDGE_CURVE('',#1967,#1966,#1093,.T.);
#2474=EDGE_CURVE('',#1966,#1904,#1094,.T.);
#2475=EDGE_CURVE('',#1906,#1967,#1095,.T.);
#2476=EDGE_CURVE('',#1938,#1942,#1096,.T.);
#2477=EDGE_CURVE('',#1942,#1946,#1097,.T.);
#2478=EDGE_CURVE('',#1946,#1950,#1098,.T.);
#2479=EDGE_CURVE('',#1950,#1954,#1099,.T.);
#2480=EDGE_CURVE('',#1954,#1958,#1100,.T.);
#2481=EDGE_CURVE('',#1958,#1962,#1101,.T.);
#2482=EDGE_CURVE('',#1962,#1966,#1102,.T.);
#2483=EDGE_CURVE('',#1968,#1938,#1103,.T.);
#2484=EDGE_CURVE('',#1968,#1969,#1104,.T.);
#2485=EDGE_CURVE('',#1970,#1969,#1105,.T.);
#2486=EDGE_CURVE('',#1971,#1970,#1106,.T.);
#2487=EDGE_CURVE('',#1966,#1971,#1107,.T.);
#2488=EDGE_CURVE('',#1972,#1973,#1108,.T.);
#2489=EDGE_CURVE('',#1972,#1974,#1109,.T.);
#2490=EDGE_CURVE('',#1974,#1975,#1110,.T.);
#2491=EDGE_CURVE('',#1973,#1975,#1111,.T.);
#2492=EDGE_CURVE('',#1976,#1972,#86,.T.);
#2493=EDGE_CURVE('',#1976,#1977,#1112,.T.);
#2494=EDGE_CURVE('',#1977,#1974,#87,.T.);
#2495=EDGE_CURVE('',#1978,#1976,#88,.T.);
#2496=EDGE_CURVE('',#1978,#1979,#1113,.T.);
#2497=EDGE_CURVE('',#1979,#1977,#89,.T.);
#2498=EDGE_CURVE('',#1980,#1978,#90,.T.);
#2499=EDGE_CURVE('',#1980,#1981,#1114,.T.);
#2500=EDGE_CURVE('',#1981,#1979,#91,.T.);
#2501=EDGE_CURVE('',#1982,#1980,#92,.T.);
#2502=EDGE_CURVE('',#1982,#1983,#1115,.T.);
#2503=EDGE_CURVE('',#1983,#1981,#93,.T.);
#2504=EDGE_CURVE('',#1984,#1982,#94,.T.);
#2505=EDGE_CURVE('',#1984,#1985,#1116,.T.);
#2506=EDGE_CURVE('',#1985,#1983,#95,.T.);
#2507=EDGE_CURVE('',#1986,#1984,#96,.T.);
#2508=EDGE_CURVE('',#1986,#1987,#1117,.T.);
#2509=EDGE_CURVE('',#1987,#1985,#97,.T.);
#2510=EDGE_CURVE('',#1988,#1986,#1118,.T.);
#2511=EDGE_CURVE('',#1988,#1989,#1119,.T.);
#2512=EDGE_CURVE('',#1989,#1987,#1120,.T.);
#2513=EDGE_CURVE('',#1973,#1988,#1121,.T.);
#2514=EDGE_CURVE('',#1975,#1989,#1122,.T.);
#2515=EDGE_CURVE('',#1990,#1991,#1123,.T.);
#2516=EDGE_CURVE('',#1990,#1992,#1124,.T.);
#2517=EDGE_CURVE('',#1992,#1993,#1125,.T.);
#2518=EDGE_CURVE('',#1991,#1993,#1126,.T.);
#2519=EDGE_CURVE('',#1994,#1990,#98,.T.);
#2520=EDGE_CURVE('',#1994,#1995,#1127,.T.);
#2521=EDGE_CURVE('',#1995,#1992,#99,.T.);
#2522=EDGE_CURVE('',#1996,#1994,#100,.T.);
#2523=EDGE_CURVE('',#1996,#1997,#1128,.T.);
#2524=EDGE_CURVE('',#1997,#1995,#101,.T.);
#2525=EDGE_CURVE('',#1998,#1996,#102,.T.);
#2526=EDGE_CURVE('',#1998,#1999,#1129,.T.);
#2527=EDGE_CURVE('',#1999,#1997,#103,.T.);
#2528=EDGE_CURVE('',#2000,#1998,#104,.T.);
#2529=EDGE_CURVE('',#2000,#2001,#1130,.T.);
#2530=EDGE_CURVE('',#2001,#1999,#105,.T.);
#2531=EDGE_CURVE('',#2002,#2000,#106,.T.);
#2532=EDGE_CURVE('',#2002,#2003,#1131,.T.);
#2533=EDGE_CURVE('',#2003,#2001,#107,.T.);
#2534=EDGE_CURVE('',#2004,#2002,#108,.T.);
#2535=EDGE_CURVE('',#2004,#2005,#1132,.T.);
#2536=EDGE_CURVE('',#2005,#2003,#109,.T.);
#2537=EDGE_CURVE('',#2006,#2004,#110,.T.);
#2538=EDGE_CURVE('',#2006,#2007,#1133,.T.);
#2539=EDGE_CURVE('',#2007,#2005,#111,.T.);
#2540=EDGE_CURVE('',#2008,#2006,#1134,.T.);
#2541=EDGE_CURVE('',#2008,#2009,#1135,.T.);
#2542=EDGE_CURVE('',#2009,#2007,#1136,.T.);
#2543=EDGE_CURVE('',#1991,#2008,#1137,.T.);
#2544=EDGE_CURVE('',#1993,#2009,#1138,.T.);
#2545=EDGE_CURVE('',#2010,#2011,#112,.T.);
#2546=EDGE_CURVE('',#2010,#2012,#1139,.T.);
#2547=EDGE_CURVE('',#2012,#2013,#113,.T.);
#2548=EDGE_CURVE('',#2011,#2013,#1140,.T.);
#2549=EDGE_CURVE('',#2014,#2010,#114,.T.);
#2550=EDGE_CURVE('',#2014,#2015,#1141,.T.);
#2551=EDGE_CURVE('',#2015,#2012,#115,.T.);
#2552=EDGE_CURVE('',#2016,#2014,#116,.T.);
#2553=EDGE_CURVE('',#2016,#2017,#1142,.T.);
#2554=EDGE_CURVE('',#2017,#2015,#117,.T.);
#2555=EDGE_CURVE('',#2018,#2016,#118,.T.);
#2556=EDGE_CURVE('',#2018,#2019,#1143,.T.);
#2557=EDGE_CURVE('',#2019,#2017,#119,.T.);
#2558=EDGE_CURVE('',#2020,#2018,#120,.T.);
#2559=EDGE_CURVE('',#2020,#2021,#1144,.T.);
#2560=EDGE_CURVE('',#2021,#2019,#121,.T.);
#2561=EDGE_CURVE('',#2022,#2020,#122,.T.);
#2562=EDGE_CURVE('',#2022,#2023,#1145,.T.);
#2563=EDGE_CURVE('',#2023,#2021,#123,.T.);
#2564=EDGE_CURVE('',#2024,#2022,#124,.T.);
#2565=EDGE_CURVE('',#2024,#2025,#1146,.T.);
#2566=EDGE_CURVE('',#2025,#2023,#125,.T.);
#2567=EDGE_CURVE('',#2026,#2024,#126,.T.);
#2568=EDGE_CURVE('',#2026,#2027,#1147,.T.);
#2569=EDGE_CURVE('',#2027,#2025,#127,.T.);
#2570=EDGE_CURVE('',#2028,#2026,#128,.T.);
#2571=EDGE_CURVE('',#2028,#2029,#1148,.T.);
#2572=EDGE_CURVE('',#2029,#2027,#129,.T.);
#2573=EDGE_CURVE('',#2030,#2028,#130,.T.);
#2574=EDGE_CURVE('',#2030,#2031,#1149,.T.);
#2575=EDGE_CURVE('',#2031,#2029,#131,.T.);
#2576=EDGE_CURVE('',#2032,#2030,#132,.T.);
#2577=EDGE_CURVE('',#2032,#2033,#1150,.T.);
#2578=EDGE_CURVE('',#2033,#2031,#133,.T.);
#2579=EDGE_CURVE('',#2034,#2032,#1151,.T.);
#2580=EDGE_CURVE('',#2034,#2035,#1152,.T.);
#2581=EDGE_CURVE('',#2035,#2033,#1153,.T.);
#2582=EDGE_CURVE('',#2036,#2034,#1154,.T.);
#2583=EDGE_CURVE('',#2036,#2037,#1155,.T.);
#2584=EDGE_CURVE('',#2037,#2035,#1156,.T.);
#2585=EDGE_CURVE('',#2011,#2036,#1157,.T.);
#2586=EDGE_CURVE('',#2013,#2037,#1158,.T.);
#2587=EDGE_CURVE('',#2038,#2039,#134,.T.);
#2588=EDGE_CURVE('',#2038,#2040,#1159,.T.);
#2589=EDGE_CURVE('',#2040,#2041,#135,.T.);
#2590=EDGE_CURVE('',#2039,#2041,#1160,.T.);
#2591=EDGE_CURVE('',#2042,#2038,#136,.T.);
#2592=EDGE_CURVE('',#2042,#2043,#1161,.T.);
#2593=EDGE_CURVE('',#2043,#2040,#137,.T.);
#2594=EDGE_CURVE('',#2044,#2042,#138,.T.);
#2595=EDGE_CURVE('',#2044,#2045,#1162,.T.);
#2596=EDGE_CURVE('',#2045,#2043,#139,.T.);
#2597=EDGE_CURVE('',#2046,#2044,#140,.T.);
#2598=EDGE_CURVE('',#2046,#2047,#1163,.T.);
#2599=EDGE_CURVE('',#2047,#2045,#141,.T.);
#2600=EDGE_CURVE('',#2048,#2046,#142,.T.);
#2601=EDGE_CURVE('',#2048,#2049,#1164,.T.);
#2602=EDGE_CURVE('',#2049,#2047,#143,.T.);
#2603=EDGE_CURVE('',#2050,#2048,#144,.T.);
#2604=EDGE_CURVE('',#2050,#2051,#1165,.T.);
#2605=EDGE_CURVE('',#2051,#2049,#145,.T.);
#2606=EDGE_CURVE('',#2052,#2050,#146,.T.);
#2607=EDGE_CURVE('',#2052,#2053,#1166,.T.);
#2608=EDGE_CURVE('',#2053,#2051,#147,.T.);
#2609=EDGE_CURVE('',#2054,#2052,#148,.T.);
#2610=EDGE_CURVE('',#2054,#2055,#1167,.T.);
#2611=EDGE_CURVE('',#2055,#2053,#149,.T.);
#2612=EDGE_CURVE('',#2056,#2054,#150,.T.);
#2613=EDGE_CURVE('',#2056,#2057,#1168,.T.);
#2614=EDGE_CURVE('',#2057,#2055,#151,.T.);
#2615=EDGE_CURVE('',#2039,#2056,#1169,.T.);
#2616=EDGE_CURVE('',#2041,#2057,#1170,.T.);
#2617=EDGE_CURVE('',#2058,#2059,#1171,.T.);
#2618=EDGE_CURVE('',#2058,#2060,#1172,.T.);
#2619=EDGE_CURVE('',#2060,#2061,#1173,.T.);
#2620=EDGE_CURVE('',#2059,#2061,#1174,.T.);
#2621=EDGE_CURVE('',#2062,#2058,#152,.T.);
#2622=EDGE_CURVE('',#2062,#2063,#1175,.T.);
#2623=EDGE_CURVE('',#2063,#2060,#153,.T.);
#2624=EDGE_CURVE('',#2064,#2062,#154,.T.);
#2625=EDGE_CURVE('',#2064,#2065,#1176,.T.);
#2626=EDGE_CURVE('',#2065,#2063,#155,.T.);
#2627=EDGE_CURVE('',#2066,#2064,#1177,.T.);
#2628=EDGE_CURVE('',#2066,#2067,#1178,.T.);
#2629=EDGE_CURVE('',#2067,#2065,#1179,.T.);
#2630=EDGE_CURVE('',#2068,#2066,#156,.T.);
#2631=EDGE_CURVE('',#2068,#2069,#1180,.T.);
#2632=EDGE_CURVE('',#2069,#2067,#157,.T.);
#2633=EDGE_CURVE('',#2070,#2068,#158,.T.);
#2634=EDGE_CURVE('',#2070,#2071,#1181,.T.);
#2635=EDGE_CURVE('',#2071,#2069,#159,.T.);
#2636=EDGE_CURVE('',#2072,#2070,#160,.T.);
#2637=EDGE_CURVE('',#2072,#2073,#1182,.T.);
#2638=EDGE_CURVE('',#2073,#2071,#161,.T.);
#2639=EDGE_CURVE('',#2074,#2072,#162,.T.);
#2640=EDGE_CURVE('',#2074,#2075,#1183,.T.);
#2641=EDGE_CURVE('',#2075,#2073,#163,.T.);
#2642=EDGE_CURVE('',#2076,#2074,#164,.T.);
#2643=EDGE_CURVE('',#2076,#2077,#1184,.T.);
#2644=EDGE_CURVE('',#2077,#2075,#165,.T.);
#2645=EDGE_CURVE('',#2078,#2076,#166,.T.);
#2646=EDGE_CURVE('',#2078,#2079,#1185,.T.);
#2647=EDGE_CURVE('',#2079,#2077,#167,.T.);
#2648=EDGE_CURVE('',#2080,#2078,#168,.T.);
#2649=EDGE_CURVE('',#2080,#2081,#1186,.T.);
#2650=EDGE_CURVE('',#2081,#2079,#169,.T.);
#2651=EDGE_CURVE('',#2082,#2080,#1187,.T.);
#2652=EDGE_CURVE('',#2082,#2083,#1188,.T.);
#2653=EDGE_CURVE('',#2083,#2081,#1189,.T.);
#2654=EDGE_CURVE('',#2084,#2082,#170,.T.);
#2655=EDGE_CURVE('',#2084,#2085,#1190,.T.);
#2656=EDGE_CURVE('',#2085,#2083,#171,.T.);
#2657=EDGE_CURVE('',#2086,#2084,#172,.T.);
#2658=EDGE_CURVE('',#2086,#2087,#1191,.T.);
#2659=EDGE_CURVE('',#2087,#2085,#173,.T.);
#2660=EDGE_CURVE('',#2088,#2086,#174,.T.);
#2661=EDGE_CURVE('',#2088,#2089,#1192,.T.);
#2662=EDGE_CURVE('',#2089,#2087,#175,.T.);
#2663=EDGE_CURVE('',#2090,#2088,#176,.T.);
#2664=EDGE_CURVE('',#2090,#2091,#1193,.T.);
#2665=EDGE_CURVE('',#2091,#2089,#177,.T.);
#2666=EDGE_CURVE('',#2092,#2090,#178,.T.);
#2667=EDGE_CURVE('',#2092,#2093,#1194,.T.);
#2668=EDGE_CURVE('',#2093,#2091,#179,.T.);
#2669=EDGE_CURVE('',#2094,#2092,#180,.T.);
#2670=EDGE_CURVE('',#2094,#2095,#1195,.T.);
#2671=EDGE_CURVE('',#2095,#2093,#181,.T.);
#2672=EDGE_CURVE('',#2096,#2094,#182,.T.);
#2673=EDGE_CURVE('',#2096,#2097,#1196,.T.);
#2674=EDGE_CURVE('',#2097,#2095,#183,.T.);
#2675=EDGE_CURVE('',#2098,#2096,#184,.T.);
#2676=EDGE_CURVE('',#2098,#2099,#1197,.T.);
#2677=EDGE_CURVE('',#2099,#2097,#185,.T.);
#2678=EDGE_CURVE('',#2100,#2098,#186,.T.);
#2679=EDGE_CURVE('',#2100,#2101,#1198,.T.);
#2680=EDGE_CURVE('',#2101,#2099,#187,.T.);
#2681=EDGE_CURVE('',#2102,#2100,#188,.T.);
#2682=EDGE_CURVE('',#2102,#2103,#1199,.T.);
#2683=EDGE_CURVE('',#2103,#2101,#189,.T.);
#2684=EDGE_CURVE('',#2104,#2102,#190,.T.);
#2685=EDGE_CURVE('',#2104,#2105,#1200,.T.);
#2686=EDGE_CURVE('',#2105,#2103,#191,.T.);
#2687=EDGE_CURVE('',#2106,#2104,#192,.T.);
#2688=EDGE_CURVE('',#2106,#2107,#1201,.T.);
#2689=EDGE_CURVE('',#2107,#2105,#193,.T.);
#2690=EDGE_CURVE('',#2108,#2106,#194,.T.);
#2691=EDGE_CURVE('',#2108,#2109,#1202,.T.);
#2692=EDGE_CURVE('',#2109,#2107,#195,.T.);
#2693=EDGE_CURVE('',#2110,#2108,#196,.T.);
#2694=EDGE_CURVE('',#2110,#2111,#1203,.T.);
#2695=EDGE_CURVE('',#2111,#2109,#197,.T.);
#2696=EDGE_CURVE('',#2059,#2110,#198,.T.);
#2697=EDGE_CURVE('',#2061,#2111,#199,.T.);
#2698=EDGE_CURVE('',#2112,#2113,#1204,.T.);
#2699=EDGE_CURVE('',#2112,#2114,#1205,.T.);
#2700=EDGE_CURVE('',#2114,#2115,#1206,.T.);
#2701=EDGE_CURVE('',#2113,#2115,#1207,.T.);
#2702=EDGE_CURVE('',#2116,#2112,#200,.T.);
#2703=EDGE_CURVE('',#2116,#2117,#1208,.T.);
#2704=EDGE_CURVE('',#2117,#2114,#201,.T.);
#2705=EDGE_CURVE('',#2118,#2116,#202,.T.);
#2706=EDGE_CURVE('',#2118,#2119,#1209,.T.);
#2707=EDGE_CURVE('',#2119,#2117,#203,.T.);
#2708=EDGE_CURVE('',#2120,#2118,#204,.T.);
#2709=EDGE_CURVE('',#2120,#2121,#1210,.T.);
#2710=EDGE_CURVE('',#2121,#2119,#205,.T.);
#2711=EDGE_CURVE('',#2122,#2120,#206,.T.);
#2712=EDGE_CURVE('',#2122,#2123,#1211,.T.);
#2713=EDGE_CURVE('',#2123,#2121,#207,.T.);
#2714=EDGE_CURVE('',#2124,#2122,#1212,.T.);
#2715=EDGE_CURVE('',#2124,#2125,#1213,.T.);
#2716=EDGE_CURVE('',#2125,#2123,#1214,.T.);
#2717=EDGE_CURVE('',#2126,#2124,#208,.T.);
#2718=EDGE_CURVE('',#2126,#2127,#1215,.T.);
#2719=EDGE_CURVE('',#2127,#2125,#209,.T.);
#2720=EDGE_CURVE('',#2128,#2126,#210,.T.);
#2721=EDGE_CURVE('',#2128,#2129,#1216,.T.);
#2722=EDGE_CURVE('',#2129,#2127,#211,.T.);
#2723=EDGE_CURVE('',#2130,#2128,#212,.T.);
#2724=EDGE_CURVE('',#2130,#2131,#1217,.T.);
#2725=EDGE_CURVE('',#2131,#2129,#213,.T.);
#2726=EDGE_CURVE('',#2132,#2130,#1218,.T.);
#2727=EDGE_CURVE('',#2132,#2133,#1219,.T.);
#2728=EDGE_CURVE('',#2133,#2131,#1220,.T.);
#2729=EDGE_CURVE('',#2134,#2132,#1221,.T.);
#2730=EDGE_CURVE('',#2134,#2135,#1222,.T.);
#2731=EDGE_CURVE('',#2135,#2133,#1223,.T.);
#2732=EDGE_CURVE('',#2136,#2134,#1224,.T.);
#2733=EDGE_CURVE('',#2136,#2137,#1225,.T.);
#2734=EDGE_CURVE('',#2137,#2135,#1226,.T.);
#2735=EDGE_CURVE('',#2113,#2136,#1227,.T.);
#2736=EDGE_CURVE('',#2115,#2137,#1228,.T.);
#2737=EDGE_CURVE('',#2138,#2139,#1229,.T.);
#2738=EDGE_CURVE('',#2138,#2140,#1230,.T.);
#2739=EDGE_CURVE('',#2140,#2141,#1231,.T.);
#2740=EDGE_CURVE('',#2139,#2141,#1232,.T.);
#2741=EDGE_CURVE('',#2142,#2138,#1233,.T.);
#2742=EDGE_CURVE('',#2142,#2143,#1234,.T.);
#2743=EDGE_CURVE('',#2143,#2140,#1235,.T.);
#2744=EDGE_CURVE('',#2144,#2142,#1236,.T.);
#2745=EDGE_CURVE('',#2144,#2145,#1237,.T.);
#2746=EDGE_CURVE('',#2145,#2143,#1238,.T.);
#2747=EDGE_CURVE('',#2139,#2144,#1239,.T.);
#2748=EDGE_CURVE('',#2141,#2145,#1240,.T.);
#2749=EDGE_CURVE('',#2146,#2147,#1241,.T.);
#2750=EDGE_CURVE('',#2146,#2148,#1242,.T.);
#2751=EDGE_CURVE('',#2148,#2149,#1243,.T.);
#2752=EDGE_CURVE('',#2147,#2149,#1244,.T.);
#2753=EDGE_CURVE('',#2150,#2146,#1245,.T.);
#2754=EDGE_CURVE('',#2150,#2151,#1246,.T.);
#2755=EDGE_CURVE('',#2151,#2148,#1247,.T.);
#2756=EDGE_CURVE('',#2152,#2150,#1248,.T.);
#2757=EDGE_CURVE('',#2152,#2153,#1249,.T.);
#2758=EDGE_CURVE('',#2153,#2151,#1250,.T.);
#2759=EDGE_CURVE('',#2154,#2152,#214,.T.);
#2760=EDGE_CURVE('',#2154,#2155,#1251,.T.);
#2761=EDGE_CURVE('',#2155,#2153,#215,.T.);
#2762=EDGE_CURVE('',#2156,#2154,#216,.T.);
#2763=EDGE_CURVE('',#2156,#2157,#1252,.T.);
#2764=EDGE_CURVE('',#2157,#2155,#217,.T.);
#2765=EDGE_CURVE('',#2158,#2156,#1253,.T.);
#2766=EDGE_CURVE('',#2158,#2159,#1254,.T.);
#2767=EDGE_CURVE('',#2159,#2157,#1255,.T.);
#2768=EDGE_CURVE('',#2160,#2158,#1256,.T.);
#2769=EDGE_CURVE('',#2160,#2161,#1257,.T.);
#2770=EDGE_CURVE('',#2161,#2159,#1258,.T.);
#2771=EDGE_CURVE('',#2162,#2160,#1259,.T.);
#2772=EDGE_CURVE('',#2162,#2163,#1260,.T.);
#2773=EDGE_CURVE('',#2163,#2161,#1261,.T.);
#2774=EDGE_CURVE('',#2147,#2162,#1262,.T.);
#2775=EDGE_CURVE('',#2149,#2163,#1263,.T.);
#2776=EDGE_CURVE('',#2164,#2165,#218,.T.);
#2777=EDGE_CURVE('',#2164,#2166,#1264,.T.);
#2778=EDGE_CURVE('',#2166,#2167,#219,.T.);
#2779=EDGE_CURVE('',#2165,#2167,#1265,.T.);
#2780=EDGE_CURVE('',#2168,#2164,#220,.T.);
#2781=EDGE_CURVE('',#2168,#2169,#1266,.T.);
#2782=EDGE_CURVE('',#2169,#2166,#221,.T.);
#2783=EDGE_CURVE('',#2170,#2168,#222,.T.);
#2784=EDGE_CURVE('',#2170,#2171,#1267,.T.);
#2785=EDGE_CURVE('',#2171,#2169,#223,.T.);
#2786=EDGE_CURVE('',#2172,#2170,#224,.T.);
#2787=EDGE_CURVE('',#2172,#2173,#1268,.T.);
#2788=EDGE_CURVE('',#2173,#2171,#225,.T.);
#2789=EDGE_CURVE('',#2174,#2172,#226,.T.);
#2790=EDGE_CURVE('',#2174,#2175,#1269,.T.);
#2791=EDGE_CURVE('',#2175,#2173,#227,.T.);
#2792=EDGE_CURVE('',#2176,#2174,#228,.T.);
#2793=EDGE_CURVE('',#2176,#2177,#1270,.T.);
#2794=EDGE_CURVE('',#2177,#2175,#229,.T.);
#2795=EDGE_CURVE('',#2178,#2176,#230,.T.);
#2796=EDGE_CURVE('',#2178,#2179,#1271,.T.);
#2797=EDGE_CURVE('',#2179,#2177,#231,.T.);
#2798=EDGE_CURVE('',#2165,#2178,#232,.T.);
#2799=EDGE_CURVE('',#2167,#2179,#233,.T.);
#2800=EDGE_CURVE('',#2180,#2181,#1272,.T.);
#2801=EDGE_CURVE('',#2180,#2182,#1273,.T.);
#2802=EDGE_CURVE('',#2182,#2183,#1274,.T.);
#2803=EDGE_CURVE('',#2181,#2183,#1275,.T.);
#2804=EDGE_CURVE('',#2184,#2180,#1276,.T.);
#2805=EDGE_CURVE('',#2184,#2185,#1277,.T.);
#2806=EDGE_CURVE('',#2185,#2182,#1278,.T.);
#2807=EDGE_CURVE('',#2186,#2184,#1279,.T.);
#2808=EDGE_CURVE('',#2186,#2187,#1280,.T.);
#2809=EDGE_CURVE('',#2187,#2185,#1281,.T.);
#2810=EDGE_CURVE('',#2188,#2186,#234,.T.);
#2811=EDGE_CURVE('',#2188,#2189,#1282,.T.);
#2812=EDGE_CURVE('',#2189,#2187,#235,.T.);
#2813=EDGE_CURVE('',#2190,#2188,#236,.T.);
#2814=EDGE_CURVE('',#2190,#2191,#1283,.T.);
#2815=EDGE_CURVE('',#2191,#2189,#237,.T.);
#2816=EDGE_CURVE('',#2192,#2190,#238,.T.);
#2817=EDGE_CURVE('',#2192,#2193,#1284,.T.);
#2818=EDGE_CURVE('',#2193,#2191,#239,.T.);
#2819=EDGE_CURVE('',#2194,#2192,#240,.T.);
#2820=EDGE_CURVE('',#2194,#2195,#1285,.T.);
#2821=EDGE_CURVE('',#2195,#2193,#241,.T.);
#2822=EDGE_CURVE('',#2196,#2194,#242,.T.);
#2823=EDGE_CURVE('',#2196,#2197,#1286,.T.);
#2824=EDGE_CURVE('',#2197,#2195,#243,.T.);
#2825=EDGE_CURVE('',#2198,#2196,#244,.T.);
#2826=EDGE_CURVE('',#2198,#2199,#1287,.T.);
#2827=EDGE_CURVE('',#2199,#2197,#245,.T.);
#2828=EDGE_CURVE('',#2200,#2198,#246,.T.);
#2829=EDGE_CURVE('',#2200,#2201,#1288,.T.);
#2830=EDGE_CURVE('',#2201,#2199,#247,.T.);
#2831=EDGE_CURVE('',#2202,#2200,#248,.T.);
#2832=EDGE_CURVE('',#2202,#2203,#1289,.T.);
#2833=EDGE_CURVE('',#2203,#2201,#249,.T.);
#2834=EDGE_CURVE('',#2204,#2202,#250,.T.);
#2835=EDGE_CURVE('',#2204,#2205,#1290,.T.);
#2836=EDGE_CURVE('',#2205,#2203,#251,.T.);
#2837=EDGE_CURVE('',#2206,#2204,#1291,.T.);
#2838=EDGE_CURVE('',#2206,#2207,#1292,.T.);
#2839=EDGE_CURVE('',#2207,#2205,#1293,.T.);
#2840=EDGE_CURVE('',#2181,#2206,#1294,.T.);
#2841=EDGE_CURVE('',#2183,#2207,#1295,.T.);
#2842=EDGE_CURVE('',#2208,#2209,#1296,.T.);
#2843=EDGE_CURVE('',#2208,#2210,#1297,.T.);
#2844=EDGE_CURVE('',#2210,#2211,#1298,.T.);
#2845=EDGE_CURVE('',#2209,#2211,#1299,.T.);
#2846=EDGE_CURVE('',#2212,#2208,#252,.T.);
#2847=EDGE_CURVE('',#2212,#2213,#1300,.T.);
#2848=EDGE_CURVE('',#2213,#2210,#253,.T.);
#2849=EDGE_CURVE('',#2214,#2212,#254,.T.);
#2850=EDGE_CURVE('',#2214,#2215,#1301,.T.);
#2851=EDGE_CURVE('',#2215,#2213,#255,.T.);
#2852=EDGE_CURVE('',#2216,#2214,#1302,.T.);
#2853=EDGE_CURVE('',#2216,#2217,#1303,.T.);
#2854=EDGE_CURVE('',#2217,#2215,#1304,.T.);
#2855=EDGE_CURVE('',#2218,#2216,#256,.T.);
#2856=EDGE_CURVE('',#2218,#2219,#1305,.T.);
#2857=EDGE_CURVE('',#2219,#2217,#257,.T.);
#2858=EDGE_CURVE('',#2220,#2218,#258,.T.);
#2859=EDGE_CURVE('',#2220,#2221,#1306,.T.);
#2860=EDGE_CURVE('',#2221,#2219,#259,.T.);
#2861=EDGE_CURVE('',#2222,#2220,#1307,.T.);
#2862=EDGE_CURVE('',#2222,#2223,#1308,.T.);
#2863=EDGE_CURVE('',#2223,#2221,#1309,.T.);
#2864=EDGE_CURVE('',#2224,#2222,#1310,.T.);
#2865=EDGE_CURVE('',#2224,#2225,#1311,.T.);
#2866=EDGE_CURVE('',#2225,#2223,#1312,.T.);
#2867=EDGE_CURVE('',#2209,#2224,#1313,.T.);
#2868=EDGE_CURVE('',#2211,#2225,#1314,.T.);
#2869=EDGE_CURVE('',#2226,#2227,#260,.T.);
#2870=EDGE_CURVE('',#2226,#2228,#1315,.T.);
#2871=EDGE_CURVE('',#2228,#2229,#261,.T.);
#2872=EDGE_CURVE('',#2227,#2229,#1316,.T.);
#2873=EDGE_CURVE('',#2230,#2226,#262,.T.);
#2874=EDGE_CURVE('',#2230,#2231,#1317,.T.);
#2875=EDGE_CURVE('',#2231,#2228,#263,.T.);
#2876=EDGE_CURVE('',#2232,#2230,#264,.T.);
#2877=EDGE_CURVE('',#2232,#2233,#1318,.T.);
#2878=EDGE_CURVE('',#2233,#2231,#265,.T.);
#2879=EDGE_CURVE('',#2234,#2232,#266,.T.);
#2880=EDGE_CURVE('',#2234,#2235,#1319,.T.);
#2881=EDGE_CURVE('',#2235,#2233,#267,.T.);
#2882=EDGE_CURVE('',#2236,#2234,#268,.T.);
#2883=EDGE_CURVE('',#2236,#2237,#1320,.T.);
#2884=EDGE_CURVE('',#2237,#2235,#269,.T.);
#2885=EDGE_CURVE('',#2238,#2236,#270,.T.);
#2886=EDGE_CURVE('',#2238,#2239,#1321,.T.);
#2887=EDGE_CURVE('',#2239,#2237,#271,.T.);
#2888=EDGE_CURVE('',#2240,#2238,#272,.T.);
#2889=EDGE_CURVE('',#2240,#2241,#1322,.T.);
#2890=EDGE_CURVE('',#2241,#2239,#273,.T.);
#2891=EDGE_CURVE('',#2227,#2240,#274,.T.);
#2892=EDGE_CURVE('',#2229,#2241,#275,.T.);
#2893=EDGE_CURVE('',#2242,#2243,#276,.T.);
#2894=EDGE_CURVE('',#2242,#2244,#1323,.T.);
#2895=EDGE_CURVE('',#2244,#2245,#277,.T.);
#2896=EDGE_CURVE('',#2243,#2245,#1324,.T.);
#2897=EDGE_CURVE('',#2246,#2242,#278,.T.);
#2898=EDGE_CURVE('',#2246,#2247,#1325,.T.);
#2899=EDGE_CURVE('',#2247,#2244,#279,.T.);
#2900=EDGE_CURVE('',#2248,#2246,#280,.T.);
#2901=EDGE_CURVE('',#2248,#2249,#1326,.T.);
#2902=EDGE_CURVE('',#2249,#2247,#281,.T.);
#2903=EDGE_CURVE('',#2250,#2248,#282,.T.);
#2904=EDGE_CURVE('',#2250,#2251,#1327,.T.);
#2905=EDGE_CURVE('',#2251,#2249,#283,.T.);
#2906=EDGE_CURVE('',#2252,#2250,#284,.T.);
#2907=EDGE_CURVE('',#2252,#2253,#1328,.T.);
#2908=EDGE_CURVE('',#2253,#2251,#285,.T.);
#2909=EDGE_CURVE('',#2254,#2252,#286,.T.);
#2910=EDGE_CURVE('',#2254,#2255,#1329,.T.);
#2911=EDGE_CURVE('',#2255,#2253,#287,.T.);
#2912=EDGE_CURVE('',#2256,#2254,#288,.T.);
#2913=EDGE_CURVE('',#2256,#2257,#1330,.T.);
#2914=EDGE_CURVE('',#2257,#2255,#289,.T.);
#2915=EDGE_CURVE('',#2258,#2256,#290,.T.);
#2916=EDGE_CURVE('',#2258,#2259,#1331,.T.);
#2917=EDGE_CURVE('',#2259,#2257,#291,.T.);
#2918=EDGE_CURVE('',#2243,#2258,#292,.T.);
#2919=EDGE_CURVE('',#2245,#2259,#293,.T.);
#2920=EDGE_CURVE('',#2260,#2261,#1332,.T.);
#2921=EDGE_CURVE('',#2260,#2262,#1333,.T.);
#2922=EDGE_CURVE('',#2262,#2263,#1334,.T.);
#2923=EDGE_CURVE('',#2261,#2263,#1335,.T.);
#2924=EDGE_CURVE('',#2264,#2260,#1336,.T.);
#2925=EDGE_CURVE('',#2264,#2265,#1337,.T.);
#2926=EDGE_CURVE('',#2265,#2262,#1338,.T.);
#2927=EDGE_CURVE('',#2266,#2264,#1339,.T.);
#2928=EDGE_CURVE('',#2266,#2267,#1340,.T.);
#2929=EDGE_CURVE('',#2267,#2265,#1341,.T.);
#2930=EDGE_CURVE('',#2268,#2266,#1342,.T.);
#2931=EDGE_CURVE('',#2268,#2269,#1343,.T.);
#2932=EDGE_CURVE('',#2269,#2267,#1344,.T.);
#2933=EDGE_CURVE('',#2270,#2268,#1345,.T.);
#2934=EDGE_CURVE('',#2270,#2271,#1346,.T.);
#2935=EDGE_CURVE('',#2271,#2269,#1347,.T.);
#2936=EDGE_CURVE('',#2272,#2270,#1348,.T.);
#2937=EDGE_CURVE('',#2272,#2273,#1349,.T.);
#2938=EDGE_CURVE('',#2273,#2271,#1350,.T.);
#2939=EDGE_CURVE('',#2274,#2272,#1351,.T.);
#2940=EDGE_CURVE('',#2274,#2275,#1352,.T.);
#2941=EDGE_CURVE('',#2275,#2273,#1353,.T.);
#2942=EDGE_CURVE('',#2276,#2274,#1354,.T.);
#2943=EDGE_CURVE('',#2276,#2277,#1355,.T.);
#2944=EDGE_CURVE('',#2277,#2275,#1356,.T.);
#2945=EDGE_CURVE('',#2278,#2276,#294,.T.);
#2946=EDGE_CURVE('',#2278,#2279,#1357,.T.);
#2947=EDGE_CURVE('',#2279,#2277,#295,.T.);
#2948=EDGE_CURVE('',#2280,#2278,#1358,.T.);
#2949=EDGE_CURVE('',#2280,#2281,#1359,.T.);
#2950=EDGE_CURVE('',#2281,#2279,#1360,.T.);
#2951=EDGE_CURVE('',#2282,#2280,#1361,.T.);
#2952=EDGE_CURVE('',#2282,#2283,#1362,.T.);
#2953=EDGE_CURVE('',#2283,#2281,#1363,.T.);
#2954=EDGE_CURVE('',#2261,#2282,#1364,.T.);
#2955=EDGE_CURVE('',#2263,#2283,#1365,.T.);
#2956=EDGE_CURVE('',#2284,#2285,#19,.T.);
#2957=EDGE_CURVE('',#2285,#2286,#1366,.T.);
#2958=EDGE_CURVE('',#2286,#2287,#20,.T.);
#2959=EDGE_CURVE('',#2287,#2284,#1367,.T.);
#2960=EDGE_CURVE('',#2285,#2288,#1368,.T.);
#2961=EDGE_CURVE('',#2288,#2289,#1369,.T.);
#2962=EDGE_CURVE('',#2289,#2290,#21,.T.);
#2963=EDGE_CURVE('',#2290,#2291,#1370,.T.);
#2964=EDGE_CURVE('',#2291,#2292,#22,.T.);
#2965=EDGE_CURVE('',#2292,#2293,#1371,.T.);
#2966=EDGE_CURVE('',#2293,#2294,#1372,.T.);
#2967=EDGE_CURVE('',#2295,#2294,#1373,.T.);
#2968=EDGE_CURVE('',#2286,#2295,#1374,.T.);
#2969=EDGE_CURVE('',#2284,#2296,#1375,.T.);
#2970=EDGE_CURVE('',#2297,#2296,#23,.T.);
#2971=EDGE_CURVE('',#2297,#2298,#1376,.T.);
#2972=EDGE_CURVE('',#2299,#2298,#24,.T.);
#2973=EDGE_CURVE('',#2300,#2299,#1377,.T.);
#2974=EDGE_CURVE('',#2294,#2300,#25,.T.);
#2975=EDGE_CURVE('',#2293,#2301,#1378,.T.);
#2976=EDGE_CURVE('',#2301,#2302,#1379,.T.);
#2977=EDGE_CURVE('',#2302,#1970,#1380,.T.);
#2978=EDGE_CURVE('',#1969,#2303,#1381,.T.);
#2979=EDGE_CURVE('',#2303,#2304,#1382,.T.);
#2980=EDGE_CURVE('',#2304,#2288,#1383,.T.);
#2981=EDGE_CURVE('',#2305,#2305,#26,.T.);
#2982=EDGE_CURVE('',#2306,#2306,#27,.T.);
#2983=EDGE_CURVE('',#2307,#2307,#28,.T.);
#2984=EDGE_CURVE('',#2308,#2308,#29,.T.);
#2985=EDGE_CURVE('',#2300,#2309,#1384,.T.);
#2986=EDGE_CURVE('',#2309,#2295,#30,.T.);
#2987=EDGE_CURVE('',#2310,#2299,#1385,.T.);
#2988=EDGE_CURVE('',#2310,#2309,#1386,.T.);
#2989=EDGE_CURVE('',#2311,#2312,#31,.T.);
#2990=EDGE_CURVE('',#2312,#2297,#1387,.T.);
#2991=EDGE_CURVE('',#2296,#2311,#1388,.T.);
#2992=EDGE_CURVE('',#2312,#2313,#1389,.T.);
#2993=EDGE_CURVE('',#2298,#2313,#1390,.T.);
#2994=EDGE_CURVE('',#2313,#2310,#32,.T.);
#2995=EDGE_CURVE('',#2314,#2304,#1391,.T.);
#2996=EDGE_CURVE('',#2289,#2314,#1392,.T.);
#2997=EDGE_CURVE('',#2292,#2315,#1393,.T.);
#2998=EDGE_CURVE('',#2301,#2315,#1394,.T.);
#2999=EDGE_CURVE('',#2291,#2316,#1395,.T.);
#3000=EDGE_CURVE('',#2315,#2316,#33,.T.);
#3001=EDGE_CURVE('',#2290,#2317,#1396,.T.);
#3002=EDGE_CURVE('',#2316,#2317,#1397,.T.);
#3003=EDGE_CURVE('',#2317,#2314,#34,.T.);
#3004=EDGE_CURVE('',#2308,#2318,#1398,.T.);
#3005=EDGE_CURVE('',#2318,#2318,#35,.T.);
#3006=EDGE_CURVE('',#2319,#2319,#36,.T.);
#3007=EDGE_CURVE('',#2307,#2320,#1399,.T.);
#3008=EDGE_CURVE('',#2320,#2320,#37,.T.);
#3009=EDGE_CURVE('',#2321,#2321,#38,.T.);
#3010=EDGE_CURVE('',#2306,#2322,#1400,.T.);
#3011=EDGE_CURVE('',#2322,#2322,#39,.T.);
#3012=EDGE_CURVE('',#2323,#2323,#40,.T.);
#3013=EDGE_CURVE('',#2305,#2324,#1401,.T.);
#3014=EDGE_CURVE('',#2324,#2324,#41,.T.);
#3015=EDGE_CURVE('',#2325,#2325,#42,.T.);
#3016=EDGE_CURVE('',#2323,#2326,#1402,.T.);
#3017=EDGE_CURVE('',#2326,#2326,#43,.T.);
#3018=EDGE_CURVE('',#2319,#2327,#1403,.T.);
#3019=EDGE_CURVE('',#2327,#2327,#44,.T.);
#3020=EDGE_CURVE('',#2321,#2328,#1404,.T.);
#3021=EDGE_CURVE('',#2328,#2328,#45,.T.);
#3022=EDGE_CURVE('',#2325,#2329,#1405,.T.);
#3023=EDGE_CURVE('',#2329,#2329,#46,.T.);
#3024=EDGE_CURVE('',#2311,#2287,#1406,.T.);
#3025=EDGE_CURVE('',#2330,#1968,#1407,.T.);
#3026=EDGE_CURVE('',#2330,#2303,#1408,.T.);
#3027=EDGE_CURVE('',#2331,#2302,#1409,.T.);
#3028=EDGE_CURVE('',#1971,#2331,#1410,.T.);
#3029=EDGE_CURVE('',#2331,#2330,#1411,.T.);
#3030=ORIENTED_EDGE('',*,*,#2332,.F.);
#3031=ORIENTED_EDGE('',*,*,#2333,.T.);
#3032=ORIENTED_EDGE('',*,*,#2334,.F.);
#3033=ORIENTED_EDGE('',*,*,#2335,.F.);
#3034=ORIENTED_EDGE('',*,*,#2336,.F.);
#3035=ORIENTED_EDGE('',*,*,#2335,.T.);
#3036=ORIENTED_EDGE('',*,*,#2337,.F.);
#3037=ORIENTED_EDGE('',*,*,#2338,.F.);
#3038=ORIENTED_EDGE('',*,*,#2339,.F.);
#3039=ORIENTED_EDGE('',*,*,#2338,.T.);
#3040=ORIENTED_EDGE('',*,*,#2340,.F.);
#3041=ORIENTED_EDGE('',*,*,#2341,.F.);
#3042=ORIENTED_EDGE('',*,*,#2342,.F.);
#3043=ORIENTED_EDGE('',*,*,#2341,.T.);
#3044=ORIENTED_EDGE('',*,*,#2343,.F.);
#3045=ORIENTED_EDGE('',*,*,#2344,.F.);
#3046=ORIENTED_EDGE('',*,*,#2345,.F.);
#3047=ORIENTED_EDGE('',*,*,#2344,.T.);
#3048=ORIENTED_EDGE('',*,*,#2346,.F.);
#3049=ORIENTED_EDGE('',*,*,#2347,.F.);
#3050=ORIENTED_EDGE('',*,*,#2348,.F.);
#3051=ORIENTED_EDGE('',*,*,#2347,.T.);
#3052=ORIENTED_EDGE('',*,*,#2349,.F.);
#3053=ORIENTED_EDGE('',*,*,#2350,.F.);
#3054=ORIENTED_EDGE('',*,*,#2351,.F.);
#3055=ORIENTED_EDGE('',*,*,#2350,.T.);
#3056=ORIENTED_EDGE('',*,*,#2352,.F.);
#3057=ORIENTED_EDGE('',*,*,#2353,.F.);
#3058=ORIENTED_EDGE('',*,*,#2354,.F.);
#3059=ORIENTED_EDGE('',*,*,#2353,.T.);
#3060=ORIENTED_EDGE('',*,*,#2355,.F.);
#3061=ORIENTED_EDGE('',*,*,#2333,.F.);
#3062=ORIENTED_EDGE('',*,*,#2355,.T.);
#3063=ORIENTED_EDGE('',*,*,#2352,.T.);
#3064=ORIENTED_EDGE('',*,*,#2349,.T.);
#3065=ORIENTED_EDGE('',*,*,#2346,.T.);
#3066=ORIENTED_EDGE('',*,*,#2343,.T.);
#3067=ORIENTED_EDGE('',*,*,#2340,.T.);
#3068=ORIENTED_EDGE('',*,*,#2337,.T.);
#3069=ORIENTED_EDGE('',*,*,#2334,.T.);
#3070=ORIENTED_EDGE('',*,*,#2356,.F.);
#3071=ORIENTED_EDGE('',*,*,#2357,.T.);
#3072=ORIENTED_EDGE('',*,*,#2358,.F.);
#3073=ORIENTED_EDGE('',*,*,#2359,.F.);
#3074=ORIENTED_EDGE('',*,*,#2360,.F.);
#3075=ORIENTED_EDGE('',*,*,#2359,.T.);
#3076=ORIENTED_EDGE('',*,*,#2361,.F.);
#3077=ORIENTED_EDGE('',*,*,#2362,.F.);
#3078=ORIENTED_EDGE('',*,*,#2363,.F.);
#3079=ORIENTED_EDGE('',*,*,#2362,.T.);
#3080=ORIENTED_EDGE('',*,*,#2364,.F.);
#3081=ORIENTED_EDGE('',*,*,#2365,.F.);
#3082=ORIENTED_EDGE('',*,*,#2366,.F.);
#3083=ORIENTED_EDGE('',*,*,#2365,.T.);
#3084=ORIENTED_EDGE('',*,*,#2367,.F.);
#3085=ORIENTED_EDGE('',*,*,#2368,.F.);
#3086=ORIENTED_EDGE('',*,*,#2369,.F.);
#3087=ORIENTED_EDGE('',*,*,#2368,.T.);
#3088=ORIENTED_EDGE('',*,*,#2370,.F.);
#3089=ORIENTED_EDGE('',*,*,#2371,.F.);
#3090=ORIENTED_EDGE('',*,*,#2372,.F.);
#3091=ORIENTED_EDGE('',*,*,#2371,.T.);
#3092=ORIENTED_EDGE('',*,*,#2373,.F.);
#3093=ORIENTED_EDGE('',*,*,#2374,.F.);
#3094=ORIENTED_EDGE('',*,*,#2375,.F.);
#3095=ORIENTED_EDGE('',*,*,#2374,.T.);
#3096=ORIENTED_EDGE('',*,*,#2376,.F.);
#3097=ORIENTED_EDGE('',*,*,#2377,.F.);
#3098=ORIENTED_EDGE('',*,*,#2378,.F.);
#3099=ORIENTED_EDGE('',*,*,#2377,.T.);
#3100=ORIENTED_EDGE('',*,*,#2379,.F.);
#3101=ORIENTED_EDGE('',*,*,#2357,.F.);
#3102=ORIENTED_EDGE('',*,*,#2379,.T.);
#3103=ORIENTED_EDGE('',*,*,#2376,.T.);
#3104=ORIENTED_EDGE('',*,*,#2373,.T.);
#3105=ORIENTED_EDGE('',*,*,#2370,.T.);
#3106=ORIENTED_EDGE('',*,*,#2367,.T.);
#3107=ORIENTED_EDGE('',*,*,#2364,.T.);
#3108=ORIENTED_EDGE('',*,*,#2361,.T.);
#3109=ORIENTED_EDGE('',*,*,#2358,.T.);
#3110=ORIENTED_EDGE('',*,*,#2380,.F.);
#3111=ORIENTED_EDGE('',*,*,#2381,.F.);
#3112=ORIENTED_EDGE('',*,*,#2382,.F.);
#3113=ORIENTED_EDGE('',*,*,#2383,.T.);
#3114=ORIENTED_EDGE('',*,*,#2384,.F.);
#3115=ORIENTED_EDGE('',*,*,#2383,.F.);
#3116=ORIENTED_EDGE('',*,*,#2385,.F.);
#3117=ORIENTED_EDGE('',*,*,#2386,.T.);
#3118=ORIENTED_EDGE('',*,*,#2387,.F.);
#3119=ORIENTED_EDGE('',*,*,#2386,.F.);
#3120=ORIENTED_EDGE('',*,*,#2388,.F.);
#3121=ORIENTED_EDGE('',*,*,#2389,.T.);
#3122=ORIENTED_EDGE('',*,*,#2390,.F.);
#3123=ORIENTED_EDGE('',*,*,#2389,.F.);
#3124=ORIENTED_EDGE('',*,*,#2391,.F.);
#3125=ORIENTED_EDGE('',*,*,#2392,.T.);
#3126=ORIENTED_EDGE('',*,*,#2393,.F.);
#3127=ORIENTED_EDGE('',*,*,#2392,.F.);
#3128=ORIENTED_EDGE('',*,*,#2394,.F.);
#3129=ORIENTED_EDGE('',*,*,#2395,.T.);
#3130=ORIENTED_EDGE('',*,*,#2396,.F.);
#3131=ORIENTED_EDGE('',*,*,#2395,.F.);
#3132=ORIENTED_EDGE('',*,*,#2397,.F.);
#3133=ORIENTED_EDGE('',*,*,#2398,.T.);
#3134=ORIENTED_EDGE('',*,*,#2399,.F.);
#3135=ORIENTED_EDGE('',*,*,#2398,.F.);
#3136=ORIENTED_EDGE('',*,*,#2400,.F.);
#3137=ORIENTED_EDGE('',*,*,#2401,.T.);
#3138=ORIENTED_EDGE('',*,*,#2402,.F.);
#3139=ORIENTED_EDGE('',*,*,#2401,.F.);
#3140=ORIENTED_EDGE('',*,*,#2403,.F.);
#3141=ORIENTED_EDGE('',*,*,#2404,.T.);
#3142=ORIENTED_EDGE('',*,*,#2405,.F.);
#3143=ORIENTED_EDGE('',*,*,#2404,.F.);
#3144=ORIENTED_EDGE('',*,*,#2406,.F.);
#3145=ORIENTED_EDGE('',*,*,#2407,.T.);
#3146=ORIENTED_EDGE('',*,*,#2408,.F.);
#3147=ORIENTED_EDGE('',*,*,#2407,.F.);
#3148=ORIENTED_EDGE('',*,*,#2409,.F.);
#3149=ORIENTED_EDGE('',*,*,#2410,.T.);
#3150=ORIENTED_EDGE('',*,*,#2411,.F.);
#3151=ORIENTED_EDGE('',*,*,#2410,.F.);
#3152=ORIENTED_EDGE('',*,*,#2412,.F.);
#3153=ORIENTED_EDGE('',*,*,#2413,.T.);
#3154=ORIENTED_EDGE('',*,*,#2414,.F.);
#3155=ORIENTED_EDGE('',*,*,#2413,.F.);
#3156=ORIENTED_EDGE('',*,*,#2415,.F.);
#3157=ORIENTED_EDGE('',*,*,#2416,.T.);
#3158=ORIENTED_EDGE('',*,*,#2417,.F.);
#3159=ORIENTED_EDGE('',*,*,#2416,.F.);
#3160=ORIENTED_EDGE('',*,*,#2418,.F.);
#3161=ORIENTED_EDGE('',*,*,#2419,.T.);
#3162=ORIENTED_EDGE('',*,*,#2420,.F.);
#3163=ORIENTED_EDGE('',*,*,#2419,.F.);
#3164=ORIENTED_EDGE('',*,*,#2421,.F.);
#3165=ORIENTED_EDGE('',*,*,#2422,.T.);
#3166=ORIENTED_EDGE('',*,*,#2423,.F.);
#3167=ORIENTED_EDGE('',*,*,#2422,.F.);
#3168=ORIENTED_EDGE('',*,*,#2424,.F.);
#3169=ORIENTED_EDGE('',*,*,#2425,.T.);
#3170=ORIENTED_EDGE('',*,*,#2426,.F.);
#3171=ORIENTED_EDGE('',*,*,#2425,.F.);
#3172=ORIENTED_EDGE('',*,*,#2427,.F.);
#3173=ORIENTED_EDGE('',*,*,#2428,.T.);
#3174=ORIENTED_EDGE('',*,*,#2429,.F.);
#3175=ORIENTED_EDGE('',*,*,#2428,.F.);
#3176=ORIENTED_EDGE('',*,*,#2430,.F.);
#3177=ORIENTED_EDGE('',*,*,#2431,.T.);
#3178=ORIENTED_EDGE('',*,*,#2432,.F.);
#3179=ORIENTED_EDGE('',*,*,#2431,.F.);
#3180=ORIENTED_EDGE('',*,*,#2433,.F.);
#3181=ORIENTED_EDGE('',*,*,#2434,.T.);
#3182=ORIENTED_EDGE('',*,*,#2435,.F.);
#3183=ORIENTED_EDGE('',*,*,#2434,.F.);
#3184=ORIENTED_EDGE('',*,*,#2436,.F.);
#3185=ORIENTED_EDGE('',*,*,#2437,.T.);
#3186=ORIENTED_EDGE('',*,*,#2438,.F.);
#3187=ORIENTED_EDGE('',*,*,#2437,.F.);
#3188=ORIENTED_EDGE('',*,*,#2439,.F.);
#3189=ORIENTED_EDGE('',*,*,#2440,.T.);
#3190=ORIENTED_EDGE('',*,*,#2441,.F.);
#3191=ORIENTED_EDGE('',*,*,#2440,.F.);
#3192=ORIENTED_EDGE('',*,*,#2442,.F.);
#3193=ORIENTED_EDGE('',*,*,#2443,.T.);
#3194=ORIENTED_EDGE('',*,*,#2444,.F.);
#3195=ORIENTED_EDGE('',*,*,#2443,.F.);
#3196=ORIENTED_EDGE('',*,*,#2445,.F.);
#3197=ORIENTED_EDGE('',*,*,#2446,.T.);
#3198=ORIENTED_EDGE('',*,*,#2447,.F.);
#3199=ORIENTED_EDGE('',*,*,#2446,.F.);
#3200=ORIENTED_EDGE('',*,*,#2448,.F.);
#3201=ORIENTED_EDGE('',*,*,#2449,.T.);
#3202=ORIENTED_EDGE('',*,*,#2450,.F.);
#3203=ORIENTED_EDGE('',*,*,#2449,.F.);
#3204=ORIENTED_EDGE('',*,*,#2451,.F.);
#3205=ORIENTED_EDGE('',*,*,#2452,.T.);
#3206=ORIENTED_EDGE('',*,*,#2453,.F.);
#3207=ORIENTED_EDGE('',*,*,#2452,.F.);
#3208=ORIENTED_EDGE('',*,*,#2454,.F.);
#3209=ORIENTED_EDGE('',*,*,#2455,.T.);
#3210=ORIENTED_EDGE('',*,*,#2456,.F.);
#3211=ORIENTED_EDGE('',*,*,#2455,.F.);
#3212=ORIENTED_EDGE('',*,*,#2457,.F.);
#3213=ORIENTED_EDGE('',*,*,#2458,.T.);
#3214=ORIENTED_EDGE('',*,*,#2459,.F.);
#3215=ORIENTED_EDGE('',*,*,#2458,.F.);
#3216=ORIENTED_EDGE('',*,*,#2460,.F.);
#3217=ORIENTED_EDGE('',*,*,#2461,.T.);
#3218=ORIENTED_EDGE('',*,*,#2462,.F.);
#3219=ORIENTED_EDGE('',*,*,#2461,.F.);
#3220=ORIENTED_EDGE('',*,*,#2463,.F.);
#3221=ORIENTED_EDGE('',*,*,#2464,.T.);
#3222=ORIENTED_EDGE('',*,*,#2465,.F.);
#3223=ORIENTED_EDGE('',*,*,#2464,.F.);
#3224=ORIENTED_EDGE('',*,*,#2466,.F.);
#3225=ORIENTED_EDGE('',*,*,#2467,.T.);
#3226=ORIENTED_EDGE('',*,*,#2468,.F.);
#3227=ORIENTED_EDGE('',*,*,#2467,.F.);
#3228=ORIENTED_EDGE('',*,*,#2469,.F.);
#3229=ORIENTED_EDGE('',*,*,#2470,.T.);
#3230=ORIENTED_EDGE('',*,*,#2471,.F.);
#3231=ORIENTED_EDGE('',*,*,#2470,.F.);
#3232=ORIENTED_EDGE('',*,*,#2472,.F.);
#3233=ORIENTED_EDGE('',*,*,#2473,.T.);
#3234=ORIENTED_EDGE('',*,*,#2474,.F.);
#3235=ORIENTED_EDGE('',*,*,#2473,.F.);
#3236=ORIENTED_EDGE('',*,*,#2475,.F.);
#3237=ORIENTED_EDGE('',*,*,#2381,.T.);
#3238=ORIENTED_EDGE('',*,*,#2435,.T.);
#3239=ORIENTED_EDGE('',*,*,#2476,.F.);
#3240=ORIENTED_EDGE('',*,*,#2432,.T.);
#3241=ORIENTED_EDGE('',*,*,#2441,.T.);
#3242=ORIENTED_EDGE('',*,*,#2477,.F.);
#3243=ORIENTED_EDGE('',*,*,#2438,.T.);
#3244=ORIENTED_EDGE('',*,*,#2447,.T.);
#3245=ORIENTED_EDGE('',*,*,#2478,.F.);
#3246=ORIENTED_EDGE('',*,*,#2444,.T.);
#3247=ORIENTED_EDGE('',*,*,#2453,.T.);
#3248=ORIENTED_EDGE('',*,*,#2479,.F.);
#3249=ORIENTED_EDGE('',*,*,#2450,.T.);
#3250=ORIENTED_EDGE('',*,*,#2459,.T.);
#3251=ORIENTED_EDGE('',*,*,#2480,.F.);
#3252=ORIENTED_EDGE('',*,*,#2456,.T.);
#3253=ORIENTED_EDGE('',*,*,#2465,.T.);
#3254=ORIENTED_EDGE('',*,*,#2481,.F.);
#3255=ORIENTED_EDGE('',*,*,#2462,.T.);
#3256=ORIENTED_EDGE('',*,*,#2471,.T.);
#3257=ORIENTED_EDGE('',*,*,#2482,.F.);
#3258=ORIENTED_EDGE('',*,*,#2468,.T.);
#3259=ORIENTED_EDGE('',*,*,#2474,.T.);
#3260=ORIENTED_EDGE('',*,*,#2380,.T.);
#3261=ORIENTED_EDGE('',*,*,#2384,.T.);
#3262=ORIENTED_EDGE('',*,*,#2387,.T.);
#3263=ORIENTED_EDGE('',*,*,#2390,.T.);
#3264=ORIENTED_EDGE('',*,*,#2393,.T.);
#3265=ORIENTED_EDGE('',*,*,#2396,.T.);
#3266=ORIENTED_EDGE('',*,*,#2399,.T.);
#3267=ORIENTED_EDGE('',*,*,#2402,.T.);
#3268=ORIENTED_EDGE('',*,*,#2405,.T.);
#3269=ORIENTED_EDGE('',*,*,#2408,.T.);
#3270=ORIENTED_EDGE('',*,*,#2411,.T.);
#3271=ORIENTED_EDGE('',*,*,#2414,.T.);
#3272=ORIENTED_EDGE('',*,*,#2417,.T.);
#3273=ORIENTED_EDGE('',*,*,#2420,.T.);
#3274=ORIENTED_EDGE('',*,*,#2423,.T.);
#3275=ORIENTED_EDGE('',*,*,#2426,.T.);
#3276=ORIENTED_EDGE('',*,*,#2429,.T.);
#3277=ORIENTED_EDGE('',*,*,#2483,.F.);
#3278=ORIENTED_EDGE('',*,*,#2484,.T.);
#3279=ORIENTED_EDGE('',*,*,#2485,.F.);
#3280=ORIENTED_EDGE('',*,*,#2486,.F.);
#3281=ORIENTED_EDGE('',*,*,#2487,.F.);
#3282=ORIENTED_EDGE('',*,*,#2488,.F.);
#3283=ORIENTED_EDGE('',*,*,#2489,.T.);
#3284=ORIENTED_EDGE('',*,*,#2490,.T.);
#3285=ORIENTED_EDGE('',*,*,#2491,.F.);
#3286=ORIENTED_EDGE('',*,*,#2492,.F.);
#3287=ORIENTED_EDGE('',*,*,#2493,.T.);
#3288=ORIENTED_EDGE('',*,*,#2494,.T.);
#3289=ORIENTED_EDGE('',*,*,#2489,.F.);
#3290=ORIENTED_EDGE('',*,*,#2495,.F.);
#3291=ORIENTED_EDGE('',*,*,#2496,.T.);
#3292=ORIENTED_EDGE('',*,*,#2497,.T.);
#3293=ORIENTED_EDGE('',*,*,#2493,.F.);
#3294=ORIENTED_EDGE('',*,*,#2498,.F.);
#3295=ORIENTED_EDGE('',*,*,#2499,.T.);
#3296=ORIENTED_EDGE('',*,*,#2500,.T.);
#3297=ORIENTED_EDGE('',*,*,#2496,.F.);
#3298=ORIENTED_EDGE('',*,*,#2501,.F.);
#3299=ORIENTED_EDGE('',*,*,#2502,.T.);
#3300=ORIENTED_EDGE('',*,*,#2503,.T.);
#3301=ORIENTED_EDGE('',*,*,#2499,.F.);
#3302=ORIENTED_EDGE('',*,*,#2504,.F.);
#3303=ORIENTED_EDGE('',*,*,#2505,.T.);
#3304=ORIENTED_EDGE('',*,*,#2506,.T.);
#3305=ORIENTED_EDGE('',*,*,#2502,.F.);
#3306=ORIENTED_EDGE('',*,*,#2507,.F.);
#3307=ORIENTED_EDGE('',*,*,#2508,.T.);
#3308=ORIENTED_EDGE('',*,*,#2509,.T.);
#3309=ORIENTED_EDGE('',*,*,#2505,.F.);
#3310=ORIENTED_EDGE('',*,*,#2510,.F.);
#3311=ORIENTED_EDGE('',*,*,#2511,.T.);
#3312=ORIENTED_EDGE('',*,*,#2512,.T.);
#3313=ORIENTED_EDGE('',*,*,#2508,.F.);
#3314=ORIENTED_EDGE('',*,*,#2513,.F.);
#3315=ORIENTED_EDGE('',*,*,#2491,.T.);
#3316=ORIENTED_EDGE('',*,*,#2514,.T.);
#3317=ORIENTED_EDGE('',*,*,#2511,.F.);
#3318=ORIENTED_EDGE('',*,*,#2515,.F.);
#3319=ORIENTED_EDGE('',*,*,#2516,.T.);
#3320=ORIENTED_EDGE('',*,*,#2517,.T.);
#3321=ORIENTED_EDGE('',*,*,#2518,.F.);
#3322=ORIENTED_EDGE('',*,*,#2519,.F.);
#3323=ORIENTED_EDGE('',*,*,#2520,.T.);
#3324=ORIENTED_EDGE('',*,*,#2521,.T.);
#3325=ORIENTED_EDGE('',*,*,#2516,.F.);
#3326=ORIENTED_EDGE('',*,*,#2522,.F.);
#3327=ORIENTED_EDGE('',*,*,#2523,.T.);
#3328=ORIENTED_EDGE('',*,*,#2524,.T.);
#3329=ORIENTED_EDGE('',*,*,#2520,.F.);
#3330=ORIENTED_EDGE('',*,*,#2525,.F.);
#3331=ORIENTED_EDGE('',*,*,#2526,.T.);
#3332=ORIENTED_EDGE('',*,*,#2527,.T.);
#3333=ORIENTED_EDGE('',*,*,#2523,.F.);
#3334=ORIENTED_EDGE('',*,*,#2528,.F.);
#3335=ORIENTED_EDGE('',*,*,#2529,.T.);
#3336=ORIENTED_EDGE('',*,*,#2530,.T.);
#3337=ORIENTED_EDGE('',*,*,#2526,.F.);
#3338=ORIENTED_EDGE('',*,*,#2531,.F.);
#3339=ORIENTED_EDGE('',*,*,#2532,.T.);
#3340=ORIENTED_EDGE('',*,*,#2533,.T.);
#3341=ORIENTED_EDGE('',*,*,#2529,.F.);
#3342=ORIENTED_EDGE('',*,*,#2534,.F.);
#3343=ORIENTED_EDGE('',*,*,#2535,.T.);
#3344=ORIENTED_EDGE('',*,*,#2536,.T.);
#3345=ORIENTED_EDGE('',*,*,#2532,.F.);
#3346=ORIENTED_EDGE('',*,*,#2537,.F.);
#3347=ORIENTED_EDGE('',*,*,#2538,.T.);
#3348=ORIENTED_EDGE('',*,*,#2539,.T.);
#3349=ORIENTED_EDGE('',*,*,#2535,.F.);
#3350=ORIENTED_EDGE('',*,*,#2540,.F.);
#3351=ORIENTED_EDGE('',*,*,#2541,.T.);
#3352=ORIENTED_EDGE('',*,*,#2542,.T.);
#3353=ORIENTED_EDGE('',*,*,#2538,.F.);
#3354=ORIENTED_EDGE('',*,*,#2543,.F.);
#3355=ORIENTED_EDGE('',*,*,#2518,.T.);
#3356=ORIENTED_EDGE('',*,*,#2544,.T.);
#3357=ORIENTED_EDGE('',*,*,#2541,.F.);
#3358=ORIENTED_EDGE('',*,*,#2545,.F.);
#3359=ORIENTED_EDGE('',*,*,#2546,.T.);
#3360=ORIENTED_EDGE('',*,*,#2547,.T.);
#3361=ORIENTED_EDGE('',*,*,#2548,.F.);
#3362=ORIENTED_EDGE('',*,*,#2549,.F.);
#3363=ORIENTED_EDGE('',*,*,#2550,.T.);
#3364=ORIENTED_EDGE('',*,*,#2551,.T.);
#3365=ORIENTED_EDGE('',*,*,#2546,.F.);
#3366=ORIENTED_EDGE('',*,*,#2552,.F.);
#3367=ORIENTED_EDGE('',*,*,#2553,.T.);
#3368=ORIENTED_EDGE('',*,*,#2554,.T.);
#3369=ORIENTED_EDGE('',*,*,#2550,.F.);
#3370=ORIENTED_EDGE('',*,*,#2555,.F.);
#3371=ORIENTED_EDGE('',*,*,#2556,.T.);
#3372=ORIENTED_EDGE('',*,*,#2557,.T.);
#3373=ORIENTED_EDGE('',*,*,#2553,.F.);
#3374=ORIENTED_EDGE('',*,*,#2558,.F.);
#3375=ORIENTED_EDGE('',*,*,#2559,.T.);
#3376=ORIENTED_EDGE('',*,*,#2560,.T.);
#3377=ORIENTED_EDGE('',*,*,#2556,.F.);
#3378=ORIENTED_EDGE('',*,*,#2561,.F.);
#3379=ORIENTED_EDGE('',*,*,#2562,.T.);
#3380=ORIENTED_EDGE('',*,*,#2563,.T.);
#3381=ORIENTED_EDGE('',*,*,#2559,.F.);
#3382=ORIENTED_EDGE('',*,*,#2564,.F.);
#3383=ORIENTED_EDGE('',*,*,#2565,.T.);
#3384=ORIENTED_EDGE('',*,*,#2566,.T.);
#3385=ORIENTED_EDGE('',*,*,#2562,.F.);
#3386=ORIENTED_EDGE('',*,*,#2567,.F.);
#3387=ORIENTED_EDGE('',*,*,#2568,.T.);
#3388=ORIENTED_EDGE('',*,*,#2569,.T.);
#3389=ORIENTED_EDGE('',*,*,#2565,.F.);
#3390=ORIENTED_EDGE('',*,*,#2570,.F.);
#3391=ORIENTED_EDGE('',*,*,#2571,.T.);
#3392=ORIENTED_EDGE('',*,*,#2572,.T.);
#3393=ORIENTED_EDGE('',*,*,#2568,.F.);
#3394=ORIENTED_EDGE('',*,*,#2573,.F.);
#3395=ORIENTED_EDGE('',*,*,#2574,.T.);
#3396=ORIENTED_EDGE('',*,*,#2575,.T.);
#3397=ORIENTED_EDGE('',*,*,#2571,.F.);
#3398=ORIENTED_EDGE('',*,*,#2576,.F.);
#3399=ORIENTED_EDGE('',*,*,#2577,.T.);
#3400=ORIENTED_EDGE('',*,*,#2578,.T.);
#3401=ORIENTED_EDGE('',*,*,#2574,.F.);
#3402=ORIENTED_EDGE('',*,*,#2579,.F.);
#3403=ORIENTED_EDGE('',*,*,#2580,.T.);
#3404=ORIENTED_EDGE('',*,*,#2581,.T.);
#3405=ORIENTED_EDGE('',*,*,#2577,.F.);
#3406=ORIENTED_EDGE('',*,*,#2582,.F.);
#3407=ORIENTED_EDGE('',*,*,#2583,.T.);
#3408=ORIENTED_EDGE('',*,*,#2584,.T.);
#3409=ORIENTED_EDGE('',*,*,#2580,.F.);
#3410=ORIENTED_EDGE('',*,*,#2585,.F.);
#3411=ORIENTED_EDGE('',*,*,#2548,.T.);
#3412=ORIENTED_EDGE('',*,*,#2586,.T.);
#3413=ORIENTED_EDGE('',*,*,#2583,.F.);
#3414=ORIENTED_EDGE('',*,*,#2586,.F.);
#3415=ORIENTED_EDGE('',*,*,#2547,.F.);
#3416=ORIENTED_EDGE('',*,*,#2551,.F.);
#3417=ORIENTED_EDGE('',*,*,#2554,.F.);
#3418=ORIENTED_EDGE('',*,*,#2557,.F.);
#3419=ORIENTED_EDGE('',*,*,#2560,.F.);
#3420=ORIENTED_EDGE('',*,*,#2563,.F.);
#3421=ORIENTED_EDGE('',*,*,#2566,.F.);
#3422=ORIENTED_EDGE('',*,*,#2569,.F.);
#3423=ORIENTED_EDGE('',*,*,#2572,.F.);
#3424=ORIENTED_EDGE('',*,*,#2575,.F.);
#3425=ORIENTED_EDGE('',*,*,#2578,.F.);
#3426=ORIENTED_EDGE('',*,*,#2581,.F.);
#3427=ORIENTED_EDGE('',*,*,#2584,.F.);
#3428=ORIENTED_EDGE('',*,*,#2544,.F.);
#3429=ORIENTED_EDGE('',*,*,#2517,.F.);
#3430=ORIENTED_EDGE('',*,*,#2521,.F.);
#3431=ORIENTED_EDGE('',*,*,#2524,.F.);
#3432=ORIENTED_EDGE('',*,*,#2527,.F.);
#3433=ORIENTED_EDGE('',*,*,#2530,.F.);
#3434=ORIENTED_EDGE('',*,*,#2533,.F.);
#3435=ORIENTED_EDGE('',*,*,#2536,.F.);
#3436=ORIENTED_EDGE('',*,*,#2539,.F.);
#3437=ORIENTED_EDGE('',*,*,#2542,.F.);
#3438=ORIENTED_EDGE('',*,*,#2514,.F.);
#3439=ORIENTED_EDGE('',*,*,#2490,.F.);
#3440=ORIENTED_EDGE('',*,*,#2494,.F.);
#3441=ORIENTED_EDGE('',*,*,#2497,.F.);
#3442=ORIENTED_EDGE('',*,*,#2500,.F.);
#3443=ORIENTED_EDGE('',*,*,#2503,.F.);
#3444=ORIENTED_EDGE('',*,*,#2506,.F.);
#3445=ORIENTED_EDGE('',*,*,#2509,.F.);
#3446=ORIENTED_EDGE('',*,*,#2512,.F.);
#3447=ORIENTED_EDGE('',*,*,#2587,.F.);
#3448=ORIENTED_EDGE('',*,*,#2588,.T.);
#3449=ORIENTED_EDGE('',*,*,#2589,.T.);
#3450=ORIENTED_EDGE('',*,*,#2590,.F.);
#3451=ORIENTED_EDGE('',*,*,#2591,.F.);
#3452=ORIENTED_EDGE('',*,*,#2592,.T.);
#3453=ORIENTED_EDGE('',*,*,#2593,.T.);
#3454=ORIENTED_EDGE('',*,*,#2588,.F.);
#3455=ORIENTED_EDGE('',*,*,#2594,.F.);
#3456=ORIENTED_EDGE('',*,*,#2595,.T.);
#3457=ORIENTED_EDGE('',*,*,#2596,.T.);
#3458=ORIENTED_EDGE('',*,*,#2592,.F.);
#3459=ORIENTED_EDGE('',*,*,#2597,.F.);
#3460=ORIENTED_EDGE('',*,*,#2598,.T.);
#3461=ORIENTED_EDGE('',*,*,#2599,.T.);
#3462=ORIENTED_EDGE('',*,*,#2595,.F.);
#3463=ORIENTED_EDGE('',*,*,#2600,.F.);
#3464=ORIENTED_EDGE('',*,*,#2601,.T.);
#3465=ORIENTED_EDGE('',*,*,#2602,.T.);
#3466=ORIENTED_EDGE('',*,*,#2598,.F.);
#3467=ORIENTED_EDGE('',*,*,#2603,.F.);
#3468=ORIENTED_EDGE('',*,*,#2604,.T.);
#3469=ORIENTED_EDGE('',*,*,#2605,.T.);
#3470=ORIENTED_EDGE('',*,*,#2601,.F.);
#3471=ORIENTED_EDGE('',*,*,#2606,.F.);
#3472=ORIENTED_EDGE('',*,*,#2607,.T.);
#3473=ORIENTED_EDGE('',*,*,#2608,.T.);
#3474=ORIENTED_EDGE('',*,*,#2604,.F.);
#3475=ORIENTED_EDGE('',*,*,#2609,.F.);
#3476=ORIENTED_EDGE('',*,*,#2610,.T.);
#3477=ORIENTED_EDGE('',*,*,#2611,.T.);
#3478=ORIENTED_EDGE('',*,*,#2607,.F.);
#3479=ORIENTED_EDGE('',*,*,#2612,.F.);
#3480=ORIENTED_EDGE('',*,*,#2613,.T.);
#3481=ORIENTED_EDGE('',*,*,#2614,.T.);
#3482=ORIENTED_EDGE('',*,*,#2610,.F.);
#3483=ORIENTED_EDGE('',*,*,#2615,.F.);
#3484=ORIENTED_EDGE('',*,*,#2590,.T.);
#3485=ORIENTED_EDGE('',*,*,#2616,.T.);
#3486=ORIENTED_EDGE('',*,*,#2613,.F.);
#3487=ORIENTED_EDGE('',*,*,#2617,.F.);
#3488=ORIENTED_EDGE('',*,*,#2618,.T.);
#3489=ORIENTED_EDGE('',*,*,#2619,.T.);
#3490=ORIENTED_EDGE('',*,*,#2620,.F.);
#3491=ORIENTED_EDGE('',*,*,#2621,.F.);
#3492=ORIENTED_EDGE('',*,*,#2622,.T.);
#3493=ORIENTED_EDGE('',*,*,#2623,.T.);
#3494=ORIENTED_EDGE('',*,*,#2618,.F.);
#3495=ORIENTED_EDGE('',*,*,#2624,.F.);
#3496=ORIENTED_EDGE('',*,*,#2625,.T.);
#3497=ORIENTED_EDGE('',*,*,#2626,.T.);
#3498=ORIENTED_EDGE('',*,*,#2622,.F.);
#3499=ORIENTED_EDGE('',*,*,#2627,.F.);
#3500=ORIENTED_EDGE('',*,*,#2628,.T.);
#3501=ORIENTED_EDGE('',*,*,#2629,.T.);
#3502=ORIENTED_EDGE('',*,*,#2625,.F.);
#3503=ORIENTED_EDGE('',*,*,#2630,.F.);
#3504=ORIENTED_EDGE('',*,*,#2631,.T.);
#3505=ORIENTED_EDGE('',*,*,#2632,.T.);
#3506=ORIENTED_EDGE('',*,*,#2628,.F.);
#3507=ORIENTED_EDGE('',*,*,#2633,.F.);
#3508=ORIENTED_EDGE('',*,*,#2634,.T.);
#3509=ORIENTED_EDGE('',*,*,#2635,.T.);
#3510=ORIENTED_EDGE('',*,*,#2631,.F.);
#3511=ORIENTED_EDGE('',*,*,#2636,.F.);
#3512=ORIENTED_EDGE('',*,*,#2637,.T.);
#3513=ORIENTED_EDGE('',*,*,#2638,.T.);
#3514=ORIENTED_EDGE('',*,*,#2634,.F.);
#3515=ORIENTED_EDGE('',*,*,#2639,.F.);
#3516=ORIENTED_EDGE('',*,*,#2640,.T.);
#3517=ORIENTED_EDGE('',*,*,#2641,.T.);
#3518=ORIENTED_EDGE('',*,*,#2637,.F.);
#3519=ORIENTED_EDGE('',*,*,#2642,.F.);
#3520=ORIENTED_EDGE('',*,*,#2643,.T.);
#3521=ORIENTED_EDGE('',*,*,#2644,.T.);
#3522=ORIENTED_EDGE('',*,*,#2640,.F.);
#3523=ORIENTED_EDGE('',*,*,#2645,.F.);
#3524=ORIENTED_EDGE('',*,*,#2646,.T.);
#3525=ORIENTED_EDGE('',*,*,#2647,.T.);
#3526=ORIENTED_EDGE('',*,*,#2643,.F.);
#3527=ORIENTED_EDGE('',*,*,#2648,.F.);
#3528=ORIENTED_EDGE('',*,*,#2649,.T.);
#3529=ORIENTED_EDGE('',*,*,#2650,.T.);
#3530=ORIENTED_EDGE('',*,*,#2646,.F.);
#3531=ORIENTED_EDGE('',*,*,#2651,.F.);
#3532=ORIENTED_EDGE('',*,*,#2652,.T.);
#3533=ORIENTED_EDGE('',*,*,#2653,.T.);
#3534=ORIENTED_EDGE('',*,*,#2649,.F.);
#3535=ORIENTED_EDGE('',*,*,#2654,.F.);
#3536=ORIENTED_EDGE('',*,*,#2655,.T.);
#3537=ORIENTED_EDGE('',*,*,#2656,.T.);
#3538=ORIENTED_EDGE('',*,*,#2652,.F.);
#3539=ORIENTED_EDGE('',*,*,#2657,.F.);
#3540=ORIENTED_EDGE('',*,*,#2658,.T.);
#3541=ORIENTED_EDGE('',*,*,#2659,.T.);
#3542=ORIENTED_EDGE('',*,*,#2655,.F.);
#3543=ORIENTED_EDGE('',*,*,#2660,.F.);
#3544=ORIENTED_EDGE('',*,*,#2661,.T.);
#3545=ORIENTED_EDGE('',*,*,#2662,.T.);
#3546=ORIENTED_EDGE('',*,*,#2658,.F.);
#3547=ORIENTED_EDGE('',*,*,#2663,.F.);
#3548=ORIENTED_EDGE('',*,*,#2664,.T.);
#3549=ORIENTED_EDGE('',*,*,#2665,.T.);
#3550=ORIENTED_EDGE('',*,*,#2661,.F.);
#3551=ORIENTED_EDGE('',*,*,#2666,.F.);
#3552=ORIENTED_EDGE('',*,*,#2667,.T.);
#3553=ORIENTED_EDGE('',*,*,#2668,.T.);
#3554=ORIENTED_EDGE('',*,*,#2664,.F.);
#3555=ORIENTED_EDGE('',*,*,#2669,.F.);
#3556=ORIENTED_EDGE('',*,*,#2670,.T.);
#3557=ORIENTED_EDGE('',*,*,#2671,.T.);
#3558=ORIENTED_EDGE('',*,*,#2667,.F.);
#3559=ORIENTED_EDGE('',*,*,#2672,.F.);
#3560=ORIENTED_EDGE('',*,*,#2673,.T.);
#3561=ORIENTED_EDGE('',*,*,#2674,.T.);
#3562=ORIENTED_EDGE('',*,*,#2670,.F.);
#3563=ORIENTED_EDGE('',*,*,#2675,.F.);
#3564=ORIENTED_EDGE('',*,*,#2676,.T.);
#3565=ORIENTED_EDGE('',*,*,#2677,.T.);
#3566=ORIENTED_EDGE('',*,*,#2673,.F.);
#3567=ORIENTED_EDGE('',*,*,#2678,.F.);
#3568=ORIENTED_EDGE('',*,*,#2679,.T.);
#3569=ORIENTED_EDGE('',*,*,#2680,.T.);
#3570=ORIENTED_EDGE('',*,*,#2676,.F.);
#3571=ORIENTED_EDGE('',*,*,#2681,.F.);
#3572=ORIENTED_EDGE('',*,*,#2682,.T.);
#3573=ORIENTED_EDGE('',*,*,#2683,.T.);
#3574=ORIENTED_EDGE('',*,*,#2679,.F.);
#3575=ORIENTED_EDGE('',*,*,#2684,.F.);
#3576=ORIENTED_EDGE('',*,*,#2685,.T.);
#3577=ORIENTED_EDGE('',*,*,#2686,.T.);
#3578=ORIENTED_EDGE('',*,*,#2682,.F.);
#3579=ORIENTED_EDGE('',*,*,#2687,.F.);
#3580=ORIENTED_EDGE('',*,*,#2688,.T.);
#3581=ORIENTED_EDGE('',*,*,#2689,.T.);
#3582=ORIENTED_EDGE('',*,*,#2685,.F.);
#3583=ORIENTED_EDGE('',*,*,#2690,.F.);
#3584=ORIENTED_EDGE('',*,*,#2691,.T.);
#3585=ORIENTED_EDGE('',*,*,#2692,.T.);
#3586=ORIENTED_EDGE('',*,*,#2688,.F.);
#3587=ORIENTED_EDGE('',*,*,#2693,.F.);
#3588=ORIENTED_EDGE('',*,*,#2694,.T.);
#3589=ORIENTED_EDGE('',*,*,#2695,.T.);
#3590=ORIENTED_EDGE('',*,*,#2691,.F.);
#3591=ORIENTED_EDGE('',*,*,#2696,.F.);
#3592=ORIENTED_EDGE('',*,*,#2620,.T.);
#3593=ORIENTED_EDGE('',*,*,#2697,.T.);
#3594=ORIENTED_EDGE('',*,*,#2694,.F.);
#3595=ORIENTED_EDGE('',*,*,#2697,.F.);
#3596=ORIENTED_EDGE('',*,*,#2619,.F.);
#3597=ORIENTED_EDGE('',*,*,#2623,.F.);
#3598=ORIENTED_EDGE('',*,*,#2626,.F.);
#3599=ORIENTED_EDGE('',*,*,#2629,.F.);
#3600=ORIENTED_EDGE('',*,*,#2632,.F.);
#3601=ORIENTED_EDGE('',*,*,#2635,.F.);
#3602=ORIENTED_EDGE('',*,*,#2638,.F.);
#3603=ORIENTED_EDGE('',*,*,#2641,.F.);
#3604=ORIENTED_EDGE('',*,*,#2644,.F.);
#3605=ORIENTED_EDGE('',*,*,#2647,.F.);
#3606=ORIENTED_EDGE('',*,*,#2650,.F.);
#3607=ORIENTED_EDGE('',*,*,#2653,.F.);
#3608=ORIENTED_EDGE('',*,*,#2656,.F.);
#3609=ORIENTED_EDGE('',*,*,#2659,.F.);
#3610=ORIENTED_EDGE('',*,*,#2662,.F.);
#3611=ORIENTED_EDGE('',*,*,#2665,.F.);
#3612=ORIENTED_EDGE('',*,*,#2668,.F.);
#3613=ORIENTED_EDGE('',*,*,#2671,.F.);
#3614=ORIENTED_EDGE('',*,*,#2674,.F.);
#3615=ORIENTED_EDGE('',*,*,#2677,.F.);
#3616=ORIENTED_EDGE('',*,*,#2680,.F.);
#3617=ORIENTED_EDGE('',*,*,#2683,.F.);
#3618=ORIENTED_EDGE('',*,*,#2686,.F.);
#3619=ORIENTED_EDGE('',*,*,#2689,.F.);
#3620=ORIENTED_EDGE('',*,*,#2692,.F.);
#3621=ORIENTED_EDGE('',*,*,#2695,.F.);
#3622=ORIENTED_EDGE('',*,*,#2616,.F.);
#3623=ORIENTED_EDGE('',*,*,#2589,.F.);
#3624=ORIENTED_EDGE('',*,*,#2593,.F.);
#3625=ORIENTED_EDGE('',*,*,#2596,.F.);
#3626=ORIENTED_EDGE('',*,*,#2599,.F.);
#3627=ORIENTED_EDGE('',*,*,#2602,.F.);
#3628=ORIENTED_EDGE('',*,*,#2605,.F.);
#3629=ORIENTED_EDGE('',*,*,#2608,.F.);
#3630=ORIENTED_EDGE('',*,*,#2611,.F.);
#3631=ORIENTED_EDGE('',*,*,#2614,.F.);
#3632=ORIENTED_EDGE('',*,*,#2698,.F.);
#3633=ORIENTED_EDGE('',*,*,#2699,.T.);
#3634=ORIENTED_EDGE('',*,*,#2700,.T.);
#3635=ORIENTED_EDGE('',*,*,#2701,.F.);
#3636=ORIENTED_EDGE('',*,*,#2702,.F.);
#3637=ORIENTED_EDGE('',*,*,#2703,.T.);
#3638=ORIENTED_EDGE('',*,*,#2704,.T.);
#3639=ORIENTED_EDGE('',*,*,#2699,.F.);
#3640=ORIENTED_EDGE('',*,*,#2705,.F.);
#3641=ORIENTED_EDGE('',*,*,#2706,.T.);
#3642=ORIENTED_EDGE('',*,*,#2707,.T.);
#3643=ORIENTED_EDGE('',*,*,#2703,.F.);
#3644=ORIENTED_EDGE('',*,*,#2708,.F.);
#3645=ORIENTED_EDGE('',*,*,#2709,.T.);
#3646=ORIENTED_EDGE('',*,*,#2710,.T.);
#3647=ORIENTED_EDGE('',*,*,#2706,.F.);
#3648=ORIENTED_EDGE('',*,*,#2711,.F.);
#3649=ORIENTED_EDGE('',*,*,#2712,.T.);
#3650=ORIENTED_EDGE('',*,*,#2713,.T.);
#3651=ORIENTED_EDGE('',*,*,#2709,.F.);
#3652=ORIENTED_EDGE('',*,*,#2714,.F.);
#3653=ORIENTED_EDGE('',*,*,#2715,.T.);
#3654=ORIENTED_EDGE('',*,*,#2716,.T.);
#3655=ORIENTED_EDGE('',*,*,#2712,.F.);
#3656=ORIENTED_EDGE('',*,*,#2717,.F.);
#3657=ORIENTED_EDGE('',*,*,#2718,.T.);
#3658=ORIENTED_EDGE('',*,*,#2719,.T.);
#3659=ORIENTED_EDGE('',*,*,#2715,.F.);
#3660=ORIENTED_EDGE('',*,*,#2720,.F.);
#3661=ORIENTED_EDGE('',*,*,#2721,.T.);
#3662=ORIENTED_EDGE('',*,*,#2722,.T.);
#3663=ORIENTED_EDGE('',*,*,#2718,.F.);
#3664=ORIENTED_EDGE('',*,*,#2723,.F.);
#3665=ORIENTED_EDGE('',*,*,#2724,.T.);
#3666=ORIENTED_EDGE('',*,*,#2725,.T.);
#3667=ORIENTED_EDGE('',*,*,#2721,.F.);
#3668=ORIENTED_EDGE('',*,*,#2726,.F.);
#3669=ORIENTED_EDGE('',*,*,#2727,.T.);
#3670=ORIENTED_EDGE('',*,*,#2728,.T.);
#3671=ORIENTED_EDGE('',*,*,#2724,.F.);
#3672=ORIENTED_EDGE('',*,*,#2729,.F.);
#3673=ORIENTED_EDGE('',*,*,#2730,.T.);
#3674=ORIENTED_EDGE('',*,*,#2731,.T.);
#3675=ORIENTED_EDGE('',*,*,#2727,.F.);
#3676=ORIENTED_EDGE('',*,*,#2732,.F.);
#3677=ORIENTED_EDGE('',*,*,#2733,.T.);
#3678=ORIENTED_EDGE('',*,*,#2734,.T.);
#3679=ORIENTED_EDGE('',*,*,#2730,.F.);
#3680=ORIENTED_EDGE('',*,*,#2735,.F.);
#3681=ORIENTED_EDGE('',*,*,#2701,.T.);
#3682=ORIENTED_EDGE('',*,*,#2736,.T.);
#3683=ORIENTED_EDGE('',*,*,#2733,.F.);
#3684=ORIENTED_EDGE('',*,*,#2736,.F.);
#3685=ORIENTED_EDGE('',*,*,#2700,.F.);
#3686=ORIENTED_EDGE('',*,*,#2704,.F.);
#3687=ORIENTED_EDGE('',*,*,#2707,.F.);
#3688=ORIENTED_EDGE('',*,*,#2710,.F.);
#3689=ORIENTED_EDGE('',*,*,#2713,.F.);
#3690=ORIENTED_EDGE('',*,*,#2716,.F.);
#3691=ORIENTED_EDGE('',*,*,#2719,.F.);
#3692=ORIENTED_EDGE('',*,*,#2722,.F.);
#3693=ORIENTED_EDGE('',*,*,#2725,.F.);
#3694=ORIENTED_EDGE('',*,*,#2728,.F.);
#3695=ORIENTED_EDGE('',*,*,#2731,.F.);
#3696=ORIENTED_EDGE('',*,*,#2734,.F.);
#3697=ORIENTED_EDGE('',*,*,#2737,.F.);
#3698=ORIENTED_EDGE('',*,*,#2738,.T.);
#3699=ORIENTED_EDGE('',*,*,#2739,.T.);
#3700=ORIENTED_EDGE('',*,*,#2740,.F.);
#3701=ORIENTED_EDGE('',*,*,#2741,.F.);
#3702=ORIENTED_EDGE('',*,*,#2742,.T.);
#3703=ORIENTED_EDGE('',*,*,#2743,.T.);
#3704=ORIENTED_EDGE('',*,*,#2738,.F.);
#3705=ORIENTED_EDGE('',*,*,#2744,.F.);
#3706=ORIENTED_EDGE('',*,*,#2745,.T.);
#3707=ORIENTED_EDGE('',*,*,#2746,.T.);
#3708=ORIENTED_EDGE('',*,*,#2742,.F.);
#3709=ORIENTED_EDGE('',*,*,#2747,.F.);
#3710=ORIENTED_EDGE('',*,*,#2740,.T.);
#3711=ORIENTED_EDGE('',*,*,#2748,.T.);
#3712=ORIENTED_EDGE('',*,*,#2745,.F.);
#3713=ORIENTED_EDGE('',*,*,#2748,.F.);
#3714=ORIENTED_EDGE('',*,*,#2739,.F.);
#3715=ORIENTED_EDGE('',*,*,#2743,.F.);
#3716=ORIENTED_EDGE('',*,*,#2746,.F.);
#3717=ORIENTED_EDGE('',*,*,#2749,.F.);
#3718=ORIENTED_EDGE('',*,*,#2750,.T.);
#3719=ORIENTED_EDGE('',*,*,#2751,.T.);
#3720=ORIENTED_EDGE('',*,*,#2752,.F.);
#3721=ORIENTED_EDGE('',*,*,#2753,.F.);
#3722=ORIENTED_EDGE('',*,*,#2754,.T.);
#3723=ORIENTED_EDGE('',*,*,#2755,.T.);
#3724=ORIENTED_EDGE('',*,*,#2750,.F.);
#3725=ORIENTED_EDGE('',*,*,#2756,.F.);
#3726=ORIENTED_EDGE('',*,*,#2757,.T.);
#3727=ORIENTED_EDGE('',*,*,#2758,.T.);
#3728=ORIENTED_EDGE('',*,*,#2754,.F.);
#3729=ORIENTED_EDGE('',*,*,#2759,.F.);
#3730=ORIENTED_EDGE('',*,*,#2760,.T.);
#3731=ORIENTED_EDGE('',*,*,#2761,.T.);
#3732=ORIENTED_EDGE('',*,*,#2757,.F.);
#3733=ORIENTED_EDGE('',*,*,#2762,.F.);
#3734=ORIENTED_EDGE('',*,*,#2763,.T.);
#3735=ORIENTED_EDGE('',*,*,#2764,.T.);
#3736=ORIENTED_EDGE('',*,*,#2760,.F.);
#3737=ORIENTED_EDGE('',*,*,#2765,.F.);
#3738=ORIENTED_EDGE('',*,*,#2766,.T.);
#3739=ORIENTED_EDGE('',*,*,#2767,.T.);
#3740=ORIENTED_EDGE('',*,*,#2763,.F.);
#3741=ORIENTED_EDGE('',*,*,#2768,.F.);
#3742=ORIENTED_EDGE('',*,*,#2769,.T.);
#3743=ORIENTED_EDGE('',*,*,#2770,.T.);
#3744=ORIENTED_EDGE('',*,*,#2766,.F.);
#3745=ORIENTED_EDGE('',*,*,#2771,.F.);
#3746=ORIENTED_EDGE('',*,*,#2772,.T.);
#3747=ORIENTED_EDGE('',*,*,#2773,.T.);
#3748=ORIENTED_EDGE('',*,*,#2769,.F.);
#3749=ORIENTED_EDGE('',*,*,#2774,.F.);
#3750=ORIENTED_EDGE('',*,*,#2752,.T.);
#3751=ORIENTED_EDGE('',*,*,#2775,.T.);
#3752=ORIENTED_EDGE('',*,*,#2772,.F.);
#3753=ORIENTED_EDGE('',*,*,#2775,.F.);
#3754=ORIENTED_EDGE('',*,*,#2751,.F.);
#3755=ORIENTED_EDGE('',*,*,#2755,.F.);
#3756=ORIENTED_EDGE('',*,*,#2758,.F.);
#3757=ORIENTED_EDGE('',*,*,#2761,.F.);
#3758=ORIENTED_EDGE('',*,*,#2764,.F.);
#3759=ORIENTED_EDGE('',*,*,#2767,.F.);
#3760=ORIENTED_EDGE('',*,*,#2770,.F.);
#3761=ORIENTED_EDGE('',*,*,#2773,.F.);
#3762=ORIENTED_EDGE('',*,*,#2776,.F.);
#3763=ORIENTED_EDGE('',*,*,#2777,.T.);
#3764=ORIENTED_EDGE('',*,*,#2778,.T.);
#3765=ORIENTED_EDGE('',*,*,#2779,.F.);
#3766=ORIENTED_EDGE('',*,*,#2780,.F.);
#3767=ORIENTED_EDGE('',*,*,#2781,.T.);
#3768=ORIENTED_EDGE('',*,*,#2782,.T.);
#3769=ORIENTED_EDGE('',*,*,#2777,.F.);
#3770=ORIENTED_EDGE('',*,*,#2783,.F.);
#3771=ORIENTED_EDGE('',*,*,#2784,.T.);
#3772=ORIENTED_EDGE('',*,*,#2785,.T.);
#3773=ORIENTED_EDGE('',*,*,#2781,.F.);
#3774=ORIENTED_EDGE('',*,*,#2786,.F.);
#3775=ORIENTED_EDGE('',*,*,#2787,.T.);
#3776=ORIENTED_EDGE('',*,*,#2788,.T.);
#3777=ORIENTED_EDGE('',*,*,#2784,.F.);
#3778=ORIENTED_EDGE('',*,*,#2789,.F.);
#3779=ORIENTED_EDGE('',*,*,#2790,.T.);
#3780=ORIENTED_EDGE('',*,*,#2791,.T.);
#3781=ORIENTED_EDGE('',*,*,#2787,.F.);
#3782=ORIENTED_EDGE('',*,*,#2792,.F.);
#3783=ORIENTED_EDGE('',*,*,#2793,.T.);
#3784=ORIENTED_EDGE('',*,*,#2794,.T.);
#3785=ORIENTED_EDGE('',*,*,#2790,.F.);
#3786=ORIENTED_EDGE('',*,*,#2795,.F.);
#3787=ORIENTED_EDGE('',*,*,#2796,.T.);
#3788=ORIENTED_EDGE('',*,*,#2797,.T.);
#3789=ORIENTED_EDGE('',*,*,#2793,.F.);
#3790=ORIENTED_EDGE('',*,*,#2798,.F.);
#3791=ORIENTED_EDGE('',*,*,#2779,.T.);
#3792=ORIENTED_EDGE('',*,*,#2799,.T.);
#3793=ORIENTED_EDGE('',*,*,#2796,.F.);
#3794=ORIENTED_EDGE('',*,*,#2800,.F.);
#3795=ORIENTED_EDGE('',*,*,#2801,.T.);
#3796=ORIENTED_EDGE('',*,*,#2802,.T.);
#3797=ORIENTED_EDGE('',*,*,#2803,.F.);
#3798=ORIENTED_EDGE('',*,*,#2804,.F.);
#3799=ORIENTED_EDGE('',*,*,#2805,.T.);
#3800=ORIENTED_EDGE('',*,*,#2806,.T.);
#3801=ORIENTED_EDGE('',*,*,#2801,.F.);
#3802=ORIENTED_EDGE('',*,*,#2807,.F.);
#3803=ORIENTED_EDGE('',*,*,#2808,.T.);
#3804=ORIENTED_EDGE('',*,*,#2809,.T.);
#3805=ORIENTED_EDGE('',*,*,#2805,.F.);
#3806=ORIENTED_EDGE('',*,*,#2810,.F.);
#3807=ORIENTED_EDGE('',*,*,#2811,.T.);
#3808=ORIENTED_EDGE('',*,*,#2812,.T.);
#3809=ORIENTED_EDGE('',*,*,#2808,.F.);
#3810=ORIENTED_EDGE('',*,*,#2813,.F.);
#3811=ORIENTED_EDGE('',*,*,#2814,.T.);
#3812=ORIENTED_EDGE('',*,*,#2815,.T.);
#3813=ORIENTED_EDGE('',*,*,#2811,.F.);
#3814=ORIENTED_EDGE('',*,*,#2816,.F.);
#3815=ORIENTED_EDGE('',*,*,#2817,.T.);
#3816=ORIENTED_EDGE('',*,*,#2818,.T.);
#3817=ORIENTED_EDGE('',*,*,#2814,.F.);
#3818=ORIENTED_EDGE('',*,*,#2819,.F.);
#3819=ORIENTED_EDGE('',*,*,#2820,.T.);
#3820=ORIENTED_EDGE('',*,*,#2821,.T.);
#3821=ORIENTED_EDGE('',*,*,#2817,.F.);
#3822=ORIENTED_EDGE('',*,*,#2822,.F.);
#3823=ORIENTED_EDGE('',*,*,#2823,.T.);
#3824=ORIENTED_EDGE('',*,*,#2824,.T.);
#3825=ORIENTED_EDGE('',*,*,#2820,.F.);
#3826=ORIENTED_EDGE('',*,*,#2825,.F.);
#3827=ORIENTED_EDGE('',*,*,#2826,.T.);
#3828=ORIENTED_EDGE('',*,*,#2827,.T.);
#3829=ORIENTED_EDGE('',*,*,#2823,.F.);
#3830=ORIENTED_EDGE('',*,*,#2828,.F.);
#3831=ORIENTED_EDGE('',*,*,#2829,.T.);
#3832=ORIENTED_EDGE('',*,*,#2830,.T.);
#3833=ORIENTED_EDGE('',*,*,#2826,.F.);
#3834=ORIENTED_EDGE('',*,*,#2831,.F.);
#3835=ORIENTED_EDGE('',*,*,#2832,.T.);
#3836=ORIENTED_EDGE('',*,*,#2833,.T.);
#3837=ORIENTED_EDGE('',*,*,#2829,.F.);
#3838=ORIENTED_EDGE('',*,*,#2834,.F.);
#3839=ORIENTED_EDGE('',*,*,#2835,.T.);
#3840=ORIENTED_EDGE('',*,*,#2836,.T.);
#3841=ORIENTED_EDGE('',*,*,#2832,.F.);
#3842=ORIENTED_EDGE('',*,*,#2837,.F.);
#3843=ORIENTED_EDGE('',*,*,#2838,.T.);
#3844=ORIENTED_EDGE('',*,*,#2839,.T.);
#3845=ORIENTED_EDGE('',*,*,#2835,.F.);
#3846=ORIENTED_EDGE('',*,*,#2840,.F.);
#3847=ORIENTED_EDGE('',*,*,#2803,.T.);
#3848=ORIENTED_EDGE('',*,*,#2841,.T.);
#3849=ORIENTED_EDGE('',*,*,#2838,.F.);
#3850=ORIENTED_EDGE('',*,*,#2841,.F.);
#3851=ORIENTED_EDGE('',*,*,#2802,.F.);
#3852=ORIENTED_EDGE('',*,*,#2806,.F.);
#3853=ORIENTED_EDGE('',*,*,#2809,.F.);
#3854=ORIENTED_EDGE('',*,*,#2812,.F.);
#3855=ORIENTED_EDGE('',*,*,#2815,.F.);
#3856=ORIENTED_EDGE('',*,*,#2818,.F.);
#3857=ORIENTED_EDGE('',*,*,#2821,.F.);
#3858=ORIENTED_EDGE('',*,*,#2824,.F.);
#3859=ORIENTED_EDGE('',*,*,#2827,.F.);
#3860=ORIENTED_EDGE('',*,*,#2830,.F.);
#3861=ORIENTED_EDGE('',*,*,#2833,.F.);
#3862=ORIENTED_EDGE('',*,*,#2836,.F.);
#3863=ORIENTED_EDGE('',*,*,#2839,.F.);
#3864=ORIENTED_EDGE('',*,*,#2799,.F.);
#3865=ORIENTED_EDGE('',*,*,#2778,.F.);
#3866=ORIENTED_EDGE('',*,*,#2782,.F.);
#3867=ORIENTED_EDGE('',*,*,#2785,.F.);
#3868=ORIENTED_EDGE('',*,*,#2788,.F.);
#3869=ORIENTED_EDGE('',*,*,#2791,.F.);
#3870=ORIENTED_EDGE('',*,*,#2794,.F.);
#3871=ORIENTED_EDGE('',*,*,#2797,.F.);
#3872=ORIENTED_EDGE('',*,*,#2842,.F.);
#3873=ORIENTED_EDGE('',*,*,#2843,.T.);
#3874=ORIENTED_EDGE('',*,*,#2844,.T.);
#3875=ORIENTED_EDGE('',*,*,#2845,.F.);
#3876=ORIENTED_EDGE('',*,*,#2846,.F.);
#3877=ORIENTED_EDGE('',*,*,#2847,.T.);
#3878=ORIENTED_EDGE('',*,*,#2848,.T.);
#3879=ORIENTED_EDGE('',*,*,#2843,.F.);
#3880=ORIENTED_EDGE('',*,*,#2849,.F.);
#3881=ORIENTED_EDGE('',*,*,#2850,.T.);
#3882=ORIENTED_EDGE('',*,*,#2851,.T.);
#3883=ORIENTED_EDGE('',*,*,#2847,.F.);
#3884=ORIENTED_EDGE('',*,*,#2852,.F.);
#3885=ORIENTED_EDGE('',*,*,#2853,.T.);
#3886=ORIENTED_EDGE('',*,*,#2854,.T.);
#3887=ORIENTED_EDGE('',*,*,#2850,.F.);
#3888=ORIENTED_EDGE('',*,*,#2855,.F.);
#3889=ORIENTED_EDGE('',*,*,#2856,.T.);
#3890=ORIENTED_EDGE('',*,*,#2857,.T.);
#3891=ORIENTED_EDGE('',*,*,#2853,.F.);
#3892=ORIENTED_EDGE('',*,*,#2858,.F.);
#3893=ORIENTED_EDGE('',*,*,#2859,.T.);
#3894=ORIENTED_EDGE('',*,*,#2860,.T.);
#3895=ORIENTED_EDGE('',*,*,#2856,.F.);
#3896=ORIENTED_EDGE('',*,*,#2861,.F.);
#3897=ORIENTED_EDGE('',*,*,#2862,.T.);
#3898=ORIENTED_EDGE('',*,*,#2863,.T.);
#3899=ORIENTED_EDGE('',*,*,#2859,.F.);
#3900=ORIENTED_EDGE('',*,*,#2864,.F.);
#3901=ORIENTED_EDGE('',*,*,#2865,.T.);
#3902=ORIENTED_EDGE('',*,*,#2866,.T.);
#3903=ORIENTED_EDGE('',*,*,#2862,.F.);
#3904=ORIENTED_EDGE('',*,*,#2867,.F.);
#3905=ORIENTED_EDGE('',*,*,#2845,.T.);
#3906=ORIENTED_EDGE('',*,*,#2868,.T.);
#3907=ORIENTED_EDGE('',*,*,#2865,.F.);
#3908=ORIENTED_EDGE('',*,*,#2868,.F.);
#3909=ORIENTED_EDGE('',*,*,#2844,.F.);
#3910=ORIENTED_EDGE('',*,*,#2848,.F.);
#3911=ORIENTED_EDGE('',*,*,#2851,.F.);
#3912=ORIENTED_EDGE('',*,*,#2854,.F.);
#3913=ORIENTED_EDGE('',*,*,#2857,.F.);
#3914=ORIENTED_EDGE('',*,*,#2860,.F.);
#3915=ORIENTED_EDGE('',*,*,#2863,.F.);
#3916=ORIENTED_EDGE('',*,*,#2866,.F.);
#3917=ORIENTED_EDGE('',*,*,#2869,.F.);
#3918=ORIENTED_EDGE('',*,*,#2870,.T.);
#3919=ORIENTED_EDGE('',*,*,#2871,.T.);
#3920=ORIENTED_EDGE('',*,*,#2872,.F.);
#3921=ORIENTED_EDGE('',*,*,#2873,.F.);
#3922=ORIENTED_EDGE('',*,*,#2874,.T.);
#3923=ORIENTED_EDGE('',*,*,#2875,.T.);
#3924=ORIENTED_EDGE('',*,*,#2870,.F.);
#3925=ORIENTED_EDGE('',*,*,#2876,.F.);
#3926=ORIENTED_EDGE('',*,*,#2877,.T.);
#3927=ORIENTED_EDGE('',*,*,#2878,.T.);
#3928=ORIENTED_EDGE('',*,*,#2874,.F.);
#3929=ORIENTED_EDGE('',*,*,#2879,.F.);
#3930=ORIENTED_EDGE('',*,*,#2880,.T.);
#3931=ORIENTED_EDGE('',*,*,#2881,.T.);
#3932=ORIENTED_EDGE('',*,*,#2877,.F.);
#3933=ORIENTED_EDGE('',*,*,#2882,.F.);
#3934=ORIENTED_EDGE('',*,*,#2883,.T.);
#3935=ORIENTED_EDGE('',*,*,#2884,.T.);
#3936=ORIENTED_EDGE('',*,*,#2880,.F.);
#3937=ORIENTED_EDGE('',*,*,#2885,.F.);
#3938=ORIENTED_EDGE('',*,*,#2886,.T.);
#3939=ORIENTED_EDGE('',*,*,#2887,.T.);
#3940=ORIENTED_EDGE('',*,*,#2883,.F.);
#3941=ORIENTED_EDGE('',*,*,#2888,.F.);
#3942=ORIENTED_EDGE('',*,*,#2889,.T.);
#3943=ORIENTED_EDGE('',*,*,#2890,.T.);
#3944=ORIENTED_EDGE('',*,*,#2886,.F.);
#3945=ORIENTED_EDGE('',*,*,#2891,.F.);
#3946=ORIENTED_EDGE('',*,*,#2872,.T.);
#3947=ORIENTED_EDGE('',*,*,#2892,.T.);
#3948=ORIENTED_EDGE('',*,*,#2889,.F.);
#3949=ORIENTED_EDGE('',*,*,#2893,.F.);
#3950=ORIENTED_EDGE('',*,*,#2894,.T.);
#3951=ORIENTED_EDGE('',*,*,#2895,.T.);
#3952=ORIENTED_EDGE('',*,*,#2896,.F.);
#3953=ORIENTED_EDGE('',*,*,#2897,.F.);
#3954=ORIENTED_EDGE('',*,*,#2898,.T.);
#3955=ORIENTED_EDGE('',*,*,#2899,.T.);
#3956=ORIENTED_EDGE('',*,*,#2894,.F.);
#3957=ORIENTED_EDGE('',*,*,#2900,.F.);
#3958=ORIENTED_EDGE('',*,*,#2901,.T.);
#3959=ORIENTED_EDGE('',*,*,#2902,.T.);
#3960=ORIENTED_EDGE('',*,*,#2898,.F.);
#3961=ORIENTED_EDGE('',*,*,#2903,.F.);
#3962=ORIENTED_EDGE('',*,*,#2904,.T.);
#3963=ORIENTED_EDGE('',*,*,#2905,.T.);
#3964=ORIENTED_EDGE('',*,*,#2901,.F.);
#3965=ORIENTED_EDGE('',*,*,#2906,.F.);
#3966=ORIENTED_EDGE('',*,*,#2907,.T.);
#3967=ORIENTED_EDGE('',*,*,#2908,.T.);
#3968=ORIENTED_EDGE('',*,*,#2904,.F.);
#3969=ORIENTED_EDGE('',*,*,#2909,.F.);
#3970=ORIENTED_EDGE('',*,*,#2910,.T.);
#3971=ORIENTED_EDGE('',*,*,#2911,.T.);
#3972=ORIENTED_EDGE('',*,*,#2907,.F.);
#3973=ORIENTED_EDGE('',*,*,#2912,.F.);
#3974=ORIENTED_EDGE('',*,*,#2913,.T.);
#3975=ORIENTED_EDGE('',*,*,#2914,.T.);
#3976=ORIENTED_EDGE('',*,*,#2910,.F.);
#3977=ORIENTED_EDGE('',*,*,#2915,.F.);
#3978=ORIENTED_EDGE('',*,*,#2916,.T.);
#3979=ORIENTED_EDGE('',*,*,#2917,.T.);
#3980=ORIENTED_EDGE('',*,*,#2913,.F.);
#3981=ORIENTED_EDGE('',*,*,#2918,.F.);
#3982=ORIENTED_EDGE('',*,*,#2896,.T.);
#3983=ORIENTED_EDGE('',*,*,#2919,.T.);
#3984=ORIENTED_EDGE('',*,*,#2916,.F.);
#3985=ORIENTED_EDGE('',*,*,#2919,.F.);
#3986=ORIENTED_EDGE('',*,*,#2895,.F.);
#3987=ORIENTED_EDGE('',*,*,#2899,.F.);
#3988=ORIENTED_EDGE('',*,*,#2902,.F.);
#3989=ORIENTED_EDGE('',*,*,#2905,.F.);
#3990=ORIENTED_EDGE('',*,*,#2908,.F.);
#3991=ORIENTED_EDGE('',*,*,#2911,.F.);
#3992=ORIENTED_EDGE('',*,*,#2914,.F.);
#3993=ORIENTED_EDGE('',*,*,#2917,.F.);
#3994=ORIENTED_EDGE('',*,*,#2892,.F.);
#3995=ORIENTED_EDGE('',*,*,#2871,.F.);
#3996=ORIENTED_EDGE('',*,*,#2875,.F.);
#3997=ORIENTED_EDGE('',*,*,#2878,.F.);
#3998=ORIENTED_EDGE('',*,*,#2881,.F.);
#3999=ORIENTED_EDGE('',*,*,#2884,.F.);
#4000=ORIENTED_EDGE('',*,*,#2887,.F.);
#4001=ORIENTED_EDGE('',*,*,#2890,.F.);
#4002=ORIENTED_EDGE('',*,*,#2920,.F.);
#4003=ORIENTED_EDGE('',*,*,#2921,.T.);
#4004=ORIENTED_EDGE('',*,*,#2922,.T.);
#4005=ORIENTED_EDGE('',*,*,#2923,.F.);
#4006=ORIENTED_EDGE('',*,*,#2924,.F.);
#4007=ORIENTED_EDGE('',*,*,#2925,.T.);
#4008=ORIENTED_EDGE('',*,*,#2926,.T.);
#4009=ORIENTED_EDGE('',*,*,#2921,.F.);
#4010=ORIENTED_EDGE('',*,*,#2927,.F.);
#4011=ORIENTED_EDGE('',*,*,#2928,.T.);
#4012=ORIENTED_EDGE('',*,*,#2929,.T.);
#4013=ORIENTED_EDGE('',*,*,#2925,.F.);
#4014=ORIENTED_EDGE('',*,*,#2930,.F.);
#4015=ORIENTED_EDGE('',*,*,#2931,.T.);
#4016=ORIENTED_EDGE('',*,*,#2932,.T.);
#4017=ORIENTED_EDGE('',*,*,#2928,.F.);
#4018=ORIENTED_EDGE('',*,*,#2933,.F.);
#4019=ORIENTED_EDGE('',*,*,#2934,.T.);
#4020=ORIENTED_EDGE('',*,*,#2935,.T.);
#4021=ORIENTED_EDGE('',*,*,#2931,.F.);
#4022=ORIENTED_EDGE('',*,*,#2936,.F.);
#4023=ORIENTED_EDGE('',*,*,#2937,.T.);
#4024=ORIENTED_EDGE('',*,*,#2938,.T.);
#4025=ORIENTED_EDGE('',*,*,#2934,.F.);
#4026=ORIENTED_EDGE('',*,*,#2939,.F.);
#4027=ORIENTED_EDGE('',*,*,#2940,.T.);
#4028=ORIENTED_EDGE('',*,*,#2941,.T.);
#4029=ORIENTED_EDGE('',*,*,#2937,.F.);
#4030=ORIENTED_EDGE('',*,*,#2942,.F.);
#4031=ORIENTED_EDGE('',*,*,#2943,.T.);
#4032=ORIENTED_EDGE('',*,*,#2944,.T.);
#4033=ORIENTED_EDGE('',*,*,#2940,.F.);
#4034=ORIENTED_EDGE('',*,*,#2945,.F.);
#4035=ORIENTED_EDGE('',*,*,#2946,.T.);
#4036=ORIENTED_EDGE('',*,*,#2947,.T.);
#4037=ORIENTED_EDGE('',*,*,#2943,.F.);
#4038=ORIENTED_EDGE('',*,*,#2948,.F.);
#4039=ORIENTED_EDGE('',*,*,#2949,.T.);
#4040=ORIENTED_EDGE('',*,*,#2950,.T.);
#4041=ORIENTED_EDGE('',*,*,#2946,.F.);
#4042=ORIENTED_EDGE('',*,*,#2951,.F.);
#4043=ORIENTED_EDGE('',*,*,#2952,.T.);
#4044=ORIENTED_EDGE('',*,*,#2953,.T.);
#4045=ORIENTED_EDGE('',*,*,#2949,.F.);
#4046=ORIENTED_EDGE('',*,*,#2954,.F.);
#4047=ORIENTED_EDGE('',*,*,#2923,.T.);
#4048=ORIENTED_EDGE('',*,*,#2955,.T.);
#4049=ORIENTED_EDGE('',*,*,#2952,.F.);
#4050=ORIENTED_EDGE('',*,*,#2955,.F.);
#4051=ORIENTED_EDGE('',*,*,#2922,.F.);
#4052=ORIENTED_EDGE('',*,*,#2926,.F.);
#4053=ORIENTED_EDGE('',*,*,#2929,.F.);
#4054=ORIENTED_EDGE('',*,*,#2932,.F.);
#4055=ORIENTED_EDGE('',*,*,#2935,.F.);
#4056=ORIENTED_EDGE('',*,*,#2938,.F.);
#4057=ORIENTED_EDGE('',*,*,#2941,.F.);
#4058=ORIENTED_EDGE('',*,*,#2944,.F.);
#4059=ORIENTED_EDGE('',*,*,#2947,.F.);
#4060=ORIENTED_EDGE('',*,*,#2950,.F.);
#4061=ORIENTED_EDGE('',*,*,#2953,.F.);
#4062=ORIENTED_EDGE('',*,*,#2869,.T.);
#4063=ORIENTED_EDGE('',*,*,#2891,.T.);
#4064=ORIENTED_EDGE('',*,*,#2888,.T.);
#4065=ORIENTED_EDGE('',*,*,#2885,.T.);
#4066=ORIENTED_EDGE('',*,*,#2882,.T.);
#4067=ORIENTED_EDGE('',*,*,#2879,.T.);
#4068=ORIENTED_EDGE('',*,*,#2876,.T.);
#4069=ORIENTED_EDGE('',*,*,#2873,.T.);
#4070=ORIENTED_EDGE('',*,*,#2776,.T.);
#4071=ORIENTED_EDGE('',*,*,#2798,.T.);
#4072=ORIENTED_EDGE('',*,*,#2795,.T.);
#4073=ORIENTED_EDGE('',*,*,#2792,.T.);
#4074=ORIENTED_EDGE('',*,*,#2789,.T.);
#4075=ORIENTED_EDGE('',*,*,#2786,.T.);
#4076=ORIENTED_EDGE('',*,*,#2783,.T.);
#4077=ORIENTED_EDGE('',*,*,#2780,.T.);
#4078=ORIENTED_EDGE('',*,*,#2587,.T.);
#4079=ORIENTED_EDGE('',*,*,#2615,.T.);
#4080=ORIENTED_EDGE('',*,*,#2612,.T.);
#4081=ORIENTED_EDGE('',*,*,#2609,.T.);
#4082=ORIENTED_EDGE('',*,*,#2606,.T.);
#4083=ORIENTED_EDGE('',*,*,#2603,.T.);
#4084=ORIENTED_EDGE('',*,*,#2600,.T.);
#4085=ORIENTED_EDGE('',*,*,#2597,.T.);
#4086=ORIENTED_EDGE('',*,*,#2594,.T.);
#4087=ORIENTED_EDGE('',*,*,#2591,.T.);
#4088=ORIENTED_EDGE('',*,*,#2515,.T.);
#4089=ORIENTED_EDGE('',*,*,#2543,.T.);
#4090=ORIENTED_EDGE('',*,*,#2540,.T.);
#4091=ORIENTED_EDGE('',*,*,#2537,.T.);
#4092=ORIENTED_EDGE('',*,*,#2534,.T.);
#4093=ORIENTED_EDGE('',*,*,#2531,.T.);
#4094=ORIENTED_EDGE('',*,*,#2528,.T.);
#4095=ORIENTED_EDGE('',*,*,#2525,.T.);
#4096=ORIENTED_EDGE('',*,*,#2522,.T.);
#4097=ORIENTED_EDGE('',*,*,#2519,.T.);
#4098=ORIENTED_EDGE('',*,*,#2488,.T.);
#4099=ORIENTED_EDGE('',*,*,#2513,.T.);
#4100=ORIENTED_EDGE('',*,*,#2510,.T.);
#4101=ORIENTED_EDGE('',*,*,#2507,.T.);
#4102=ORIENTED_EDGE('',*,*,#2504,.T.);
#4103=ORIENTED_EDGE('',*,*,#2501,.T.);
#4104=ORIENTED_EDGE('',*,*,#2498,.T.);
#4105=ORIENTED_EDGE('',*,*,#2495,.T.);
#4106=ORIENTED_EDGE('',*,*,#2492,.T.);
#4107=ORIENTED_EDGE('',*,*,#2956,.T.);
#4108=ORIENTED_EDGE('',*,*,#2957,.T.);
#4109=ORIENTED_EDGE('',*,*,#2958,.T.);
#4110=ORIENTED_EDGE('',*,*,#2959,.T.);
#4111=ORIENTED_EDGE('',*,*,#2957,.F.);
#4112=ORIENTED_EDGE('',*,*,#2960,.T.);
#4113=ORIENTED_EDGE('',*,*,#2961,.T.);
#4114=ORIENTED_EDGE('',*,*,#2962,.T.);
#4115=ORIENTED_EDGE('',*,*,#2963,.T.);
#4116=ORIENTED_EDGE('',*,*,#2964,.T.);
#4117=ORIENTED_EDGE('',*,*,#2965,.T.);
#4118=ORIENTED_EDGE('',*,*,#2966,.T.);
#4119=ORIENTED_EDGE('',*,*,#2967,.F.);
#4120=ORIENTED_EDGE('',*,*,#2968,.F.);
#4121=ORIENTED_EDGE('',*,*,#2956,.F.);
#4122=ORIENTED_EDGE('',*,*,#2969,.T.);
#4123=ORIENTED_EDGE('',*,*,#2970,.F.);
#4124=ORIENTED_EDGE('',*,*,#2971,.T.);
#4125=ORIENTED_EDGE('',*,*,#2972,.F.);
#4126=ORIENTED_EDGE('',*,*,#2973,.F.);
#4127=ORIENTED_EDGE('',*,*,#2974,.F.);
#4128=ORIENTED_EDGE('',*,*,#2966,.F.);
#4129=ORIENTED_EDGE('',*,*,#2975,.T.);
#4130=ORIENTED_EDGE('',*,*,#2976,.T.);
#4131=ORIENTED_EDGE('',*,*,#2977,.T.);
#4132=ORIENTED_EDGE('',*,*,#2485,.T.);
#4133=ORIENTED_EDGE('',*,*,#2978,.T.);
#4134=ORIENTED_EDGE('',*,*,#2979,.T.);
#4135=ORIENTED_EDGE('',*,*,#2980,.T.);
#4136=ORIENTED_EDGE('',*,*,#2960,.F.);
#4137=ORIENTED_EDGE('',*,*,#2981,.T.);
#4138=ORIENTED_EDGE('',*,*,#2982,.T.);
#4139=ORIENTED_EDGE('',*,*,#2983,.T.);
#4140=ORIENTED_EDGE('',*,*,#2984,.T.);
#4141=ORIENTED_EDGE('',*,*,#2974,.T.);
#4142=ORIENTED_EDGE('',*,*,#2985,.T.);
#4143=ORIENTED_EDGE('',*,*,#2986,.T.);
#4144=ORIENTED_EDGE('',*,*,#2967,.T.);
#4145=ORIENTED_EDGE('',*,*,#2985,.F.);
#4146=ORIENTED_EDGE('',*,*,#2973,.T.);
#4147=ORIENTED_EDGE('',*,*,#2987,.F.);
#4148=ORIENTED_EDGE('',*,*,#2988,.T.);
#4149=ORIENTED_EDGE('',*,*,#2356,.T.);
#4150=ORIENTED_EDGE('',*,*,#2360,.T.);
#4151=ORIENTED_EDGE('',*,*,#2363,.T.);
#4152=ORIENTED_EDGE('',*,*,#2366,.T.);
#4153=ORIENTED_EDGE('',*,*,#2369,.T.);
#4154=ORIENTED_EDGE('',*,*,#2372,.T.);
#4155=ORIENTED_EDGE('',*,*,#2375,.T.);
#4156=ORIENTED_EDGE('',*,*,#2378,.T.);
#4157=ORIENTED_EDGE('',*,*,#2989,.T.);
#4158=ORIENTED_EDGE('',*,*,#2990,.T.);
#4159=ORIENTED_EDGE('',*,*,#2970,.T.);
#4160=ORIENTED_EDGE('',*,*,#2991,.T.);
#4161=ORIENTED_EDGE('',*,*,#2990,.F.);
#4162=ORIENTED_EDGE('',*,*,#2992,.T.);
#4163=ORIENTED_EDGE('',*,*,#2993,.F.);
#4164=ORIENTED_EDGE('',*,*,#2971,.F.);
#4165=ORIENTED_EDGE('',*,*,#2545,.T.);
#4166=ORIENTED_EDGE('',*,*,#2585,.T.);
#4167=ORIENTED_EDGE('',*,*,#2582,.T.);
#4168=ORIENTED_EDGE('',*,*,#2579,.T.);
#4169=ORIENTED_EDGE('',*,*,#2576,.T.);
#4170=ORIENTED_EDGE('',*,*,#2573,.T.);
#4171=ORIENTED_EDGE('',*,*,#2570,.T.);
#4172=ORIENTED_EDGE('',*,*,#2567,.T.);
#4173=ORIENTED_EDGE('',*,*,#2564,.T.);
#4174=ORIENTED_EDGE('',*,*,#2561,.T.);
#4175=ORIENTED_EDGE('',*,*,#2558,.T.);
#4176=ORIENTED_EDGE('',*,*,#2555,.T.);
#4177=ORIENTED_EDGE('',*,*,#2552,.T.);
#4178=ORIENTED_EDGE('',*,*,#2549,.T.);
#4179=ORIENTED_EDGE('',*,*,#2617,.T.);
#4180=ORIENTED_EDGE('',*,*,#2696,.T.);
#4181=ORIENTED_EDGE('',*,*,#2693,.T.);
#4182=ORIENTED_EDGE('',*,*,#2690,.T.);
#4183=ORIENTED_EDGE('',*,*,#2687,.T.);
#4184=ORIENTED_EDGE('',*,*,#2684,.T.);
#4185=ORIENTED_EDGE('',*,*,#2681,.T.);
#4186=ORIENTED_EDGE('',*,*,#2678,.T.);
#4187=ORIENTED_EDGE('',*,*,#2675,.T.);
#4188=ORIENTED_EDGE('',*,*,#2672,.T.);
#4189=ORIENTED_EDGE('',*,*,#2669,.T.);
#4190=ORIENTED_EDGE('',*,*,#2666,.T.);
#4191=ORIENTED_EDGE('',*,*,#2663,.T.);
#4192=ORIENTED_EDGE('',*,*,#2660,.T.);
#4193=ORIENTED_EDGE('',*,*,#2657,.T.);
#4194=ORIENTED_EDGE('',*,*,#2654,.T.);
#4195=ORIENTED_EDGE('',*,*,#2651,.T.);
#4196=ORIENTED_EDGE('',*,*,#2648,.T.);
#4197=ORIENTED_EDGE('',*,*,#2645,.T.);
#4198=ORIENTED_EDGE('',*,*,#2642,.T.);
#4199=ORIENTED_EDGE('',*,*,#2639,.T.);
#4200=ORIENTED_EDGE('',*,*,#2636,.T.);
#4201=ORIENTED_EDGE('',*,*,#2633,.T.);
#4202=ORIENTED_EDGE('',*,*,#2630,.T.);
#4203=ORIENTED_EDGE('',*,*,#2627,.T.);
#4204=ORIENTED_EDGE('',*,*,#2624,.T.);
#4205=ORIENTED_EDGE('',*,*,#2621,.T.);
#4206=ORIENTED_EDGE('',*,*,#2698,.T.);
#4207=ORIENTED_EDGE('',*,*,#2735,.T.);
#4208=ORIENTED_EDGE('',*,*,#2732,.T.);
#4209=ORIENTED_EDGE('',*,*,#2729,.T.);
#4210=ORIENTED_EDGE('',*,*,#2726,.T.);
#4211=ORIENTED_EDGE('',*,*,#2723,.T.);
#4212=ORIENTED_EDGE('',*,*,#2720,.T.);
#4213=ORIENTED_EDGE('',*,*,#2717,.T.);
#4214=ORIENTED_EDGE('',*,*,#2714,.T.);
#4215=ORIENTED_EDGE('',*,*,#2711,.T.);
#4216=ORIENTED_EDGE('',*,*,#2708,.T.);
#4217=ORIENTED_EDGE('',*,*,#2705,.T.);
#4218=ORIENTED_EDGE('',*,*,#2702,.T.);
#4219=ORIENTED_EDGE('',*,*,#2737,.T.);
#4220=ORIENTED_EDGE('',*,*,#2747,.T.);
#4221=ORIENTED_EDGE('',*,*,#2744,.T.);
#4222=ORIENTED_EDGE('',*,*,#2741,.T.);
#4223=ORIENTED_EDGE('',*,*,#2749,.T.);
#4224=ORIENTED_EDGE('',*,*,#2774,.T.);
#4225=ORIENTED_EDGE('',*,*,#2771,.T.);
#4226=ORIENTED_EDGE('',*,*,#2768,.T.);
#4227=ORIENTED_EDGE('',*,*,#2765,.T.);
#4228=ORIENTED_EDGE('',*,*,#2762,.T.);
#4229=ORIENTED_EDGE('',*,*,#2759,.T.);
#4230=ORIENTED_EDGE('',*,*,#2756,.T.);
#4231=ORIENTED_EDGE('',*,*,#2753,.T.);
#4232=ORIENTED_EDGE('',*,*,#2800,.T.);
#4233=ORIENTED_EDGE('',*,*,#2840,.T.);
#4234=ORIENTED_EDGE('',*,*,#2837,.T.);
#4235=ORIENTED_EDGE('',*,*,#2834,.T.);
#4236=ORIENTED_EDGE('',*,*,#2831,.T.);
#4237=ORIENTED_EDGE('',*,*,#2828,.T.);
#4238=ORIENTED_EDGE('',*,*,#2825,.T.);
#4239=ORIENTED_EDGE('',*,*,#2822,.T.);
#4240=ORIENTED_EDGE('',*,*,#2819,.T.);
#4241=ORIENTED_EDGE('',*,*,#2816,.T.);
#4242=ORIENTED_EDGE('',*,*,#2813,.T.);
#4243=ORIENTED_EDGE('',*,*,#2810,.T.);
#4244=ORIENTED_EDGE('',*,*,#2807,.T.);
#4245=ORIENTED_EDGE('',*,*,#2804,.T.);
#4246=ORIENTED_EDGE('',*,*,#2842,.T.);
#4247=ORIENTED_EDGE('',*,*,#2867,.T.);
#4248=ORIENTED_EDGE('',*,*,#2864,.T.);
#4249=ORIENTED_EDGE('',*,*,#2861,.T.);
#4250=ORIENTED_EDGE('',*,*,#2858,.T.);
#4251=ORIENTED_EDGE('',*,*,#2855,.T.);
#4252=ORIENTED_EDGE('',*,*,#2852,.T.);
#4253=ORIENTED_EDGE('',*,*,#2849,.T.);
#4254=ORIENTED_EDGE('',*,*,#2846,.T.);
#4255=ORIENTED_EDGE('',*,*,#2893,.T.);
#4256=ORIENTED_EDGE('',*,*,#2918,.T.);
#4257=ORIENTED_EDGE('',*,*,#2915,.T.);
#4258=ORIENTED_EDGE('',*,*,#2912,.T.);
#4259=ORIENTED_EDGE('',*,*,#2909,.T.);
#4260=ORIENTED_EDGE('',*,*,#2906,.T.);
#4261=ORIENTED_EDGE('',*,*,#2903,.T.);
#4262=ORIENTED_EDGE('',*,*,#2900,.T.);
#4263=ORIENTED_EDGE('',*,*,#2897,.T.);
#4264=ORIENTED_EDGE('',*,*,#2920,.T.);
#4265=ORIENTED_EDGE('',*,*,#2954,.T.);
#4266=ORIENTED_EDGE('',*,*,#2951,.T.);
#4267=ORIENTED_EDGE('',*,*,#2948,.T.);
#4268=ORIENTED_EDGE('',*,*,#2945,.T.);
#4269=ORIENTED_EDGE('',*,*,#2942,.T.);
#4270=ORIENTED_EDGE('',*,*,#2939,.T.);
#4271=ORIENTED_EDGE('',*,*,#2936,.T.);
#4272=ORIENTED_EDGE('',*,*,#2933,.T.);
#4273=ORIENTED_EDGE('',*,*,#2930,.T.);
#4274=ORIENTED_EDGE('',*,*,#2927,.T.);
#4275=ORIENTED_EDGE('',*,*,#2924,.T.);
#4276=ORIENTED_EDGE('',*,*,#2430,.T.);
#4277=ORIENTED_EDGE('',*,*,#2427,.T.);
#4278=ORIENTED_EDGE('',*,*,#2424,.T.);
#4279=ORIENTED_EDGE('',*,*,#2421,.T.);
#4280=ORIENTED_EDGE('',*,*,#2418,.T.);
#4281=ORIENTED_EDGE('',*,*,#2415,.T.);
#4282=ORIENTED_EDGE('',*,*,#2412,.T.);
#4283=ORIENTED_EDGE('',*,*,#2409,.T.);
#4284=ORIENTED_EDGE('',*,*,#2406,.T.);
#4285=ORIENTED_EDGE('',*,*,#2403,.T.);
#4286=ORIENTED_EDGE('',*,*,#2400,.T.);
#4287=ORIENTED_EDGE('',*,*,#2397,.T.);
#4288=ORIENTED_EDGE('',*,*,#2394,.T.);
#4289=ORIENTED_EDGE('',*,*,#2391,.T.);
#4290=ORIENTED_EDGE('',*,*,#2388,.T.);
#4291=ORIENTED_EDGE('',*,*,#2385,.T.);
#4292=ORIENTED_EDGE('',*,*,#2382,.T.);
#4293=ORIENTED_EDGE('',*,*,#2475,.T.);
#4294=ORIENTED_EDGE('',*,*,#2472,.T.);
#4295=ORIENTED_EDGE('',*,*,#2469,.T.);
#4296=ORIENTED_EDGE('',*,*,#2466,.T.);
#4297=ORIENTED_EDGE('',*,*,#2463,.T.);
#4298=ORIENTED_EDGE('',*,*,#2460,.T.);
#4299=ORIENTED_EDGE('',*,*,#2457,.T.);
#4300=ORIENTED_EDGE('',*,*,#2454,.T.);
#4301=ORIENTED_EDGE('',*,*,#2451,.T.);
#4302=ORIENTED_EDGE('',*,*,#2448,.T.);
#4303=ORIENTED_EDGE('',*,*,#2445,.T.);
#4304=ORIENTED_EDGE('',*,*,#2442,.T.);
#4305=ORIENTED_EDGE('',*,*,#2439,.T.);
#4306=ORIENTED_EDGE('',*,*,#2436,.T.);
#4307=ORIENTED_EDGE('',*,*,#2433,.T.);
#4308=ORIENTED_EDGE('',*,*,#2994,.T.);
#4309=ORIENTED_EDGE('',*,*,#2987,.T.);
#4310=ORIENTED_EDGE('',*,*,#2972,.T.);
#4311=ORIENTED_EDGE('',*,*,#2993,.T.);
#4312=ORIENTED_EDGE('',*,*,#2980,.F.);
#4313=ORIENTED_EDGE('',*,*,#2995,.F.);
#4314=ORIENTED_EDGE('',*,*,#2996,.F.);
#4315=ORIENTED_EDGE('',*,*,#2961,.F.);
#4316=ORIENTED_EDGE('',*,*,#2975,.F.);
#4317=ORIENTED_EDGE('',*,*,#2965,.F.);
#4318=ORIENTED_EDGE('',*,*,#2997,.T.);
#4319=ORIENTED_EDGE('',*,*,#2998,.F.);
#4320=ORIENTED_EDGE('',*,*,#2964,.F.);
#4321=ORIENTED_EDGE('',*,*,#2999,.T.);
#4322=ORIENTED_EDGE('',*,*,#3000,.F.);
#4323=ORIENTED_EDGE('',*,*,#2997,.F.);
#4324=ORIENTED_EDGE('',*,*,#2963,.F.);
#4325=ORIENTED_EDGE('',*,*,#3001,.T.);
#4326=ORIENTED_EDGE('',*,*,#3002,.F.);
#4327=ORIENTED_EDGE('',*,*,#2999,.F.);
#4328=ORIENTED_EDGE('',*,*,#2962,.F.);
#4329=ORIENTED_EDGE('',*,*,#2996,.T.);
#4330=ORIENTED_EDGE('',*,*,#3003,.F.);
#4331=ORIENTED_EDGE('',*,*,#3001,.F.);
#4332=ORIENTED_EDGE('',*,*,#2984,.F.);
#4333=ORIENTED_EDGE('',*,*,#3004,.T.);
#4334=ORIENTED_EDGE('',*,*,#3005,.T.);
#4335=ORIENTED_EDGE('',*,*,#3004,.F.);
#4336=ORIENTED_EDGE('',*,*,#3005,.F.);
#4337=ORIENTED_EDGE('',*,*,#3006,.F.);
#4338=ORIENTED_EDGE('',*,*,#2983,.F.);
#4339=ORIENTED_EDGE('',*,*,#3007,.T.);
#4340=ORIENTED_EDGE('',*,*,#3008,.T.);
#4341=ORIENTED_EDGE('',*,*,#3007,.F.);
#4342=ORIENTED_EDGE('',*,*,#3008,.F.);
#4343=ORIENTED_EDGE('',*,*,#3009,.F.);
#4344=ORIENTED_EDGE('',*,*,#2982,.F.);
#4345=ORIENTED_EDGE('',*,*,#3010,.T.);
#4346=ORIENTED_EDGE('',*,*,#3011,.T.);
#4347=ORIENTED_EDGE('',*,*,#3010,.F.);
#4348=ORIENTED_EDGE('',*,*,#3011,.F.);
#4349=ORIENTED_EDGE('',*,*,#3012,.F.);
#4350=ORIENTED_EDGE('',*,*,#2981,.F.);
#4351=ORIENTED_EDGE('',*,*,#3013,.T.);
#4352=ORIENTED_EDGE('',*,*,#3014,.T.);
#4353=ORIENTED_EDGE('',*,*,#3013,.F.);
#4354=ORIENTED_EDGE('',*,*,#3014,.F.);
#4355=ORIENTED_EDGE('',*,*,#3015,.F.);
#4356=ORIENTED_EDGE('',*,*,#3012,.T.);
#4357=ORIENTED_EDGE('',*,*,#3016,.T.);
#4358=ORIENTED_EDGE('',*,*,#3017,.T.);
#4359=ORIENTED_EDGE('',*,*,#3016,.F.);
#4360=ORIENTED_EDGE('',*,*,#3017,.F.);
#4361=ORIENTED_EDGE('',*,*,#3006,.T.);
#4362=ORIENTED_EDGE('',*,*,#3018,.T.);
#4363=ORIENTED_EDGE('',*,*,#3019,.T.);
#4364=ORIENTED_EDGE('',*,*,#3018,.F.);
#4365=ORIENTED_EDGE('',*,*,#3019,.F.);
#4366=ORIENTED_EDGE('',*,*,#3009,.T.);
#4367=ORIENTED_EDGE('',*,*,#3020,.T.);
#4368=ORIENTED_EDGE('',*,*,#3021,.T.);
#4369=ORIENTED_EDGE('',*,*,#3020,.F.);
#4370=ORIENTED_EDGE('',*,*,#3021,.F.);
#4371=ORIENTED_EDGE('',*,*,#3015,.T.);
#4372=ORIENTED_EDGE('',*,*,#3022,.T.);
#4373=ORIENTED_EDGE('',*,*,#3023,.T.);
#4374=ORIENTED_EDGE('',*,*,#3022,.F.);
#4375=ORIENTED_EDGE('',*,*,#3023,.F.);
#4376=ORIENTED_EDGE('',*,*,#2959,.F.);
#4377=ORIENTED_EDGE('',*,*,#3024,.F.);
#4378=ORIENTED_EDGE('',*,*,#2991,.F.);
#4379=ORIENTED_EDGE('',*,*,#2969,.F.);
#4380=ORIENTED_EDGE('',*,*,#2332,.T.);
#4381=ORIENTED_EDGE('',*,*,#2336,.T.);
#4382=ORIENTED_EDGE('',*,*,#2339,.T.);
#4383=ORIENTED_EDGE('',*,*,#2342,.T.);
#4384=ORIENTED_EDGE('',*,*,#2345,.T.);
#4385=ORIENTED_EDGE('',*,*,#2348,.T.);
#4386=ORIENTED_EDGE('',*,*,#2351,.T.);
#4387=ORIENTED_EDGE('',*,*,#2354,.T.);
#4388=ORIENTED_EDGE('',*,*,#2484,.F.);
#4389=ORIENTED_EDGE('',*,*,#3025,.F.);
#4390=ORIENTED_EDGE('',*,*,#3026,.T.);
#4391=ORIENTED_EDGE('',*,*,#2978,.F.);
#4392=ORIENTED_EDGE('',*,*,#3027,.F.);
#4393=ORIENTED_EDGE('',*,*,#3028,.F.);
#4394=ORIENTED_EDGE('',*,*,#2486,.T.);
#4395=ORIENTED_EDGE('',*,*,#2977,.F.);
#4396=ORIENTED_EDGE('',*,*,#2995,.T.);
#4397=ORIENTED_EDGE('',*,*,#2979,.F.);
#4398=ORIENTED_EDGE('',*,*,#3026,.F.);
#4399=ORIENTED_EDGE('',*,*,#3029,.F.);
#4400=ORIENTED_EDGE('',*,*,#3027,.T.);
#4401=ORIENTED_EDGE('',*,*,#2976,.F.);
#4402=ORIENTED_EDGE('',*,*,#2998,.T.);
#4403=ORIENTED_EDGE('',*,*,#3000,.T.);
#4404=ORIENTED_EDGE('',*,*,#3002,.T.);
#4405=ORIENTED_EDGE('',*,*,#3003,.T.);
#4406=ORIENTED_EDGE('',*,*,#3028,.T.);
#4407=ORIENTED_EDGE('',*,*,#3029,.T.);
#4408=ORIENTED_EDGE('',*,*,#3025,.T.);
#4409=ORIENTED_EDGE('',*,*,#2483,.T.);
#4410=ORIENTED_EDGE('',*,*,#2476,.T.);
#4411=ORIENTED_EDGE('',*,*,#2477,.T.);
#4412=ORIENTED_EDGE('',*,*,#2478,.T.);
#4413=ORIENTED_EDGE('',*,*,#2479,.T.);
#4414=ORIENTED_EDGE('',*,*,#2480,.T.);
#4415=ORIENTED_EDGE('',*,*,#2481,.T.);
#4416=ORIENTED_EDGE('',*,*,#2482,.T.);
#4417=ORIENTED_EDGE('',*,*,#2487,.T.);
#4418=ORIENTED_EDGE('',*,*,#2958,.F.);
#4419=ORIENTED_EDGE('',*,*,#2968,.T.);
#4420=ORIENTED_EDGE('',*,*,#2986,.F.);
#4421=ORIENTED_EDGE('',*,*,#2988,.F.);
#4422=ORIENTED_EDGE('',*,*,#2994,.F.);
#4423=ORIENTED_EDGE('',*,*,#2992,.F.);
#4424=ORIENTED_EDGE('',*,*,#2989,.F.);
#4425=ORIENTED_EDGE('',*,*,#3024,.T.);
#4426=PLANE('',#4848);
#4427=PLANE('',#4849);
#4428=PLANE('',#4850);
#4429=PLANE('',#4851);
#4430=PLANE('',#4852);
#4431=PLANE('',#4853);
#4432=PLANE('',#4854);
#4433=PLANE('',#4855);
#4434=PLANE('',#4856);
#4435=PLANE('',#4857);
#4436=PLANE('',#4858);
#4437=PLANE('',#4859);
#4438=PLANE('',#4860);
#4439=PLANE('',#4861);
#4440=PLANE('',#4862);
#4441=PLANE('',#4863);
#4442=PLANE('',#4864);
#4443=PLANE('',#4865);
#4444=PLANE('',#4866);
#4445=PLANE('',#4867);
#4446=PLANE('',#4868);
#4447=PLANE('',#4869);
#4448=PLANE('',#4870);
#4449=PLANE('',#4871);
#4450=PLANE('',#4872);
#4451=PLANE('',#4873);
#4452=PLANE('',#4874);
#4453=PLANE('',#4875);
#4454=PLANE('',#4876);
#4455=PLANE('',#4877);
#4456=PLANE('',#4878);
#4457=PLANE('',#4879);
#4458=PLANE('',#4880);
#4459=PLANE('',#4881);
#4460=PLANE('',#4882);
#4461=PLANE('',#4883);
#4462=PLANE('',#4884);
#4463=PLANE('',#4885);
#4464=PLANE('',#4886);
#4465=PLANE('',#4887);
#4466=PLANE('',#4888);
#4467=PLANE('',#4889);
#4468=PLANE('',#4890);
#4469=PLANE('',#4891);
#4470=PLANE('',#4892);
#4471=PLANE('',#4893);
#4472=PLANE('',#4894);
#4473=PLANE('',#4895);
#4474=PLANE('',#4896);
#4475=PLANE('',#4897);
#4476=PLANE('',#4898);
#4477=PLANE('',#4899);
#4478=PLANE('',#4900);
#4479=PLANE('',#4901);
#4480=PLANE('',#4902);
#4481=PLANE('',#4903);
#4482=PLANE('',#4904);
#4483=PLANE('',#4905);
#4484=PLANE('',#4906);
#4485=PLANE('',#4907);
#4486=PLANE('',#4908);
#4487=PLANE('',#4909);
#4488=PLANE('',#4910);
#4489=PLANE('',#4911);
#4490=PLANE('',#4912);
#4491=PLANE('',#4913);
#4492=PLANE('',#4914);
#4493=PLANE('',#4915);
#4494=PLANE('',#4916);
#4495=PLANE('',#4917);
#4496=PLANE('',#4918);
#4497=PLANE('',#4919);
#4498=PLANE('',#4920);
#4499=PLANE('',#4921);
#4500=PLANE('',#4922);
#4501=PLANE('',#4923);
#4502=PLANE('',#4924);
#4503=PLANE('',#4925);
#4504=PLANE('',#4926);
#4505=PLANE('',#4927);
#4506=PLANE('',#4928);
#4507=PLANE('',#4929);
#4508=PLANE('',#4930);
#4509=PLANE('',#4931);
#4510=PLANE('',#4932);
#4511=PLANE('',#4933);
#4512=PLANE('',#4934);
#4513=PLANE('',#4935);
#4514=PLANE('',#4936);
#4515=PLANE('',#4937);
#4516=PLANE('',#4938);
#4517=PLANE('',#4939);
#4518=PLANE('',#4940);
#4519=PLANE('',#4941);
#4520=PLANE('',#4942);
#4521=PLANE('',#4943);
#4522=PLANE('',#4944);
#4523=PLANE('',#4945);
#4524=PLANE('',#4946);
#4525=PLANE('',#4947);
#4526=PLANE('',#4948);
#4527=PLANE('',#4949);
#4528=PLANE('',#4950);
#4529=PLANE('',#4951);
#4530=PLANE('',#4952);
#4531=PLANE('',#4953);
#4532=PLANE('',#4954);
#4533=PLANE('',#4955);
#4534=PLANE('',#4956);
#4535=PLANE('',#4957);
#4536=PLANE('',#4958);
#4537=PLANE('',#4959);
#4538=PLANE('',#4960);
#4539=PLANE('',#4961);
#4540=PLANE('',#4962);
#4541=PLANE('',#4963);
#4542=PLANE('',#4964);
#4543=PLANE('',#4965);
#4544=PLANE('',#4966);
#4545=PLANE('',#4967);
#4546=PLANE('',#4968);
#4547=PLANE('',#4969);
#4548=PLANE('',#4970);
#4549=PLANE('',#4974);
#4550=PLANE('',#4977);
#4551=PLANE('',#4987);
#4552=PLANE('',#4990);
#4553=PLANE('',#4993);
#4554=PLANE('',#4994);
#4555=PLANE('',#4997);
#4556=PLANE('',#5002);
#4557=PLANE('',#5006);
#4558=PLANE('',#5010);
#4559=PLANE('',#5014);
#4560=PLANE('',#5018);
#4561=PLANE('',#5021);
#4562=PLANE('',#5024);
#4563=PLANE('',#5027);
#4564=PLANE('',#5028);
#4565=PLANE('',#5029);
#4566=PLANE('',#5030);
#4567=PLANE('',#5031);
#4568=PLANE('',#5032);
#4569=PLANE('',#5033);
#4570=ADVANCED_FACE('',(#401),#4426,.T.);
#4571=ADVANCED_FACE('',(#402),#4427,.T.);
#4572=ADVANCED_FACE('',(#403),#4428,.T.);
#4573=ADVANCED_FACE('',(#404),#4429,.T.);
#4574=ADVANCED_FACE('',(#405),#4430,.T.);
#4575=ADVANCED_FACE('',(#406),#4431,.T.);
#4576=ADVANCED_FACE('',(#407),#4432,.T.);
#4577=ADVANCED_FACE('',(#408),#4433,.T.);
#4578=ADVANCED_FACE('',(#409),#4434,.T.);
#4579=ADVANCED_FACE('',(#410),#4435,.T.);
#4580=ADVANCED_FACE('',(#411),#4436,.T.);
#4581=ADVANCED_FACE('',(#412),#4437,.T.);
#4582=ADVANCED_FACE('',(#413),#4438,.T.);
#4583=ADVANCED_FACE('',(#414),#4439,.T.);
#4584=ADVANCED_FACE('',(#415),#4440,.T.);
#4585=ADVANCED_FACE('',(#416),#4441,.T.);
#4586=ADVANCED_FACE('',(#417),#4442,.T.);
#4587=ADVANCED_FACE('',(#418),#4443,.T.);
#4588=ADVANCED_FACE('',(#419),#4444,.F.);
#4589=ADVANCED_FACE('',(#420),#4445,.F.);
#4590=ADVANCED_FACE('',(#421),#4446,.F.);
#4591=ADVANCED_FACE('',(#422),#4447,.F.);
#4592=ADVANCED_FACE('',(#423),#4448,.F.);
#4593=ADVANCED_FACE('',(#424),#4449,.F.);
#4594=ADVANCED_FACE('',(#425),#4450,.F.);
#4595=ADVANCED_FACE('',(#426),#4451,.F.);
#4596=ADVANCED_FACE('',(#427),#4452,.F.);
#4597=ADVANCED_FACE('',(#428),#4453,.F.);
#4598=ADVANCED_FACE('',(#429),#4454,.F.);
#4599=ADVANCED_FACE('',(#430),#4455,.F.);
#4600=ADVANCED_FACE('',(#431),#4456,.F.);
#4601=ADVANCED_FACE('',(#432),#4457,.F.);
#4602=ADVANCED_FACE('',(#433),#4458,.F.);
#4603=ADVANCED_FACE('',(#434),#4459,.F.);
#4604=ADVANCED_FACE('',(#435),#4460,.F.);
#4605=ADVANCED_FACE('',(#436),#4461,.F.);
#4606=ADVANCED_FACE('',(#437),#4462,.F.);
#4607=ADVANCED_FACE('',(#438),#4463,.F.);
#4608=ADVANCED_FACE('',(#439),#4464,.F.);
#4609=ADVANCED_FACE('',(#440),#4465,.F.);
#4610=ADVANCED_FACE('',(#441),#4466,.F.);
#4611=ADVANCED_FACE('',(#442),#4467,.F.);
#4612=ADVANCED_FACE('',(#443),#4468,.F.);
#4613=ADVANCED_FACE('',(#444),#4469,.F.);
#4614=ADVANCED_FACE('',(#445),#4470,.F.);
#4615=ADVANCED_FACE('',(#446),#4471,.F.);
#4616=ADVANCED_FACE('',(#447),#4472,.F.);
#4617=ADVANCED_FACE('',(#448),#4473,.F.);
#4618=ADVANCED_FACE('',(#449),#4474,.F.);
#4619=ADVANCED_FACE('',(#450),#4475,.F.);
#4620=ADVANCED_FACE('',(#451),#4476,.T.);
#4621=ADVANCED_FACE('',(#452),#4477,.T.);
#4622=ADVANCED_FACE('',(#453),#4478,.T.);
#4623=ADVANCED_FACE('',(#454),#4479,.T.);
#4624=ADVANCED_FACE('',(#455),#4480,.T.);
#4625=ADVANCED_FACE('',(#456),#4481,.T.);
#4626=ADVANCED_FACE('',(#457),#4482,.T.);
#4627=ADVANCED_FACE('',(#458),#4483,.T.);
#4628=ADVANCED_FACE('',(#459),#4484,.F.);
#4629=ADVANCED_FACE('',(#460),#296,.F.);
#4630=ADVANCED_FACE('',(#461),#297,.F.);
#4631=ADVANCED_FACE('',(#462),#298,.F.);
#4632=ADVANCED_FACE('',(#463),#299,.F.);
#4633=ADVANCED_FACE('',(#464),#300,.F.);
#4634=ADVANCED_FACE('',(#465),#301,.F.);
#4635=ADVANCED_FACE('',(#466),#4485,.F.);
#4636=ADVANCED_FACE('',(#467),#4486,.F.);
#4637=ADVANCED_FACE('',(#468),#4487,.F.);
#4638=ADVANCED_FACE('',(#469),#302,.F.);
#4639=ADVANCED_FACE('',(#470),#303,.F.);
#4640=ADVANCED_FACE('',(#471),#304,.F.);
#4641=ADVANCED_FACE('',(#472),#305,.F.);
#4642=ADVANCED_FACE('',(#473),#306,.F.);
#4643=ADVANCED_FACE('',(#474),#307,.F.);
#4644=ADVANCED_FACE('',(#475),#308,.F.);
#4645=ADVANCED_FACE('',(#476),#4488,.F.);
#4646=ADVANCED_FACE('',(#477),#4489,.F.);
#4647=ADVANCED_FACE('',(#478),#309,.F.);
#4648=ADVANCED_FACE('',(#479),#310,.F.);
#4649=ADVANCED_FACE('',(#480),#311,.F.);
#4650=ADVANCED_FACE('',(#481),#312,.F.);
#4651=ADVANCED_FACE('',(#482),#313,.F.);
#4652=ADVANCED_FACE('',(#483),#314,.F.);
#4653=ADVANCED_FACE('',(#484),#315,.F.);
#4654=ADVANCED_FACE('',(#485),#316,.F.);
#4655=ADVANCED_FACE('',(#486),#317,.F.);
#4656=ADVANCED_FACE('',(#487),#318,.F.);
#4657=ADVANCED_FACE('',(#488),#319,.F.);
#4658=ADVANCED_FACE('',(#489),#4490,.F.);
#4659=ADVANCED_FACE('',(#490),#4491,.F.);
#4660=ADVANCED_FACE('',(#491),#4492,.F.);
#4661=ADVANCED_FACE('',(#492,#61,#62),#4493,.T.);
#4662=ADVANCED_FACE('',(#493),#320,.F.);
#4663=ADVANCED_FACE('',(#494),#321,.F.);
#4664=ADVANCED_FACE('',(#495),#322,.F.);
#4665=ADVANCED_FACE('',(#496),#323,.F.);
#4666=ADVANCED_FACE('',(#497),#324,.F.);
#4667=ADVANCED_FACE('',(#498),#325,.F.);
#4668=ADVANCED_FACE('',(#499),#326,.F.);
#4669=ADVANCED_FACE('',(#500),#327,.F.);
#4670=ADVANCED_FACE('',(#501),#328,.F.);
#4671=ADVANCED_FACE('',(#502),#4494,.F.);
#4672=ADVANCED_FACE('',(#503),#4495,.F.);
#4673=ADVANCED_FACE('',(#504),#329,.F.);
#4674=ADVANCED_FACE('',(#505),#330,.F.);
#4675=ADVANCED_FACE('',(#506),#4496,.F.);
#4676=ADVANCED_FACE('',(#507),#331,.F.);
#4677=ADVANCED_FACE('',(#508),#332,.F.);
#4678=ADVANCED_FACE('',(#509),#333,.F.);
#4679=ADVANCED_FACE('',(#510),#334,.F.);
#4680=ADVANCED_FACE('',(#511),#335,.F.);
#4681=ADVANCED_FACE('',(#512),#336,.F.);
#4682=ADVANCED_FACE('',(#513),#337,.F.);
#4683=ADVANCED_FACE('',(#514),#4497,.F.);
#4684=ADVANCED_FACE('',(#515),#338,.F.);
#4685=ADVANCED_FACE('',(#516),#339,.F.);
#4686=ADVANCED_FACE('',(#517),#340,.F.);
#4687=ADVANCED_FACE('',(#518),#341,.F.);
#4688=ADVANCED_FACE('',(#519),#342,.F.);
#4689=ADVANCED_FACE('',(#520),#343,.F.);
#4690=ADVANCED_FACE('',(#521),#344,.F.);
#4691=ADVANCED_FACE('',(#522),#345,.F.);
#4692=ADVANCED_FACE('',(#523),#346,.F.);
#4693=ADVANCED_FACE('',(#524),#347,.F.);
#4694=ADVANCED_FACE('',(#525),#348,.F.);
#4695=ADVANCED_FACE('',(#526),#349,.F.);
#4696=ADVANCED_FACE('',(#527),#350,.F.);
#4697=ADVANCED_FACE('',(#528),#351,.F.);
#4698=ADVANCED_FACE('',(#529),#352,.F.);
#4699=ADVANCED_FACE('',(#530,#63),#4498,.T.);
#4700=ADVANCED_FACE('',(#531),#4499,.F.);
#4701=ADVANCED_FACE('',(#532),#353,.F.);
#4702=ADVANCED_FACE('',(#533),#354,.F.);
#4703=ADVANCED_FACE('',(#534),#355,.F.);
#4704=ADVANCED_FACE('',(#535),#356,.F.);
#4705=ADVANCED_FACE('',(#536),#4500,.F.);
#4706=ADVANCED_FACE('',(#537),#357,.F.);
#4707=ADVANCED_FACE('',(#538),#358,.F.);
#4708=ADVANCED_FACE('',(#539),#359,.F.);
#4709=ADVANCED_FACE('',(#540),#4501,.F.);
#4710=ADVANCED_FACE('',(#541),#4502,.F.);
#4711=ADVANCED_FACE('',(#542),#4503,.F.);
#4712=ADVANCED_FACE('',(#543),#4504,.F.);
#4713=ADVANCED_FACE('',(#544),#4505,.T.);
#4714=ADVANCED_FACE('',(#545),#4506,.F.);
#4715=ADVANCED_FACE('',(#546),#4507,.F.);
#4716=ADVANCED_FACE('',(#547),#4508,.F.);
#4717=ADVANCED_FACE('',(#548),#4509,.F.);
#4718=ADVANCED_FACE('',(#549),#4510,.F.);
#4719=ADVANCED_FACE('',(#550),#4511,.F.);
#4720=ADVANCED_FACE('',(#551),#4512,.F.);
#4721=ADVANCED_FACE('',(#552),#4513,.F.);
#4722=ADVANCED_FACE('',(#553),#360,.F.);
#4723=ADVANCED_FACE('',(#554),#361,.F.);
#4724=ADVANCED_FACE('',(#555),#4514,.F.);
#4725=ADVANCED_FACE('',(#556),#4515,.F.);
#4726=ADVANCED_FACE('',(#557),#4516,.F.);
#4727=ADVANCED_FACE('',(#558),#4517,.F.);
#4728=ADVANCED_FACE('',(#559),#4518,.T.);
#4729=ADVANCED_FACE('',(#560),#362,.F.);
#4730=ADVANCED_FACE('',(#561),#363,.F.);
#4731=ADVANCED_FACE('',(#562),#364,.F.);
#4732=ADVANCED_FACE('',(#563),#365,.F.);
#4733=ADVANCED_FACE('',(#564),#366,.F.);
#4734=ADVANCED_FACE('',(#565),#367,.F.);
#4735=ADVANCED_FACE('',(#566),#368,.F.);
#4736=ADVANCED_FACE('',(#567),#369,.F.);
#4737=ADVANCED_FACE('',(#568),#4519,.F.);
#4738=ADVANCED_FACE('',(#569),#4520,.F.);
#4739=ADVANCED_FACE('',(#570),#4521,.F.);
#4740=ADVANCED_FACE('',(#571),#370,.F.);
#4741=ADVANCED_FACE('',(#572),#371,.F.);
#4742=ADVANCED_FACE('',(#573),#372,.F.);
#4743=ADVANCED_FACE('',(#574),#373,.F.);
#4744=ADVANCED_FACE('',(#575),#374,.F.);
#4745=ADVANCED_FACE('',(#576),#375,.F.);
#4746=ADVANCED_FACE('',(#577),#376,.F.);
#4747=ADVANCED_FACE('',(#578),#377,.F.);
#4748=ADVANCED_FACE('',(#579),#378,.F.);
#4749=ADVANCED_FACE('',(#580),#4522,.F.);
#4750=ADVANCED_FACE('',(#581),#4523,.F.);
#4751=ADVANCED_FACE('',(#582,#64),#4524,.T.);
#4752=ADVANCED_FACE('',(#583),#4525,.F.);
#4753=ADVANCED_FACE('',(#584),#379,.F.);
#4754=ADVANCED_FACE('',(#585),#380,.F.);
#4755=ADVANCED_FACE('',(#586),#4526,.F.);
#4756=ADVANCED_FACE('',(#587),#381,.F.);
#4757=ADVANCED_FACE('',(#588),#382,.F.);
#4758=ADVANCED_FACE('',(#589),#4527,.F.);
#4759=ADVANCED_FACE('',(#590),#4528,.F.);
#4760=ADVANCED_FACE('',(#591),#4529,.F.);
#4761=ADVANCED_FACE('',(#592),#4530,.T.);
#4762=ADVANCED_FACE('',(#593),#383,.F.);
#4763=ADVANCED_FACE('',(#594),#384,.F.);
#4764=ADVANCED_FACE('',(#595),#385,.F.);
#4765=ADVANCED_FACE('',(#596),#386,.F.);
#4766=ADVANCED_FACE('',(#597),#387,.F.);
#4767=ADVANCED_FACE('',(#598),#388,.F.);
#4768=ADVANCED_FACE('',(#599),#389,.F.);
#4769=ADVANCED_FACE('',(#600),#390,.F.);
#4770=ADVANCED_FACE('',(#601),#391,.F.);
#4771=ADVANCED_FACE('',(#602),#392,.F.);
#4772=ADVANCED_FACE('',(#603),#393,.F.);
#4773=ADVANCED_FACE('',(#604),#394,.F.);
#4774=ADVANCED_FACE('',(#605),#395,.F.);
#4775=ADVANCED_FACE('',(#606),#396,.F.);
#4776=ADVANCED_FACE('',(#607),#397,.F.);
#4777=ADVANCED_FACE('',(#608),#398,.F.);
#4778=ADVANCED_FACE('',(#609),#399,.F.);
#4779=ADVANCED_FACE('',(#610,#65),#4531,.T.);
#4780=ADVANCED_FACE('',(#611),#4532,.F.);
#4781=ADVANCED_FACE('',(#612),#4533,.F.);
#4782=ADVANCED_FACE('',(#613),#4534,.F.);
#4783=ADVANCED_FACE('',(#614),#4535,.F.);
#4784=ADVANCED_FACE('',(#615),#4536,.F.);
#4785=ADVANCED_FACE('',(#616),#4537,.F.);
#4786=ADVANCED_FACE('',(#617),#4538,.F.);
#4787=ADVANCED_FACE('',(#618),#4539,.F.);
#4788=ADVANCED_FACE('',(#619),#400,.F.);
#4789=ADVANCED_FACE('',(#620),#4540,.F.);
#4790=ADVANCED_FACE('',(#621),#4541,.F.);
#4791=ADVANCED_FACE('',(#622),#4542,.F.);
#4792=ADVANCED_FACE('',(#623),#4543,.T.);
#4793=ADVANCED_FACE('',(#624),#4544,.T.);
#4794=ADVANCED_FACE('',(#625),#4545,.T.);
#4795=ADVANCED_FACE('',(#626),#4546,.T.);
#4796=ADVANCED_FACE('',(#627),#4547,.T.);
#4797=ADVANCED_FACE('',(#628),#4548,.T.);
#4798=ADVANCED_FACE('',(#629),#47,.T.);
#4799=ADVANCED_FACE('',(#630),#4549,.T.);
#4800=ADVANCED_FACE('',(#631,#66,#67,#68,#69),#4550,.T.);
#4801=ADVANCED_FACE('',(#632),#48,.T.);
#4802=ADVANCED_FACE('',(#633,#70),#4551,.T.);
#4803=ADVANCED_FACE('',(#634),#49,.T.);
#4804=ADVANCED_FACE('',(#635,#71,#72,#73,#74,#75,#76,#77,#78,#79,#80),#4552,
 .T.);
#4805=ADVANCED_FACE('',(#636),#50,.T.);
#4806=ADVANCED_FACE('',(#637),#4553,.F.);
#4807=ADVANCED_FACE('',(#638),#4554,.F.);
#4808=ADVANCED_FACE('',(#639),#51,.F.);
#4809=ADVANCED_FACE('',(#640),#4555,.F.);
#4810=ADVANCED_FACE('',(#641),#52,.F.);
#4811=ADVANCED_FACE('',(#642),#53,.F.);
#4812=ADVANCED_FACE('',(#643,#81),#4556,.T.);
#4813=ADVANCED_FACE('',(#644),#54,.F.);
#4814=ADVANCED_FACE('',(#645,#82),#4557,.T.);
#4815=ADVANCED_FACE('',(#646),#55,.F.);
#4816=ADVANCED_FACE('',(#647,#83),#4558,.T.);
#4817=ADVANCED_FACE('',(#648),#56,.F.);
#4818=ADVANCED_FACE('',(#649,#84),#4559,.T.);
#4819=ADVANCED_FACE('',(#650),#57,.F.);
#4820=ADVANCED_FACE('',(#651),#4560,.T.);
#4821=ADVANCED_FACE('',(#652),#58,.F.);
#4822=ADVANCED_FACE('',(#653),#4561,.T.);
#4823=ADVANCED_FACE('',(#654),#59,.F.);
#4824=ADVANCED_FACE('',(#655),#4562,.T.);
#4825=ADVANCED_FACE('',(#656),#60,.F.);
#4826=ADVANCED_FACE('',(#657),#4563,.T.);
#4827=ADVANCED_FACE('',(#658,#85),#4564,.T.);
#4828=ADVANCED_FACE('',(#659),#4565,.T.);
#4829=ADVANCED_FACE('',(#660),#4566,.T.);
#4830=ADVANCED_FACE('',(#661),#4567,.T.);
#4831=ADVANCED_FACE('',(#662),#4568,.T.);
#4832=ADVANCED_FACE('',(#663),#4569,.T.);
#4833=CLOSED_SHELL('',(#4570,#4571,#4572,#4573,#4574,#4575,#4576,#4577,
#4578,#4579,#4580,#4581,#4582,#4583,#4584,#4585,#4586,#4587,#4588,#4589,
#4590,#4591,#4592,#4593,#4594,#4595,#4596,#4597,#4598,#4599,#4600,#4601,
#4602,#4603,#4604,#4605,#4606,#4607,#4608,#4609,#4610,#4611,#4612,#4613,
#4614,#4615,#4616,#4617,#4618,#4619,#4620,#4621,#4622,#4623,#4624,#4625,
#4626,#4627,#4628,#4629,#4630,#4631,#4632,#4633,#4634,#4635,#4636,#4637,
#4638,#4639,#4640,#4641,#4642,#4643,#4644,#4645,#4646,#4647,#4648,#4649,
#4650,#4651,#4652,#4653,#4654,#4655,#4656,#4657,#4658,#4659,#4660,#4661,
#4662,#4663,#4664,#4665,#4666,#4667,#4668,#4669,#4670,#4671,#4672,#4673,
#4674,#4675,#4676,#4677,#4678,#4679,#4680,#4681,#4682,#4683,#4684,#4685,
#4686,#4687,#4688,#4689,#4690,#4691,#4692,#4693,#4694,#4695,#4696,#4697,
#4698,#4699,#4700,#4701,#4702,#4703,#4704,#4705,#4706,#4707,#4708,#4709,
#4710,#4711,#4712,#4713,#4714,#4715,#4716,#4717,#4718,#4719,#4720,#4721,
#4722,#4723,#4724,#4725,#4726,#4727,#4728,#4729,#4730,#4731,#4732,#4733,
#4734,#4735,#4736,#4737,#4738,#4739,#4740,#4741,#4742,#4743,#4744,#4745,
#4746,#4747,#4748,#4749,#4750,#4751,#4752,#4753,#4754,#4755,#4756,#4757,
#4758,#4759,#4760,#4761,#4762,#4763,#4764,#4765,#4766,#4767,#4768,#4769,
#4770,#4771,#4772,#4773,#4774,#4775,#4776,#4777,#4778,#4779,#4780,#4781,
#4782,#4783,#4784,#4785,#4786,#4787,#4788,#4789,#4790,#4791,#4792,#4793,
#4794,#4795,#4796,#4797,#4798,#4799,#4800,#4801,#4802,#4803,#4804,#4805,
#4806,#4807,#4808,#4809,#4810,#4811,#4812,#4813,#4814,#4815,#4816,#4817,
#4818,#4819,#4820,#4821,#4822,#4823,#4824,#4825,#4826,#4827,#4828,#4829,
#4830,#4831,#4832));
#4834=DERIVED_UNIT_ELEMENT(#4836,1.);
#4835=DERIVED_UNIT_ELEMENT(#9089,-3.);
#4836=(
MASS_UNIT()
NAMED_UNIT(*)
SI_UNIT(.KILO.,.GRAM.)
);
#4837=DERIVED_UNIT((#4834,#4835));
#4838=MEASURE_REPRESENTATION_ITEM('density measure',
POSITIVE_RATIO_MEASURE(7850.),#4837);
#4839=PROPERTY_DEFINITION_REPRESENTATION(#4844,#4841);
#4840=PROPERTY_DEFINITION_REPRESENTATION(#4845,#4842);
#4841=REPRESENTATION('material name',(#4843),#9086);
#4842=REPRESENTATION('density',(#4838),#9086);
#4843=DESCRIPTIVE_REPRESENTATION_ITEM('Steel','Steel');
#4844=PROPERTY_DEFINITION('material property','material name',#9101);
#4845=PROPERTY_DEFINITION('material property','density of part',#9101);
#4846=AXIS2_PLACEMENT_3D('',#5873,#5035,#5036);
#4847=AXIS2_PLACEMENT_3D('',#5874,#5037,#5038);
#4848=AXIS2_PLACEMENT_3D('',#5875,#5039,#5040);
#4849=AXIS2_PLACEMENT_3D('',#5884,#5045,#5046);
#4850=AXIS2_PLACEMENT_3D('',#5890,#5050,#5051);
#4851=AXIS2_PLACEMENT_3D('',#5896,#5055,#5056);
#4852=AXIS2_PLACEMENT_3D('',#5902,#5060,#5061);
#4853=AXIS2_PLACEMENT_3D('',#5908,#5065,#5066);
#4854=AXIS2_PLACEMENT_3D('',#5914,#5070,#5071);
#4855=AXIS2_PLACEMENT_3D('',#5920,#5075,#5076);
#4856=AXIS2_PLACEMENT_3D('',#5923,#5079,#5080);
#4857=AXIS2_PLACEMENT_3D('',#5924,#5081,#5082);
#4858=AXIS2_PLACEMENT_3D('',#5933,#5087,#5088);
#4859=AXIS2_PLACEMENT_3D('',#5939,#5092,#5093);
#4860=AXIS2_PLACEMENT_3D('',#5945,#5097,#5098);
#4861=AXIS2_PLACEMENT_3D('',#5951,#5102,#5103);
#4862=AXIS2_PLACEMENT_3D('',#5957,#5107,#5108);
#4863=AXIS2_PLACEMENT_3D('',#5963,#5112,#5113);
#4864=AXIS2_PLACEMENT_3D('',#5969,#5117,#5118);
#4865=AXIS2_PLACEMENT_3D('',#5972,#5121,#5122);
#4866=AXIS2_PLACEMENT_3D('',#5973,#5123,#5124);
#4867=AXIS2_PLACEMENT_3D('',#5982,#5129,#5130);
#4868=AXIS2_PLACEMENT_3D('',#5988,#5134,#5135);
#4869=AXIS2_PLACEMENT_3D('',#5994,#5139,#5140);
#4870=AXIS2_PLACEMENT_3D('',#6000,#5144,#5145);
#4871=AXIS2_PLACEMENT_3D('',#6006,#5149,#5150);
#4872=AXIS2_PLACEMENT_3D('',#6012,#5154,#5155);
#4873=AXIS2_PLACEMENT_3D('',#6018,#5159,#5160);
#4874=AXIS2_PLACEMENT_3D('',#6024,#5164,#5165);
#4875=AXIS2_PLACEMENT_3D('',#6030,#5169,#5170);
#4876=AXIS2_PLACEMENT_3D('',#6036,#5174,#5175);
#4877=AXIS2_PLACEMENT_3D('',#6042,#5179,#5180);
#4878=AXIS2_PLACEMENT_3D('',#6048,#5184,#5185);
#4879=AXIS2_PLACEMENT_3D('',#6054,#5189,#5190);
#4880=AXIS2_PLACEMENT_3D('',#6060,#5194,#5195);
#4881=AXIS2_PLACEMENT_3D('',#6066,#5199,#5200);
#4882=AXIS2_PLACEMENT_3D('',#6072,#5204,#5205);
#4883=AXIS2_PLACEMENT_3D('',#6078,#5209,#5210);
#4884=AXIS2_PLACEMENT_3D('',#6084,#5214,#5215);
#4885=AXIS2_PLACEMENT_3D('',#6090,#5219,#5220);
#4886=AXIS2_PLACEMENT_3D('',#6096,#5224,#5225);
#4887=AXIS2_PLACEMENT_3D('',#6102,#5229,#5230);
#4888=AXIS2_PLACEMENT_3D('',#6108,#5234,#5235);
#4889=AXIS2_PLACEMENT_3D('',#6114,#5239,#5240);
#4890=AXIS2_PLACEMENT_3D('',#6120,#5244,#5245);
#4891=AXIS2_PLACEMENT_3D('',#6126,#5249,#5250);
#4892=AXIS2_PLACEMENT_3D('',#6132,#5254,#5255);
#4893=AXIS2_PLACEMENT_3D('',#6138,#5259,#5260);
#4894=AXIS2_PLACEMENT_3D('',#6144,#5264,#5265);
#4895=AXIS2_PLACEMENT_3D('',#6150,#5269,#5270);
#4896=AXIS2_PLACEMENT_3D('',#6156,#5274,#5275);
#4897=AXIS2_PLACEMENT_3D('',#6162,#5279,#5280);
#4898=AXIS2_PLACEMENT_3D('',#6165,#5283,#5284);
#4899=AXIS2_PLACEMENT_3D('',#6167,#5286,#5287);
#4900=AXIS2_PLACEMENT_3D('',#6169,#5289,#5290);
#4901=AXIS2_PLACEMENT_3D('',#6171,#5292,#5293);
#4902=AXIS2_PLACEMENT_3D('',#6173,#5295,#5296);
#4903=AXIS2_PLACEMENT_3D('',#6175,#5298,#5299);
#4904=AXIS2_PLACEMENT_3D('',#6177,#5301,#5302);
#4905=AXIS2_PLACEMENT_3D('',#6179,#5304,#5305);
#4906=AXIS2_PLACEMENT_3D('',#6189,#5311,#5312);
#4907=AXIS2_PLACEMENT_3D('',#6336,#5323,#5324);
#4908=AXIS2_PLACEMENT_3D('',#6342,#5328,#5329);
#4909=AXIS2_PLACEMENT_3D('',#6345,#5332,#5333);
#4910=AXIS2_PLACEMENT_3D('',#6515,#5345,#5346);
#4911=AXIS2_PLACEMENT_3D('',#6521,#5350,#5351);
#4912=AXIS2_PLACEMENT_3D('',#6780,#5366,#5367);
#4913=AXIS2_PLACEMENT_3D('',#6786,#5371,#5372);
#4914=AXIS2_PLACEMENT_3D('',#6792,#5376,#5377);
#4915=AXIS2_PLACEMENT_3D('',#6795,#5380,#5381);
#4916=AXIS2_PLACEMENT_3D('',#7006,#5392,#5393);
#4917=AXIS2_PLACEMENT_3D('',#7009,#5396,#5397);
#4918=AXIS2_PLACEMENT_3D('',#7064,#5404,#5405);
#4919=AXIS2_PLACEMENT_3D('',#7231,#5416,#5417);
#4920=AXIS2_PLACEMENT_3D('',#7579,#5435,#5436);
#4921=AXIS2_PLACEMENT_3D('',#7580,#5437,#5438);
#4922=AXIS2_PLACEMENT_3D('',#7681,#5447,#5448);
#4923=AXIS2_PLACEMENT_3D('',#7756,#5455,#5456);
#4924=AXIS2_PLACEMENT_3D('',#7762,#5460,#5461);
#4925=AXIS2_PLACEMENT_3D('',#7768,#5465,#5466);
#4926=AXIS2_PLACEMENT_3D('',#7774,#5470,#5471);
#4927=AXIS2_PLACEMENT_3D('',#7777,#5474,#5475);
#4928=AXIS2_PLACEMENT_3D('',#7778,#5476,#5477);
#4929=AXIS2_PLACEMENT_3D('',#7787,#5482,#5483);
#4930=AXIS2_PLACEMENT_3D('',#7793,#5487,#5488);
#4931=AXIS2_PLACEMENT_3D('',#7799,#5492,#5493);
#4932=AXIS2_PLACEMENT_3D('',#7802,#5496,#5497);
#4933=AXIS2_PLACEMENT_3D('',#7803,#5498,#5499);
#4934=AXIS2_PLACEMENT_3D('',#7812,#5504,#5505);
#4935=AXIS2_PLACEMENT_3D('',#7818,#5509,#5510);
#4936=AXIS2_PLACEMENT_3D('',#7870,#5516,#5517);
#4937=AXIS2_PLACEMENT_3D('',#7876,#5521,#5522);
#4938=AXIS2_PLACEMENT_3D('',#7882,#5526,#5527);
#4939=AXIS2_PLACEMENT_3D('',#7888,#5531,#5532);
#4940=AXIS2_PLACEMENT_3D('',#7891,#5535,#5536);
#4941=AXIS2_PLACEMENT_3D('',#8076,#5545,#5546);
#4942=AXIS2_PLACEMENT_3D('',#8085,#5551,#5552);
#4943=AXIS2_PLACEMENT_3D('',#8091,#5556,#5557);
#4944=AXIS2_PLACEMENT_3D('',#8304,#5570,#5571);
#4945=AXIS2_PLACEMENT_3D('',#8310,#5575,#5576);
#4946=AXIS2_PLACEMENT_3D('',#8313,#5579,#5580);
#4947=AXIS2_PLACEMENT_3D('',#8314,#5581,#5582);
#4948=AXIS2_PLACEMENT_3D('',#8369,#5589,#5590);
#4949=AXIS2_PLACEMENT_3D('',#8421,#5596,#5597);
#4950=AXIS2_PLACEMENT_3D('',#8427,#5601,#5602);
#4951=AXIS2_PLACEMENT_3D('',#8433,#5606,#5607);
#4952=AXIS2_PLACEMENT_3D('',#8436,#5610,#5611);
#4953=AXIS2_PLACEMENT_3D('',#8828,#5629,#5630);
#4954=AXIS2_PLACEMENT_3D('',#8829,#5631,#5632);
#4955=AXIS2_PLACEMENT_3D('',#8838,#5637,#5638);
#4956=AXIS2_PLACEMENT_3D('',#8844,#5642,#5643);
#4957=AXIS2_PLACEMENT_3D('',#8850,#5647,#5648);
#4958=AXIS2_PLACEMENT_3D('',#8856,#5652,#5653);
#4959=AXIS2_PLACEMENT_3D('',#8862,#5657,#5658);
#4960=AXIS2_PLACEMENT_3D('',#8868,#5662,#5663);
#4961=AXIS2_PLACEMENT_3D('',#8874,#5667,#5668);
#4962=AXIS2_PLACEMENT_3D('',#8903,#5673,#5674);
#4963=AXIS2_PLACEMENT_3D('',#8909,#5678,#5679);
#4964=AXIS2_PLACEMENT_3D('',#8915,#5683,#5684);
#4965=AXIS2_PLACEMENT_3D('',#8918,#5687,#5688);
#4966=AXIS2_PLACEMENT_3D('',#8919,#5689,#5690);
#4967=AXIS2_PLACEMENT_3D('',#8920,#5691,#5692);
#4968=AXIS2_PLACEMENT_3D('',#8921,#5693,#5694);
#4969=AXIS2_PLACEMENT_3D('',#8922,#5695,#5696);
#4970=AXIS2_PLACEMENT_3D('',#8923,#5697,#5698);
#4971=AXIS2_PLACEMENT_3D('',#8924,#5699,#5700);
#4972=AXIS2_PLACEMENT_3D('',#8927,#5701,#5702);
#4973=AXIS2_PLACEMENT_3D('',#8931,#5704,#5705);
#4974=AXIS2_PLACEMENT_3D('',#8933,#5707,#5708);
#4975=AXIS2_PLACEMENT_3D('',#8939,#5711,#5712);
#4976=AXIS2_PLACEMENT_3D('',#8943,#5714,#5715);
#4977=AXIS2_PLACEMENT_3D('',#8951,#5720,#5721);
#4978=AXIS2_PLACEMENT_3D('',#8955,#5723,#5724);
#4979=AXIS2_PLACEMENT_3D('',#8959,#5726,#5727);
#4980=AXIS2_PLACEMENT_3D('',#8962,#5729,#5730);
#4981=AXIS2_PLACEMENT_3D('',#8974,#5737,#5738);
#4982=AXIS2_PLACEMENT_3D('',#8976,#5739,#5740);
#4983=AXIS2_PLACEMENT_3D('',#8978,#5741,#5742);
#4984=AXIS2_PLACEMENT_3D('',#8980,#5743,#5744);
#4985=AXIS2_PLACEMENT_3D('',#8981,#5745,#5746);
#4986=AXIS2_PLACEMENT_3D('',#8984,#5748,#5749);
#4987=AXIS2_PLACEMENT_3D('',#8985,#5750,#5751);
#4988=AXIS2_PLACEMENT_3D('',#8989,#5754,#5755);
#4989=AXIS2_PLACEMENT_3D('',#8992,#5756,#5757);
#4990=AXIS2_PLACEMENT_3D('',#8995,#5760,#5761);
#4991=AXIS2_PLACEMENT_3D('',#8999,#5764,#5765);
#4992=AXIS2_PLACEMENT_3D('',#9000,#5766,#5767);
#4993=AXIS2_PLACEMENT_3D('',#9001,#5768,#5769);
#4994=AXIS2_PLACEMENT_3D('',#9005,#5772,#5773);
#4995=AXIS2_PLACEMENT_3D('',#9009,#5776,#5777);
#4996=AXIS2_PLACEMENT_3D('',#9012,#5779,#5780);
#4997=AXIS2_PLACEMENT_3D('',#9013,#5781,#5782);
#4998=AXIS2_PLACEMENT_3D('',#9017,#5785,#5786);
#4999=AXIS2_PLACEMENT_3D('',#9018,#5787,#5788);
#5000=AXIS2_PLACEMENT_3D('',#9019,#5789,#5790);
#5001=AXIS2_PLACEMENT_3D('',#9022,#5792,#5793);
#5002=AXIS2_PLACEMENT_3D('',#9023,#5794,#5795);
#5003=AXIS2_PLACEMENT_3D('',#9025,#5796,#5797);
#5004=AXIS2_PLACEMENT_3D('',#9026,#5798,#5799);
#5005=AXIS2_PLACEMENT_3D('',#9029,#5801,#5802);
#5006=AXIS2_PLACEMENT_3D('',#9030,#5803,#5804);
#5007=AXIS2_PLACEMENT_3D('',#9032,#5805,#5806);
#5008=AXIS2_PLACEMENT_3D('',#9033,#5807,#5808);
#5009=AXIS2_PLACEMENT_3D('',#9036,#5810,#5811);
#5010=AXIS2_PLACEMENT_3D('',#9037,#5812,#5813);
#5011=AXIS2_PLACEMENT_3D('',#9039,#5814,#5815);
#5012=AXIS2_PLACEMENT_3D('',#9040,#5816,#5817);
#5013=AXIS2_PLACEMENT_3D('',#9043,#5819,#5820);
#5014=AXIS2_PLACEMENT_3D('',#9044,#5821,#5822);
#5015=AXIS2_PLACEMENT_3D('',#9046,#5823,#5824);
#5016=AXIS2_PLACEMENT_3D('',#9047,#5825,#5826);
#5017=AXIS2_PLACEMENT_3D('',#9050,#5828,#5829);
#5018=AXIS2_PLACEMENT_3D('',#9051,#5830,#5831);
#5019=AXIS2_PLACEMENT_3D('',#9052,#5832,#5833);
#5020=AXIS2_PLACEMENT_3D('',#9055,#5835,#5836);
#5021=AXIS2_PLACEMENT_3D('',#9056,#5837,#5838);
#5022=AXIS2_PLACEMENT_3D('',#9057,#5839,#5840);
#5023=AXIS2_PLACEMENT_3D('',#9060,#5842,#5843);
#5024=AXIS2_PLACEMENT_3D('',#9061,#5844,#5845);
#5025=AXIS2_PLACEMENT_3D('',#9062,#5846,#5847);
#5026=AXIS2_PLACEMENT_3D('',#9065,#5849,#5850);
#5027=AXIS2_PLACEMENT_3D('',#9066,#5851,#5852);
#5028=AXIS2_PLACEMENT_3D('',#9067,#5853,#5854);
#5029=AXIS2_PLACEMENT_3D('',#9069,#5856,#5857);
#5030=AXIS2_PLACEMENT_3D('',#9073,#5860,#5861);
#5031=AXIS2_PLACEMENT_3D('',#9077,#5864,#5865);
#5032=AXIS2_PLACEMENT_3D('',#9079,#5867,#5868);
#5033=AXIS2_PLACEMENT_3D('',#9080,#5869,#5870);
#5034=AXIS2_PLACEMENT_3D('',#9081,#5871,#5872);
#5035=DIRECTION('axis',(0.,0.,1.));
#5036=DIRECTION('refdir',(1.,0.,0.));
#5037=DIRECTION('axis',(0.,0.,1.));
#5038=DIRECTION('refdir',(1.,0.,0.));
#5039=DIRECTION('center_axis',(0.,-0.0399680383488716,0.999200958721789));
#5040=DIRECTION('ref_axis',(0.,0.999200958721789,0.0399680383488716));
#5041=DIRECTION('',(0.,-0.999200958721789,-0.0399680383488716));
#5042=DIRECTION('',(-1.,0.,0.));
#5043=DIRECTION('',(0.,0.999200958721789,0.0399680383488716));
#5044=DIRECTION('',(-1.,0.,0.));
#5045=DIRECTION('center_axis',(0.,-0.999200958721789,-0.0399680383488743));
#5046=DIRECTION('ref_axis',(0.,-0.0399680383488743,0.999200958721789));
#5047=DIRECTION('',(0.,0.0399680383488743,-0.999200958721789));
#5048=DIRECTION('',(0.,-0.0399680383488743,0.999200958721789));
#5049=DIRECTION('',(-1.,0.,0.));
#5050=DIRECTION('center_axis',(0.,0.0399680383488716,-0.999200958721789));
#5051=DIRECTION('ref_axis',(0.,-0.999200958721789,-0.0399680383488716));
#5052=DIRECTION('',(0.,0.999200958721789,0.0399680383488716));
#5053=DIRECTION('',(0.,-0.999200958721789,-0.0399680383488716));
#5054=DIRECTION('',(-1.,0.,0.));
#5055=DIRECTION('center_axis',(0.,-1.,0.));
#5056=DIRECTION('ref_axis',(0.,0.,1.));
#5057=DIRECTION('',(0.,0.,-1.));
#5058=DIRECTION('',(0.,0.,1.));
#5059=DIRECTION('',(-1.,0.,0.));
#5060=DIRECTION('center_axis',(0.,0.036339618107143,-0.999339497946432));
#5061=DIRECTION('ref_axis',(0.,-0.999339497946432,-0.036339618107143));
#5062=DIRECTION('',(0.,0.999339497946432,0.036339618107143));
#5063=DIRECTION('',(0.,-0.999339497946432,-0.036339618107143));
#5064=DIRECTION('',(-1.,0.,0.));
#5065=DIRECTION('center_axis',(0.,0.999339497946432,0.0363396181071352));
#5066=DIRECTION('ref_axis',(0.,0.0363396181071352,-0.999339497946432));
#5067=DIRECTION('',(0.,-0.0363396181071352,0.999339497946432));
#5068=DIRECTION('',(0.,0.0363396181071352,-0.999339497946432));
#5069=DIRECTION('',(-1.,0.,0.));
#5070=DIRECTION('center_axis',(0.,-0.036339618107143,0.999339497946432));
#5071=DIRECTION('ref_axis',(0.,0.999339497946432,0.036339618107143));
#5072=DIRECTION('',(0.,-0.999339497946432,-0.036339618107143));
#5073=DIRECTION('',(0.,0.999339497946432,0.036339618107143));
#5074=DIRECTION('',(-1.,0.,0.));
#5075=DIRECTION('center_axis',(0.,1.,0.));
#5076=DIRECTION('ref_axis',(0.,0.,-1.));
#5077=DIRECTION('',(0.,0.,1.));
#5078=DIRECTION('',(0.,0.,-1.));
#5079=DIRECTION('center_axis',(-1.,0.,0.));
#5080=DIRECTION('ref_axis',(0.,0.,1.));
#5081=DIRECTION('center_axis',(0.,-0.0399680383488716,0.999200958721789));
#5082=DIRECTION('ref_axis',(0.,-0.999200958721789,-0.0399680383488716));
#5083=DIRECTION('',(0.,0.999200958721789,0.0399680383488716));
#5084=DIRECTION('',(1.,0.,0.));
#5085=DIRECTION('',(0.,-0.999200958721789,-0.0399680383488716));
#5086=DIRECTION('',(1.,0.,0.));
#5087=DIRECTION('center_axis',(0.,1.,0.));
#5088=DIRECTION('ref_axis',(0.,0.,1.));
#5089=DIRECTION('',(0.,0.,-1.));
#5090=DIRECTION('',(0.,0.,1.));
#5091=DIRECTION('',(1.,0.,0.));
#5092=DIRECTION('center_axis',(0.,-0.0399680383488716,0.999200958721789));
#5093=DIRECTION('ref_axis',(0.,-0.999200958721789,-0.0399680383488716));
#5094=DIRECTION('',(0.,0.999200958721789,0.0399680383488716));
#5095=DIRECTION('',(0.,-0.999200958721789,-0.0399680383488716));
#5096=DIRECTION('',(1.,0.,0.));
#5097=DIRECTION('center_axis',(0.,0.690226264437297,0.723593604090677));
#5098=DIRECTION('ref_axis',(0.,-0.723593604090677,0.690226264437297));
#5099=DIRECTION('',(0.,0.723593604090677,-0.690226264437297));
#5100=DIRECTION('',(0.,-0.723593604090677,0.690226264437297));
#5101=DIRECTION('',(1.,0.,0.));
#5102=DIRECTION('center_axis',(0.,0.0399680383488716,-0.999200958721789));
#5103=DIRECTION('ref_axis',(0.,0.999200958721789,0.0399680383488716));
#5104=DIRECTION('',(0.,-0.999200958721789,-0.0399680383488716));
#5105=DIRECTION('',(0.,0.999200958721789,0.0399680383488716));
#5106=DIRECTION('',(1.,0.,0.));
#5107=DIRECTION('center_axis',(0.,-1.,0.));
#5108=DIRECTION('ref_axis',(0.,0.,-1.));
#5109=DIRECTION('',(0.,0.,1.));
#5110=DIRECTION('',(0.,0.,-1.));
#5111=DIRECTION('',(1.,0.,0.));
#5112=DIRECTION('center_axis',(0.,0.0399680383488716,-0.999200958721789));
#5113=DIRECTION('ref_axis',(0.,0.999200958721789,0.0399680383488716));
#5114=DIRECTION('',(0.,-0.999200958721789,-0.0399680383488716));
#5115=DIRECTION('',(0.,0.999200958721789,0.0399680383488716));
#5116=DIRECTION('',(1.,0.,0.));
#5117=DIRECTION('center_axis',(0.,-0.999200958721789,-0.0399680383488743));
#5118=DIRECTION('ref_axis',(0.,0.0399680383488743,-0.999200958721789));
#5119=DIRECTION('',(0.,-0.0399680383488743,0.999200958721789));
#5120=DIRECTION('',(0.,0.0399680383488743,-0.999200958721789));
#5121=DIRECTION('center_axis',(1.,0.,0.));
#5122=DIRECTION('ref_axis',(0.,0.,-1.));
#5123=DIRECTION('center_axis',(0.995037190209989,0.,0.0995037190210013));
#5124=DIRECTION('ref_axis',(0.0995037190210013,0.,-0.995037190209989));
#5125=DIRECTION('',(-0.0995037190210013,1.4140328946297E-15,0.995037190209989));
#5126=DIRECTION('',(0.,1.,0.));
#5127=DIRECTION('',(0.0995037190210013,0.,-0.995037190209989));
#5128=DIRECTION('',(0.,1.,0.));
#5129=DIRECTION('center_axis',(-0.0995037190209989,0.,0.995037190209989));
#5130=DIRECTION('ref_axis',(0.995037190209989,0.,0.0995037190209989));
#5131=DIRECTION('',(-0.995037190209989,-1.4140328946297E-16,-0.0995037190209989));
#5132=DIRECTION('',(0.995037190209989,0.,0.0995037190209989));
#5133=DIRECTION('',(0.,1.,0.));
#5134=DIRECTION('center_axis',(1.,0.,0.));
#5135=DIRECTION('ref_axis',(0.,0.,-1.));
#5136=DIRECTION('',(0.,1.4210854715202E-15,1.));
#5137=DIRECTION('',(0.,0.,-1.));
#5138=DIRECTION('',(0.,1.,0.));
#5139=DIRECTION('center_axis',(-0.0995037190209989,0.,0.995037190209989));
#5140=DIRECTION('ref_axis',(0.995037190209989,0.,0.0995037190209989));
#5141=DIRECTION('',(-0.995037190209989,-1.4140328946297E-16,-0.0995037190209989));
#5142=DIRECTION('',(0.995037190209989,0.,0.0995037190209989));
#5143=DIRECTION('',(0.,1.,0.));
#5144=DIRECTION('center_axis',(1.,0.,0.));
#5145=DIRECTION('ref_axis',(0.,0.,-1.));
#5146=DIRECTION('',(0.,1.4210854715202E-15,1.));
#5147=DIRECTION('',(0.,0.,-1.));
#5148=DIRECTION('',(0.,1.,0.));
#5149=DIRECTION('center_axis',(-0.0995037190209989,0.,0.995037190209989));
#5150=DIRECTION('ref_axis',(0.995037190209989,0.,0.0995037190209989));
#5151=DIRECTION('',(-0.995037190209989,-1.4140328946297E-16,-0.0995037190209989));
#5152=DIRECTION('',(0.995037190209989,0.,0.0995037190209989));
#5153=DIRECTION('',(0.,1.,0.));
#5154=DIRECTION('center_axis',(1.,0.,0.));
#5155=DIRECTION('ref_axis',(0.,0.,-1.));
#5156=DIRECTION('',(0.,1.4210854715202E-15,1.));
#5157=DIRECTION('',(0.,0.,-1.));
#5158=DIRECTION('',(0.,1.,0.));
#5159=DIRECTION('center_axis',(-0.0995037190209989,0.,0.995037190209989));
#5160=DIRECTION('ref_axis',(0.995037190209989,0.,0.0995037190209989));
#5161=DIRECTION('',(-0.995037190209989,-1.4140328946297E-16,-0.0995037190209989));
#5162=DIRECTION('',(0.995037190209989,0.,0.0995037190209989));
#5163=DIRECTION('',(0.,1.,0.));
#5164=DIRECTION('center_axis',(1.,0.,0.));
#5165=DIRECTION('ref_axis',(0.,0.,-1.));
#5166=DIRECTION('',(0.,1.4210854715202E-15,1.));
#5167=DIRECTION('',(0.,0.,-1.));
#5168=DIRECTION('',(0.,1.,0.));
#5169=DIRECTION('center_axis',(-0.0995037190209989,0.,0.995037190209989));
#5170=DIRECTION('ref_axis',(0.995037190209989,0.,0.0995037190209989));
#5171=DIRECTION('',(-0.995037190209989,-1.4140328946297E-16,-0.0995037190209989));
#5172=DIRECTION('',(0.995037190209989,0.,0.0995037190209989));
#5173=DIRECTION('',(0.,1.,0.));
#5174=DIRECTION('center_axis',(1.,0.,0.));
#5175=DIRECTION('ref_axis',(0.,0.,-1.));
#5176=DIRECTION('',(0.,1.4210854715202E-15,1.));
#5177=DIRECTION('',(0.,0.,-1.));
#5178=DIRECTION('',(0.,1.,0.));
#5179=DIRECTION('center_axis',(-0.0995037190209988,0.,0.995037190209989));
#5180=DIRECTION('ref_axis',(0.995037190209989,0.,0.0995037190209988));
#5181=DIRECTION('',(-0.995037190209989,-1.4140328946297E-16,-0.0995037190209988));
#5182=DIRECTION('',(0.995037190209989,0.,0.0995037190209988));
#5183=DIRECTION('',(0.,1.,0.));
#5184=DIRECTION('center_axis',(1.,0.,0.));
#5185=DIRECTION('ref_axis',(0.,0.,-1.));
#5186=DIRECTION('',(0.,1.4210854715202E-15,1.));
#5187=DIRECTION('',(0.,0.,-1.));
#5188=DIRECTION('',(0.,1.,0.));
#5189=DIRECTION('center_axis',(-0.0995037190209989,0.,0.995037190209989));
#5190=DIRECTION('ref_axis',(0.995037190209989,0.,0.0995037190209989));
#5191=DIRECTION('',(-0.995037190209989,-1.4140328946297E-16,-0.0995037190209989));
#5192=DIRECTION('',(0.995037190209989,0.,0.0995037190209989));
#5193=DIRECTION('',(0.,1.,0.));
#5194=DIRECTION('center_axis',(1.,0.,0.));
#5195=DIRECTION('ref_axis',(0.,0.,-1.));
#5196=DIRECTION('',(0.,1.4210854715202E-15,1.));
#5197=DIRECTION('',(0.,0.,-1.));
#5198=DIRECTION('',(0.,1.,0.));
#5199=DIRECTION('center_axis',(-0.0995037190209989,0.,0.995037190209989));
#5200=DIRECTION('ref_axis',(0.995037190209989,0.,0.0995037190209989));
#5201=DIRECTION('',(-0.995037190209989,-1.4140328946297E-16,-0.0995037190209989));
#5202=DIRECTION('',(0.995037190209989,0.,0.0995037190209989));
#5203=DIRECTION('',(0.,1.,0.));
#5204=DIRECTION('center_axis',(-0.995037190209989,0.,-0.0995037190209969));
#5205=DIRECTION('ref_axis',(-0.0995037190209969,0.,0.995037190209989));
#5206=DIRECTION('',(0.0995037190209969,-1.4140328946297E-15,-0.995037190209989));
#5207=DIRECTION('',(-0.0995037190209969,0.,0.995037190209989));
#5208=DIRECTION('',(0.,1.,0.));
#5209=DIRECTION('center_axis',(0.0995037190209989,0.,-0.995037190209989));
#5210=DIRECTION('ref_axis',(-0.995037190209989,0.,-0.0995037190209989));
#5211=DIRECTION('',(0.995037190209989,1.4140328946297E-16,0.0995037190209989));
#5212=DIRECTION('',(-0.995037190209989,0.,-0.0995037190209989));
#5213=DIRECTION('',(0.,1.,0.));
#5214=DIRECTION('center_axis',(-1.,0.,0.));
#5215=DIRECTION('ref_axis',(0.,0.,1.));
#5216=DIRECTION('',(0.,-1.4210854715202E-15,-1.));
#5217=DIRECTION('',(0.,0.,1.));
#5218=DIRECTION('',(0.,1.,0.));
#5219=DIRECTION('center_axis',(0.0995037190209989,0.,-0.995037190209989));
#5220=DIRECTION('ref_axis',(-0.995037190209989,0.,-0.0995037190209989));
#5221=DIRECTION('',(0.995037190209989,1.4140328946297E-16,0.0995037190209989));
#5222=DIRECTION('',(-0.995037190209989,0.,-0.0995037190209989));
#5223=DIRECTION('',(0.,1.,0.));
#5224=DIRECTION('center_axis',(-1.,0.,0.));
#5225=DIRECTION('ref_axis',(0.,0.,1.));
#5226=DIRECTION('',(0.,-1.4210854715202E-15,-1.));
#5227=DIRECTION('',(0.,0.,1.));
#5228=DIRECTION('',(0.,1.,0.));
#5229=DIRECTION('center_axis',(0.0995037190209988,0.,-0.995037190209989));
#5230=DIRECTION('ref_axis',(-0.995037190209989,0.,-0.0995037190209988));
#5231=DIRECTION('',(0.995037190209989,1.4140328946297E-16,0.0995037190209988));
#5232=DIRECTION('',(-0.995037190209989,0.,-0.0995037190209988));
#5233=DIRECTION('',(0.,1.,0.));
#5234=DIRECTION('center_axis',(-1.,0.,0.));
#5235=DIRECTION('ref_axis',(0.,0.,1.));
#5236=DIRECTION('',(0.,-1.4210854715202E-15,-1.));
#5237=DIRECTION('',(0.,0.,1.));
#5238=DIRECTION('',(0.,1.,0.));
#5239=DIRECTION('center_axis',(0.0995037190209989,0.,-0.995037190209989));
#5240=DIRECTION('ref_axis',(-0.995037190209989,0.,-0.0995037190209989));
#5241=DIRECTION('',(0.995037190209989,1.4140328946297E-16,0.0995037190209989));
#5242=DIRECTION('',(-0.995037190209989,0.,-0.0995037190209989));
#5243=DIRECTION('',(0.,1.,0.));
#5244=DIRECTION('center_axis',(-1.,0.,0.));
#5245=DIRECTION('ref_axis',(0.,0.,1.));
#5246=DIRECTION('',(0.,-1.4210854715202E-15,-1.));
#5247=DIRECTION('',(0.,0.,1.));
#5248=DIRECTION('',(0.,1.,0.));
#5249=DIRECTION('center_axis',(0.0995037190209989,0.,-0.995037190209989));
#5250=DIRECTION('ref_axis',(-0.995037190209989,0.,-0.0995037190209989));
#5251=DIRECTION('',(0.995037190209989,1.4140328946297E-16,0.0995037190209989));
#5252=DIRECTION('',(-0.995037190209989,0.,-0.0995037190209989));
#5253=DIRECTION('',(0.,1.,0.));
#5254=DIRECTION('center_axis',(-1.,0.,0.));
#5255=DIRECTION('ref_axis',(0.,0.,1.));
#5256=DIRECTION('',(0.,-1.4210854715202E-15,-1.));
#5257=DIRECTION('',(0.,0.,1.));
#5258=DIRECTION('',(0.,1.,0.));
#5259=DIRECTION('center_axis',(0.0995037190209989,0.,-0.995037190209989));
#5260=DIRECTION('ref_axis',(-0.995037190209989,0.,-0.0995037190209989));
#5261=DIRECTION('',(0.995037190209989,1.4140328946297E-16,0.0995037190209989));
#5262=DIRECTION('',(-0.995037190209989,0.,-0.0995037190209989));
#5263=DIRECTION('',(0.,1.,0.));
#5264=DIRECTION('center_axis',(-1.,0.,0.));
#5265=DIRECTION('ref_axis',(0.,0.,1.));
#5266=DIRECTION('',(0.,-1.4210854715202E-15,-1.));
#5267=DIRECTION('',(0.,0.,1.));
#5268=DIRECTION('',(0.,1.,0.));
#5269=DIRECTION('center_axis',(0.0995037190209989,0.,-0.995037190209989));
#5270=DIRECTION('ref_axis',(-0.995037190209989,0.,-0.0995037190209989));
#5271=DIRECTION('',(0.995037190209989,1.4140328946297E-16,0.0995037190209989));
#5272=DIRECTION('',(-0.995037190209989,0.,-0.0995037190209989));
#5273=DIRECTION('',(0.,1.,0.));
#5274=DIRECTION('center_axis',(-1.,0.,0.));
#5275=DIRECTION('ref_axis',(0.,0.,1.));
#5276=DIRECTION('',(0.,-1.4210854715202E-15,-1.));
#5277=DIRECTION('',(0.,0.,1.));
#5278=DIRECTION('',(0.,1.,0.));
#5279=DIRECTION('center_axis',(0.0995037190209987,0.,-0.995037190209989));
#5280=DIRECTION('ref_axis',(-0.995037190209989,0.,-0.0995037190209987));
#5281=DIRECTION('',(0.995037190209989,1.4140328946297E-16,0.0995037190209987));
#5282=DIRECTION('',(-0.995037190209989,0.,-0.0995037190209987));
#5283=DIRECTION('center_axis',(0.,1.,-1.4210854715202E-15));
#5284=DIRECTION('ref_axis',(-1.,0.,0.));
#5285=DIRECTION('',(1.,0.,0.));
#5286=DIRECTION('center_axis',(0.,1.,-1.4210854715202E-15));
#5287=DIRECTION('ref_axis',(-1.,0.,0.));
#5288=DIRECTION('',(1.,0.,0.));
#5289=DIRECTION('center_axis',(0.,1.,-1.4210854715202E-15));
#5290=DIRECTION('ref_axis',(-1.,0.,0.));
#5291=DIRECTION('',(1.,0.,0.));
#5292=DIRECTION('center_axis',(0.,1.,-1.4210854715202E-15));
#5293=DIRECTION('ref_axis',(-1.,0.,0.));
#5294=DIRECTION('',(1.,0.,0.));
#5295=DIRECTION('center_axis',(0.,1.,-1.4210854715202E-15));
#5296=DIRECTION('ref_axis',(-1.,0.,0.));
#5297=DIRECTION('',(1.,0.,0.));
#5298=DIRECTION('center_axis',(0.,1.,-1.4210854715202E-15));
#5299=DIRECTION('ref_axis',(-1.,0.,0.));
#5300=DIRECTION('',(1.,0.,0.));
#5301=DIRECTION('center_axis',(0.,1.,-1.4210854715202E-15));
#5302=DIRECTION('ref_axis',(-1.,0.,0.));
#5303=DIRECTION('',(1.,0.,0.));
#5304=DIRECTION('center_axis',(0.,1.,-1.4210854715202E-15));
#5305=DIRECTION('ref_axis',(-1.,0.,0.));
#5306=DIRECTION('',(1.,0.,0.));
#5307=DIRECTION('',(0.,0.,1.));
#5308=DIRECTION('',(-1.,0.,0.));
#5309=DIRECTION('',(0.,1.4210854715202E-15,1.));
#5310=DIRECTION('',(1.,0.,0.));
#5311=DIRECTION('center_axis',(0.,0.,-1.));
#5312=DIRECTION('ref_axis',(-1.,0.,0.));
#5313=DIRECTION('',(-1.,0.,0.));
#5314=DIRECTION('',(0.,1.,0.));
#5315=DIRECTION('',(-1.,0.,0.));
#5316=DIRECTION('',(0.,1.,0.));
#5317=DIRECTION('',(0.,1.,0.));
#5318=DIRECTION('',(0.,1.,0.));
#5319=DIRECTION('',(0.,1.,0.));
#5320=DIRECTION('',(0.,1.,0.));
#5321=DIRECTION('',(0.,1.,0.));
#5322=DIRECTION('',(0.,1.,0.));
#5323=DIRECTION('center_axis',(0.,0.,1.));
#5324=DIRECTION('ref_axis',(1.,0.,0.));
#5325=DIRECTION('',(1.,0.,0.));
#5326=DIRECTION('',(0.,1.,0.));
#5327=DIRECTION('',(1.,0.,0.));
#5328=DIRECTION('center_axis',(1.,0.,0.));
#5329=DIRECTION('ref_axis',(0.,0.,-1.));
#5330=DIRECTION('',(0.,0.,-1.));
#5331=DIRECTION('',(0.,0.,-1.));
#5332=DIRECTION('center_axis',(0.,0.,-1.));
#5333=DIRECTION('ref_axis',(-1.,0.,0.));
#5334=DIRECTION('',(-1.,0.,0.));
#5335=DIRECTION('',(0.,1.,0.));
#5336=DIRECTION('',(-1.,0.,0.));
#5337=DIRECTION('',(0.,1.,0.));
#5338=DIRECTION('',(0.,1.,0.));
#5339=DIRECTION('',(0.,1.,0.));
#5340=DIRECTION('',(0.,1.,0.));
#5341=DIRECTION('',(0.,1.,0.));
#5342=DIRECTION('',(0.,1.,0.));
#5343=DIRECTION('',(0.,1.,0.));
#5344=DIRECTION('',(0.,1.,0.));
#5345=DIRECTION('center_axis',(0.,0.,1.));
#5346=DIRECTION('ref_axis',(1.,0.,0.));
#5347=DIRECTION('',(1.,0.,0.));
#5348=DIRECTION('',(0.,1.,0.));
#5349=DIRECTION('',(1.,0.,0.));
#5350=DIRECTION('center_axis',(1.,0.,0.));
#5351=DIRECTION('ref_axis',(0.,0.,-1.));
#5352=DIRECTION('',(0.,0.,-1.));
#5353=DIRECTION('',(0.,0.,-1.));
#5354=DIRECTION('',(0.,1.,0.));
#5355=DIRECTION('',(0.,1.,0.));
#5356=DIRECTION('',(0.,1.,0.));
#5357=DIRECTION('',(0.,1.,0.));
#5358=DIRECTION('',(0.,1.,0.));
#5359=DIRECTION('',(0.,1.,0.));
#5360=DIRECTION('',(0.,1.,0.));
#5361=DIRECTION('',(0.,1.,0.));
#5362=DIRECTION('',(0.,1.,0.));
#5363=DIRECTION('',(0.,1.,0.));
#5364=DIRECTION('',(0.,1.,0.));
#5365=DIRECTION('',(0.,1.,0.));
#5366=DIRECTION('center_axis',(0.,0.,1.));
#5367=DIRECTION('ref_axis',(1.,0.,0.));
#5368=DIRECTION('',(1.,0.,0.));
#5369=DIRECTION('',(0.,1.,0.));
#5370=DIRECTION('',(1.,0.,0.));
#5371=DIRECTION('center_axis',(-1.,0.,0.));
#5372=DIRECTION('ref_axis',(0.,0.,1.));
#5373=DIRECTION('',(0.,0.,1.));
#5374=DIRECTION('',(0.,1.,0.));
#5375=DIRECTION('',(0.,0.,1.));
#5376=DIRECTION('center_axis',(0.,0.,-1.));
#5377=DIRECTION('ref_axis',(-1.,0.,0.));
#5378=DIRECTION('',(-1.,0.,0.));
#5379=DIRECTION('',(-1.,0.,0.));
#5380=DIRECTION('center_axis',(0.,-1.,0.));
#5381=DIRECTION('ref_axis',(1.,0.,0.));
#5382=DIRECTION('',(0.,1.,0.));
#5383=DIRECTION('',(0.,1.,0.));
#5384=DIRECTION('',(0.,1.,0.));
#5385=DIRECTION('',(0.,1.,0.));
#5386=DIRECTION('',(0.,1.,0.));
#5387=DIRECTION('',(0.,1.,0.));
#5388=DIRECTION('',(0.,1.,0.));
#5389=DIRECTION('',(0.,1.,0.));
#5390=DIRECTION('',(0.,1.,0.));
#5391=DIRECTION('',(0.,1.,0.));
#5392=DIRECTION('center_axis',(-1.,0.,0.));
#5393=DIRECTION('ref_axis',(0.,0.,1.));
#5394=DIRECTION('',(0.,0.,1.));
#5395=DIRECTION('',(0.,0.,1.));
#5396=DIRECTION('center_axis',(0.,0.,-1.));
#5397=DIRECTION('ref_axis',(-1.,0.,0.));
#5398=DIRECTION('',(-1.,0.,0.));
#5399=DIRECTION('',(0.,1.,0.));
#5400=DIRECTION('',(-1.,0.,0.));
#5401=DIRECTION('',(0.,1.,0.));
#5402=DIRECTION('',(0.,1.,0.));
#5403=DIRECTION('',(0.,1.,0.));
#5404=DIRECTION('center_axis',(1.,0.,0.));
#5405=DIRECTION('ref_axis',(0.,0.,-1.));
#5406=DIRECTION('',(0.,0.,-1.));
#5407=DIRECTION('',(0.,1.,0.));
#5408=DIRECTION('',(0.,0.,-1.));
#5409=DIRECTION('',(0.,1.,0.));
#5410=DIRECTION('',(0.,1.,0.));
#5411=DIRECTION('',(0.,1.,0.));
#5412=DIRECTION('',(0.,1.,0.));
#5413=DIRECTION('',(0.,1.,0.));
#5414=DIRECTION('',(0.,1.,0.));
#5415=DIRECTION('',(0.,1.,0.));
#5416=DIRECTION('center_axis',(-0.135113168146427,0.,-0.990830173033419));
#5417=DIRECTION('ref_axis',(-0.990830173033419,0.,0.135113168146427));
#5418=DIRECTION('',(-0.990830173033419,0.,0.135113168146427));
#5419=DIRECTION('',(0.,1.,0.));
#5420=DIRECTION('',(-0.990830173033419,0.,0.135113168146427));
#5421=DIRECTION('',(0.,1.,0.));
#5422=DIRECTION('',(0.,1.,0.));
#5423=DIRECTION('',(0.,1.,0.));
#5424=DIRECTION('',(0.,1.,0.));
#5425=DIRECTION('',(0.,1.,0.));
#5426=DIRECTION('',(0.,1.,0.));
#5427=DIRECTION('',(0.,1.,0.));
#5428=DIRECTION('',(0.,1.,0.));
#5429=DIRECTION('',(0.,1.,0.));
#5430=DIRECTION('',(0.,1.,0.));
#5431=DIRECTION('',(0.,1.,0.));
#5432=DIRECTION('',(0.,1.,0.));
#5433=DIRECTION('',(0.,1.,0.));
#5434=DIRECTION('',(0.,1.,0.));
#5435=DIRECTION('center_axis',(0.,-1.,0.));
#5436=DIRECTION('ref_axis',(1.,0.,0.));
#5437=DIRECTION('center_axis',(1.,0.,0.));
#5438=DIRECTION('ref_axis',(0.,0.,-1.));
#5439=DIRECTION('',(0.,0.,-1.));
#5440=DIRECTION('',(0.,1.,0.));
#5441=DIRECTION('',(0.,0.,-1.));
#5442=DIRECTION('',(0.,1.,0.));
#5443=DIRECTION('',(0.,1.,0.));
#5444=DIRECTION('',(0.,1.,0.));
#5445=DIRECTION('',(0.,1.,0.));
#5446=DIRECTION('',(0.,1.,0.));
#5447=DIRECTION('center_axis',(0.937477791315774,0.,-0.348045098787066));
#5448=DIRECTION('ref_axis',(-0.348045098787066,0.,-0.937477791315774));
#5449=DIRECTION('',(-0.348045098787066,0.,-0.937477791315774));
#5450=DIRECTION('',(0.,1.,0.));
#5451=DIRECTION('',(-0.348045098787066,0.,-0.937477791315774));
#5452=DIRECTION('',(0.,1.,0.));
#5453=DIRECTION('',(0.,1.,0.));
#5454=DIRECTION('',(0.,1.,0.));
#5455=DIRECTION('center_axis',(1.,0.,0.));
#5456=DIRECTION('ref_axis',(0.,0.,-1.));
#5457=DIRECTION('',(0.,0.,-1.));
#5458=DIRECTION('',(0.,1.,0.));
#5459=DIRECTION('',(0.,0.,-1.));
#5460=DIRECTION('center_axis',(0.,0.,1.));
#5461=DIRECTION('ref_axis',(1.,0.,0.));
#5462=DIRECTION('',(1.,0.,0.));
#5463=DIRECTION('',(0.,1.,0.));
#5464=DIRECTION('',(1.,0.,0.));
#5465=DIRECTION('center_axis',(-1.,0.,0.));
#5466=DIRECTION('ref_axis',(0.,0.,1.));
#5467=DIRECTION('',(0.,0.,1.));
#5468=DIRECTION('',(0.,1.,0.));
#5469=DIRECTION('',(0.,0.,1.));
#5470=DIRECTION('center_axis',(0.,0.,-1.));
#5471=DIRECTION('ref_axis',(-1.,0.,0.));
#5472=DIRECTION('',(-1.,0.,0.));
#5473=DIRECTION('',(-1.,0.,0.));
#5474=DIRECTION('center_axis',(0.,-1.,0.));
#5475=DIRECTION('ref_axis',(1.,0.,0.));
#5476=DIRECTION('center_axis',(1.,0.,0.));
#5477=DIRECTION('ref_axis',(0.,0.,-1.));
#5478=DIRECTION('',(0.,0.,-1.));
#5479=DIRECTION('',(0.,1.,0.));
#5480=DIRECTION('',(0.,0.,-1.));
#5481=DIRECTION('',(0.,1.,0.));
#5482=DIRECTION('center_axis',(0.,0.,1.));
#5483=DIRECTION('ref_axis',(1.,0.,0.));
#5484=DIRECTION('',(1.,0.,0.));
#5485=DIRECTION('',(0.,1.,0.));
#5486=DIRECTION('',(1.,0.,0.));
#5487=DIRECTION('center_axis',(-1.,0.,0.));
#5488=DIRECTION('ref_axis',(0.,0.,1.));
#5489=DIRECTION('',(0.,0.,1.));
#5490=DIRECTION('',(0.,1.,0.));
#5491=DIRECTION('',(0.,0.,1.));
#5492=DIRECTION('center_axis',(0.,0.,-1.));
#5493=DIRECTION('ref_axis',(-1.,0.,0.));
#5494=DIRECTION('',(-1.,0.,0.));
#5495=DIRECTION('',(-1.,0.,0.));
#5496=DIRECTION('center_axis',(0.,1.,0.));
#5497=DIRECTION('ref_axis',(0.,0.,1.));
#5498=DIRECTION('center_axis',(0.931167758687837,0.,-0.364591010833058));
#5499=DIRECTION('ref_axis',(-0.364591010833058,0.,-0.931167758687837));
#5500=DIRECTION('',(-0.364591010833058,0.,-0.931167758687837));
#5501=DIRECTION('',(0.,1.,0.));
#5502=DIRECTION('',(-0.364591010833058,0.,-0.931167758687837));
#5503=DIRECTION('',(0.,1.,0.));
#5504=DIRECTION('center_axis',(0.,0.,1.));
#5505=DIRECTION('ref_axis',(1.,0.,0.));
#5506=DIRECTION('',(1.,0.,0.));
#5507=DIRECTION('',(0.,1.,0.));
#5508=DIRECTION('',(1.,0.,0.));
#5509=DIRECTION('center_axis',(-0.937301974099012,0.,0.34851830561693));
#5510=DIRECTION('ref_axis',(0.34851830561693,0.,0.937301974099012));
#5511=DIRECTION('',(0.34851830561693,0.,0.937301974099012));
#5512=DIRECTION('',(0.,1.,0.));
#5513=DIRECTION('',(0.34851830561693,0.,0.937301974099012));
#5514=DIRECTION('',(0.,1.,0.));
#5515=DIRECTION('',(0.,1.,0.));
#5516=DIRECTION('center_axis',(0.941561718595797,0.,0.336840511332782));
#5517=DIRECTION('ref_axis',(0.336840511332782,0.,-0.941561718595797));
#5518=DIRECTION('',(0.336840511332782,0.,-0.941561718595797));
#5519=DIRECTION('',(0.,1.,0.));
#5520=DIRECTION('',(0.336840511332782,0.,-0.941561718595797));
#5521=DIRECTION('center_axis',(0.,0.,1.));
#5522=DIRECTION('ref_axis',(1.,0.,0.));
#5523=DIRECTION('',(1.,0.,0.));
#5524=DIRECTION('',(0.,1.,0.));
#5525=DIRECTION('',(1.,0.,0.));
#5526=DIRECTION('center_axis',(-0.932457532733033,0.,-0.36127960037819));
#5527=DIRECTION('ref_axis',(-0.36127960037819,0.,0.932457532733033));
#5528=DIRECTION('',(-0.36127960037819,0.,0.932457532733033));
#5529=DIRECTION('',(0.,1.,0.));
#5530=DIRECTION('',(-0.36127960037819,0.,0.932457532733033));
#5531=DIRECTION('center_axis',(0.,0.,-1.));
#5532=DIRECTION('ref_axis',(-1.,0.,0.));
#5533=DIRECTION('',(-1.,0.,0.));
#5534=DIRECTION('',(-1.,0.,0.));
#5535=DIRECTION('center_axis',(0.,-1.,0.));
#5536=DIRECTION('ref_axis',(1.,0.,0.));
#5537=DIRECTION('',(0.,1.,0.));
#5538=DIRECTION('',(0.,1.,0.));
#5539=DIRECTION('',(0.,1.,0.));
#5540=DIRECTION('',(0.,1.,0.));
#5541=DIRECTION('',(0.,1.,0.));
#5542=DIRECTION('',(0.,1.,0.));
#5543=DIRECTION('',(0.,1.,0.));
#5544=DIRECTION('',(0.,1.,0.));
#5545=DIRECTION('center_axis',(1.,0.,0.));
#5546=DIRECTION('ref_axis',(0.,0.,-1.));
#5547=DIRECTION('',(0.,0.,-1.));
#5548=DIRECTION('',(0.,1.,0.));
#5549=DIRECTION('',(0.,0.,-1.));
#5550=DIRECTION('',(0.,1.,0.));
#5551=DIRECTION('center_axis',(0.,0.,1.));
#5552=DIRECTION('ref_axis',(1.,0.,0.));
#5553=DIRECTION('',(1.,0.,0.));
#5554=DIRECTION('',(0.,1.,0.));
#5555=DIRECTION('',(1.,0.,0.));
#5556=DIRECTION('center_axis',(-1.,0.,0.));
#5557=DIRECTION('ref_axis',(0.,0.,1.));
#5558=DIRECTION('',(0.,0.,1.));
#5559=DIRECTION('',(0.,1.,0.));
#5560=DIRECTION('',(0.,0.,1.));
#5561=DIRECTION('',(0.,1.,0.));
#5562=DIRECTION('',(0.,1.,0.));
#5563=DIRECTION('',(0.,1.,0.));
#5564=DIRECTION('',(0.,1.,0.));
#5565=DIRECTION('',(0.,1.,0.));
#5566=DIRECTION('',(0.,1.,0.));
#5567=DIRECTION('',(0.,1.,0.));
#5568=DIRECTION('',(0.,1.,0.));
#5569=DIRECTION('',(0.,1.,0.));
#5570=DIRECTION('center_axis',(-1.,0.,0.));
#5571=DIRECTION('ref_axis',(0.,0.,1.));
#5572=DIRECTION('',(0.,0.,1.));
#5573=DIRECTION('',(0.,1.,0.));
#5574=DIRECTION('',(0.,0.,1.));
#5575=DIRECTION('center_axis',(0.,0.,-1.));
#5576=DIRECTION('ref_axis',(-1.,0.,0.));
#5577=DIRECTION('',(-1.,0.,0.));
#5578=DIRECTION('',(-1.,0.,0.));
#5579=DIRECTION('center_axis',(0.,-1.,0.));
#5580=DIRECTION('ref_axis',(1.,0.,0.));
#5581=DIRECTION('center_axis',(0.,0.,1.));
#5582=DIRECTION('ref_axis',(1.,0.,0.));
#5583=DIRECTION('',(1.,0.,0.));
#5584=DIRECTION('',(0.,1.,0.));
#5585=DIRECTION('',(1.,0.,0.));
#5586=DIRECTION('',(0.,1.,0.));
#5587=DIRECTION('',(0.,1.,0.));
#5588=DIRECTION('',(0.,1.,0.));
#5589=DIRECTION('center_axis',(-1.,0.,0.));
#5590=DIRECTION('ref_axis',(0.,0.,1.));
#5591=DIRECTION('',(0.,0.,1.));
#5592=DIRECTION('',(0.,1.,0.));
#5593=DIRECTION('',(0.,0.,1.));
#5594=DIRECTION('',(0.,1.,0.));
#5595=DIRECTION('',(0.,1.,0.));
#5596=DIRECTION('center_axis',(-1.,0.,0.));
#5597=DIRECTION('ref_axis',(0.,0.,1.));
#5598=DIRECTION('',(0.,0.,1.));
#5599=DIRECTION('',(0.,1.,0.));
#5600=DIRECTION('',(0.,0.,1.));
#5601=DIRECTION('center_axis',(0.,0.,-1.));
#5602=DIRECTION('ref_axis',(-1.,0.,0.));
#5603=DIRECTION('',(-1.,0.,0.));
#5604=DIRECTION('',(0.,1.,0.));
#5605=DIRECTION('',(-1.,0.,0.));
#5606=DIRECTION('center_axis',(1.,0.,0.));
#5607=DIRECTION('ref_axis',(0.,0.,-1.));
#5608=DIRECTION('',(0.,0.,-1.));
#5609=DIRECTION('',(0.,0.,-1.));
#5610=DIRECTION('center_axis',(0.,-1.,0.));
#5611=DIRECTION('ref_axis',(1.,0.,0.));
#5612=DIRECTION('',(0.,1.,0.));
#5613=DIRECTION('',(0.,1.,0.));
#5614=DIRECTION('',(0.,1.,0.));
#5615=DIRECTION('',(0.,1.,0.));
#5616=DIRECTION('',(0.,1.,0.));
#5617=DIRECTION('',(0.,1.,0.));
#5618=DIRECTION('',(0.,1.,0.));
#5619=DIRECTION('',(0.,1.,0.));
#5620=DIRECTION('',(0.,1.,0.));
#5621=DIRECTION('',(0.,1.,0.));
#5622=DIRECTION('',(0.,1.,0.));
#5623=DIRECTION('',(0.,1.,0.));
#5624=DIRECTION('',(0.,1.,0.));
#5625=DIRECTION('',(0.,1.,0.));
#5626=DIRECTION('',(0.,1.,0.));
#5627=DIRECTION('',(0.,1.,0.));
#5628=DIRECTION('',(0.,1.,0.));
#5629=DIRECTION('center_axis',(0.,-1.,0.));
#5630=DIRECTION('ref_axis',(1.,0.,0.));
#5631=DIRECTION('center_axis',(1.,0.,0.));
#5632=DIRECTION('ref_axis',(0.,0.,-1.));
#5633=DIRECTION('',(0.,0.,-1.));
#5634=DIRECTION('',(0.,1.,0.));
#5635=DIRECTION('',(0.,0.,-1.));
#5636=DIRECTION('',(0.,1.,0.));
#5637=DIRECTION('center_axis',(0.,0.,1.));
#5638=DIRECTION('ref_axis',(1.,0.,0.));
#5639=DIRECTION('',(1.,0.,0.));
#5640=DIRECTION('',(0.,1.,0.));
#5641=DIRECTION('',(1.,0.,0.));
#5642=DIRECTION('center_axis',(0.756658146586797,0.,-0.653810713589058));
#5643=DIRECTION('ref_axis',(-0.653810713589058,0.,-0.756658146586797));
#5644=DIRECTION('',(-0.653810713589058,0.,-0.756658146586797));
#5645=DIRECTION('',(0.,1.,0.));
#5646=DIRECTION('',(-0.653810713589058,0.,-0.756658146586797));
#5647=DIRECTION('center_axis',(0.777351633169137,0.,-0.629066322742901));
#5648=DIRECTION('ref_axis',(-0.629066322742901,0.,-0.777351633169137));
#5649=DIRECTION('',(-0.629066322742901,0.,-0.777351633169137));
#5650=DIRECTION('',(0.,1.,0.));
#5651=DIRECTION('',(-0.629066322742901,0.,-0.777351633169137));
#5652=DIRECTION('center_axis',(1.,0.,0.));
#5653=DIRECTION('ref_axis',(0.,0.,-1.));
#5654=DIRECTION('',(0.,0.,-1.));
#5655=DIRECTION('',(0.,1.,0.));
#5656=DIRECTION('',(0.,0.,-1.));
#5657=DIRECTION('center_axis',(0.,0.,1.));
#5658=DIRECTION('ref_axis',(1.,0.,0.));
#5659=DIRECTION('',(1.,0.,0.));
#5660=DIRECTION('',(0.,1.,0.));
#5661=DIRECTION('',(1.,0.,0.));
#5662=DIRECTION('center_axis',(-1.,0.,0.));
#5663=DIRECTION('ref_axis',(0.,0.,1.));
#5664=DIRECTION('',(0.,0.,1.));
#5665=DIRECTION('',(0.,1.,0.));
#5666=DIRECTION('',(0.,0.,1.));
#5667=DIRECTION('center_axis',(0.,0.,-1.));
#5668=DIRECTION('ref_axis',(-1.,0.,0.));
#5669=DIRECTION('',(-1.,0.,0.));
#5670=DIRECTION('',(0.,1.,0.));
#5671=DIRECTION('',(-1.,0.,0.));
#5672=DIRECTION('',(0.,1.,0.));
#5673=DIRECTION('center_axis',(-0.780949939708129,0.,0.624593621220926));
#5674=DIRECTION('ref_axis',(0.624593621220926,0.,0.780949939708129));
#5675=DIRECTION('',(0.624593621220926,0.,0.780949939708129));
#5676=DIRECTION('',(0.,1.,0.));
#5677=DIRECTION('',(0.624593621220926,0.,0.780949939708129));
#5678=DIRECTION('center_axis',(-1.,0.,0.));
#5679=DIRECTION('ref_axis',(0.,0.,1.));
#5680=DIRECTION('',(0.,0.,1.));
#5681=DIRECTION('',(0.,1.,0.));
#5682=DIRECTION('',(0.,0.,1.));
#5683=DIRECTION('center_axis',(0.,0.,-1.));
#5684=DIRECTION('ref_axis',(-1.,0.,0.));
#5685=DIRECTION('',(-1.,0.,0.));
#5686=DIRECTION('',(-1.,0.,0.));
#5687=DIRECTION('center_axis',(0.,-1.,0.));
#5688=DIRECTION('ref_axis',(1.,0.,0.));
#5689=DIRECTION('center_axis',(0.,-1.,0.));
#5690=DIRECTION('ref_axis',(0.,0.,-1.));
#5691=DIRECTION('center_axis',(0.,-1.,0.));
#5692=DIRECTION('ref_axis',(0.,0.,-1.));
#5693=DIRECTION('center_axis',(0.,-1.,0.));
#5694=DIRECTION('ref_axis',(0.,0.,-1.));
#5695=DIRECTION('center_axis',(0.,-1.,0.));
#5696=DIRECTION('ref_axis',(0.,0.,-1.));
#5697=DIRECTION('center_axis',(0.,-1.,0.));
#5698=DIRECTION('ref_axis',(0.,0.,-1.));
#5699=DIRECTION('center_axis',(0.,0.,1.));
#5700=DIRECTION('ref_axis',(-0.707106781186548,0.707106781186548,0.));
#5701=DIRECTION('center_axis',(0.,0.,-1.));
#5702=DIRECTION('ref_axis',(-0.707106781186548,0.707106781186548,0.));
#5703=DIRECTION('',(0.,0.,-1.));
#5704=DIRECTION('center_axis',(0.,0.,1.));
#5705=DIRECTION('ref_axis',(-0.707106781186548,0.707106781186548,0.));
#5706=DIRECTION('',(0.,0.,1.));
#5707=DIRECTION('center_axis',(0.,1.,0.));
#5708=DIRECTION('ref_axis',(0.,0.,1.));
#5709=DIRECTION('',(1.,0.,0.));
#5710=DIRECTION('',(0.,0.,-1.));
#5711=DIRECTION('center_axis',(0.,-1.,0.));
#5712=DIRECTION('ref_axis',(0.,0.,-1.));
#5713=DIRECTION('',(1.,0.,2.67462815220961E-15));
#5714=DIRECTION('center_axis',(0.,-1.,0.));
#5715=DIRECTION('ref_axis',(1.,0.,1.16573417585648E-13));
#5716=DIRECTION('',(0.,0.,1.));
#5717=DIRECTION('',(1.,0.,0.));
#5718=DIRECTION('',(0.,0.,1.));
#5719=DIRECTION('',(1.,0.,0.));
#5720=DIRECTION('center_axis',(0.,0.,1.));
#5721=DIRECTION('ref_axis',(1.,0.,0.));
#5722=DIRECTION('',(0.,-1.,0.));
#5723=DIRECTION('center_axis',(0.,0.,-1.));
#5724=DIRECTION('ref_axis',(-0.707106781186543,-0.707106781186552,0.));
#5725=DIRECTION('',(1.,0.,0.));
#5726=DIRECTION('center_axis',(0.,0.,-1.));
#5727=DIRECTION('ref_axis',(0.707106781186522,-0.707106781186573,0.));
#5728=DIRECTION('',(0.,-1.,0.));
#5729=DIRECTION('center_axis',(0.,0.,-1.));
#5730=DIRECTION('ref_axis',(0.707106781186577,0.707106781186518,0.));
#5731=DIRECTION('',(0.,-1.,0.));
#5732=DIRECTION('',(1.,0.,0.));
#5733=DIRECTION('',(0.,-1.,0.));
#5734=DIRECTION('',(0.,1.,0.));
#5735=DIRECTION('',(1.,0.,0.));
#5736=DIRECTION('',(0.,1.,0.));
#5737=DIRECTION('center_axis',(0.,0.,-1.));
#5738=DIRECTION('ref_axis',(-1.,0.,0.));
#5739=DIRECTION('center_axis',(0.,0.,-1.));
#5740=DIRECTION('ref_axis',(-1.,0.,0.));
#5741=DIRECTION('center_axis',(0.,0.,-1.));
#5742=DIRECTION('ref_axis',(-1.,0.,0.));
#5743=DIRECTION('center_axis',(0.,0.,-1.));
#5744=DIRECTION('ref_axis',(-1.,0.,0.));
#5745=DIRECTION('center_axis',(0.,0.,1.));
#5746=DIRECTION('ref_axis',(0.707106781186577,0.707106781186518,0.));
#5747=DIRECTION('',(0.,0.,-1.));
#5748=DIRECTION('center_axis',(0.,0.,1.));
#5749=DIRECTION('ref_axis',(0.707106781186577,0.707106781186518,0.));
#5750=DIRECTION('center_axis',(1.,0.,0.));
#5751=DIRECTION('ref_axis',(0.,0.,-1.));
#5752=DIRECTION('',(0.,0.,1.));
#5753=DIRECTION('',(0.,1.,0.));
#5754=DIRECTION('center_axis',(0.,0.,-1.));
#5755=DIRECTION('ref_axis',(-0.707106781186543,-0.707106781186552,0.));
#5756=DIRECTION('center_axis',(0.,0.,1.));
#5757=DIRECTION('ref_axis',(-0.707106781186543,-0.707106781186552,0.));
#5758=DIRECTION('',(0.,0.,1.));
#5759=DIRECTION('',(0.,0.,-1.));
#5760=DIRECTION('center_axis',(0.,-1.,0.));
#5761=DIRECTION('ref_axis',(0.,0.,-1.));
#5762=DIRECTION('',(1.,0.,0.));
#5763=DIRECTION('',(0.,0.,-1.));
#5764=DIRECTION('center_axis',(0.,0.,-1.));
#5765=DIRECTION('ref_axis',(0.707106781186522,-0.707106781186573,0.));
#5766=DIRECTION('center_axis',(0.,0.,1.));
#5767=DIRECTION('ref_axis',(0.707106781186522,-0.707106781186573,0.));
#5768=DIRECTION('center_axis',(-1.,0.,0.));
#5769=DIRECTION('ref_axis',(0.,0.,-1.));
#5770=DIRECTION('',(0.,1.4210854715202E-15,1.));
#5771=DIRECTION('',(0.,-1.,0.));
#5772=DIRECTION('center_axis',(1.,0.,0.));
#5773=DIRECTION('ref_axis',(0.,0.,1.));
#5774=DIRECTION('',(0.,-1.,0.));
#5775=DIRECTION('',(0.,-1.4210854715202E-15,-1.));
#5776=DIRECTION('center_axis',(0.,-1.,0.));
#5777=DIRECTION('ref_axis',(1.,0.,1.16573417585648E-13));
#5778=DIRECTION('',(0.,-1.,0.));
#5779=DIRECTION('center_axis',(0.,1.,-1.4210854715202E-15));
#5780=DIRECTION('ref_axis',(1.,0.,1.16573417585648E-13));
#5781=DIRECTION('center_axis',(2.67462815220961E-15,0.,-1.));
#5782=DIRECTION('ref_axis',(1.,0.,2.67462815220961E-15));
#5783=DIRECTION('',(0.,-1.,0.));
#5784=DIRECTION('',(-1.,-3.800875208824E-30,-2.67462815220961E-15));
#5785=DIRECTION('center_axis',(0.,-1.,0.));
#5786=DIRECTION('ref_axis',(0.,0.,-1.));
#5787=DIRECTION('center_axis',(0.,1.,-1.4210854715202E-15));
#5788=DIRECTION('ref_axis',(0.,0.,-1.));
#5789=DIRECTION('center_axis',(0.,0.,-1.));
#5790=DIRECTION('ref_axis',(-1.,0.,0.));
#5791=DIRECTION('',(0.,0.,-1.));
#5792=DIRECTION('center_axis',(0.,0.,-1.));
#5793=DIRECTION('ref_axis',(-1.,0.,0.));
#5794=DIRECTION('center_axis',(0.,0.,1.));
#5795=DIRECTION('ref_axis',(-1.,0.,0.));
#5796=DIRECTION('center_axis',(0.,0.,1.));
#5797=DIRECTION('ref_axis',(-1.,0.,0.));
#5798=DIRECTION('center_axis',(0.,0.,-1.));
#5799=DIRECTION('ref_axis',(-1.,0.,0.));
#5800=DIRECTION('',(0.,0.,-1.));
#5801=DIRECTION('center_axis',(0.,0.,-1.));
#5802=DIRECTION('ref_axis',(-1.,0.,0.));
#5803=DIRECTION('center_axis',(0.,0.,1.));
#5804=DIRECTION('ref_axis',(-1.,0.,0.));
#5805=DIRECTION('center_axis',(0.,0.,1.));
#5806=DIRECTION('ref_axis',(-1.,0.,0.));
#5807=DIRECTION('center_axis',(0.,0.,-1.));
#5808=DIRECTION('ref_axis',(-1.,0.,0.));
#5809=DIRECTION('',(0.,0.,-1.));
#5810=DIRECTION('center_axis',(0.,0.,-1.));
#5811=DIRECTION('ref_axis',(-1.,0.,0.));
#5812=DIRECTION('center_axis',(0.,0.,1.));
#5813=DIRECTION('ref_axis',(-1.,0.,0.));
#5814=DIRECTION('center_axis',(0.,0.,1.));
#5815=DIRECTION('ref_axis',(-1.,0.,0.));
#5816=DIRECTION('center_axis',(0.,0.,-1.));
#5817=DIRECTION('ref_axis',(-1.,0.,0.));
#5818=DIRECTION('',(0.,0.,-1.));
#5819=DIRECTION('center_axis',(0.,0.,-1.));
#5820=DIRECTION('ref_axis',(-1.,0.,0.));
#5821=DIRECTION('center_axis',(0.,0.,1.));
#5822=DIRECTION('ref_axis',(-1.,0.,0.));
#5823=DIRECTION('center_axis',(0.,0.,1.));
#5824=DIRECTION('ref_axis',(-1.,0.,0.));
#5825=DIRECTION('center_axis',(0.,0.,-1.));
#5826=DIRECTION('ref_axis',(-1.,0.,0.));
#5827=DIRECTION('',(0.,0.,-1.));
#5828=DIRECTION('center_axis',(0.,0.,-1.));
#5829=DIRECTION('ref_axis',(-1.,0.,0.));
#5830=DIRECTION('center_axis',(0.,0.,1.));
#5831=DIRECTION('ref_axis',(-1.,0.,0.));
#5832=DIRECTION('center_axis',(0.,0.,-1.));
#5833=DIRECTION('ref_axis',(-1.,0.,0.));
#5834=DIRECTION('',(0.,0.,-1.));
#5835=DIRECTION('center_axis',(0.,0.,-1.));
#5836=DIRECTION('ref_axis',(-1.,0.,0.));
#5837=DIRECTION('center_axis',(0.,0.,1.));
#5838=DIRECTION('ref_axis',(-1.,0.,0.));
#5839=DIRECTION('center_axis',(0.,0.,-1.));
#5840=DIRECTION('ref_axis',(-1.,0.,0.));
#5841=DIRECTION('',(0.,0.,-1.));
#5842=DIRECTION('center_axis',(0.,0.,-1.));
#5843=DIRECTION('ref_axis',(-1.,0.,0.));
#5844=DIRECTION('center_axis',(0.,0.,1.));
#5845=DIRECTION('ref_axis',(-1.,0.,0.));
#5846=DIRECTION('center_axis',(0.,0.,-1.));
#5847=DIRECTION('ref_axis',(-1.,0.,0.));
#5848=DIRECTION('',(0.,0.,-1.));
#5849=DIRECTION('center_axis',(0.,0.,-1.));
#5850=DIRECTION('ref_axis',(-1.,0.,0.));
#5851=DIRECTION('center_axis',(0.,0.,1.));
#5852=DIRECTION('ref_axis',(-1.,0.,0.));
#5853=DIRECTION('center_axis',(-1.,0.,0.));
#5854=DIRECTION('ref_axis',(0.,0.,1.));
#5855=DIRECTION('',(0.,1.,0.));
#5856=DIRECTION('center_axis',(1.,0.,0.));
#5857=DIRECTION('ref_axis',(0.,1.,-7.35522742854023E-16));
#5858=DIRECTION('',(0.,-1.,7.3722319495565E-16));
#5859=DIRECTION('',(0.,0.,1.));
#5860=DIRECTION('center_axis',(-1.,0.,0.));
#5861=DIRECTION('ref_axis',(0.,-1.,7.35522742854023E-16));
#5862=DIRECTION('',(0.,1.4210854715202E-15,1.));
#5863=DIRECTION('',(0.,1.,-7.3722319495565E-16));
#5864=DIRECTION('center_axis',(0.,-1.,1.4210854715202E-15));
#5865=DIRECTION('ref_axis',(1.,0.,0.));
#5866=DIRECTION('',(-1.,0.,0.));
#5867=DIRECTION('center_axis',(0.,7.3722319495565E-16,1.));
#5868=DIRECTION('ref_axis',(1.,0.,0.));
#5869=DIRECTION('center_axis',(0.,0.,-1.));
#5870=DIRECTION('ref_axis',(-1.,0.,0.));
#5871=DIRECTION('',(0.,0.,1.));
#5872=DIRECTION('',(1.,0.,0.));
#5873=CARTESIAN_POINT('',(0.,0.,0.));
#5874=CARTESIAN_POINT('',(0.,0.,0.));
#5875=CARTESIAN_POINT('Origin',(6.00000527501103,-125.01998588182,0.499600479360895));
#5876=CARTESIAN_POINT('',(6.00000527501103,-74.5000011175871,2.52039986993019));
#5877=CARTESIAN_POINT('',(6.00000527501103,-125.01998588182,0.499600479360895));
#5878=CARTESIAN_POINT('',(6.00000527501103,-129.802334172982,0.308306547714378));
#5879=CARTESIAN_POINT('',(1.00000527501103,-74.5000011175871,2.52039986993019));
#5880=CARTESIAN_POINT('',(6.00000527501103,-74.5000011175871,2.52039986993019));
#5881=CARTESIAN_POINT('',(1.00000527501103,-125.01998588182,0.499600479360895));
#5882=CARTESIAN_POINT('',(1.00000527501103,-125.01998588182,0.499600479360895));
#5883=CARTESIAN_POINT('',(6.00000527501103,-125.01998588182,0.499600479360895));
#5884=CARTESIAN_POINT('Origin',(6.00000527501103,-124.980017843471,-0.499600479360895));
#5885=CARTESIAN_POINT('',(6.00000527501103,-124.980017843471,-0.499600479360895));
#5886=CARTESIAN_POINT('',(6.00000527501103,-124.957661610324,-1.05850630803387));
#5887=CARTESIAN_POINT('',(1.00000527501103,-124.980017843471,-0.499600479360895));
#5888=CARTESIAN_POINT('',(1.00000527501103,-125.01998588182,0.499600479360895));
#5889=CARTESIAN_POINT('',(6.00000527501103,-124.980017843471,-0.499600479360895));
#5890=CARTESIAN_POINT('Origin',(6.00000527501103,-75.5000011175871,1.47960018967445));
#5891=CARTESIAN_POINT('',(6.00000527501103,-75.5000011175871,1.47960018967445));
#5892=CARTESIAN_POINT('',(6.00000527501103,-105.022357771692,0.298705923510261));
#5893=CARTESIAN_POINT('',(1.00000527501103,-75.5000011175871,1.47960018967445));
#5894=CARTESIAN_POINT('',(1.00000527501103,-124.980017843471,-0.499600479360895));
#5895=CARTESIAN_POINT('',(6.00000527501103,-75.5000011175871,1.47960018967445));
#5896=CARTESIAN_POINT('Origin',(6.00000527501103,-75.5000011175871,-2.51851231728658));
#5897=CARTESIAN_POINT('',(6.00000527501103,-75.5000011175871,-2.51851231728658));
#5898=CARTESIAN_POINT('',(6.00000527501103,-75.5000011175871,-2.25925615864324));
#5899=CARTESIAN_POINT('',(1.00000527501103,-75.5000011175871,-2.51851231728658));
#5900=CARTESIAN_POINT('',(1.00000527501103,-75.5000011175871,1.47960018967445));
#5901=CARTESIAN_POINT('',(6.00000527501103,-75.5000011175871,-2.51851231728658));
#5902=CARTESIAN_POINT('Origin',(6.00000527501103,-19.9818304889697,-0.499669748973216));
#5903=CARTESIAN_POINT('',(6.00000527501103,-19.9818304889697,-0.499669748973216));
#5904=CARTESIAN_POINT('',(6.00000527501103,-77.1925444252482,-2.58005934665607));
#5905=CARTESIAN_POINT('',(1.00000527501103,-19.9818304889697,-0.499669748973216));
#5906=CARTESIAN_POINT('',(1.00000527501103,-75.5000011175871,-2.51851231728658));
#5907=CARTESIAN_POINT('',(6.00000527501103,-19.9818304889697,-0.499669748973216));
#5908=CARTESIAN_POINT('Origin',(6.00000527501103,-20.0181701070768,0.499669748973216));
#5909=CARTESIAN_POINT('',(6.00000527501103,-20.0181701070768,0.499669748973216));
#5910=CARTESIAN_POINT('',(6.00000527501103,-20.0483720970112,1.33022447216907));
#5911=CARTESIAN_POINT('',(1.00000527501103,-20.0181701070768,0.499669748973216));
#5912=CARTESIAN_POINT('',(1.00000527501103,-20.0181701070768,0.499669748973216));
#5913=CARTESIAN_POINT('',(6.00000527501103,-20.0181701070768,0.499669748973216));
#5914=CARTESIAN_POINT('Origin',(6.00000527501103,-74.5000011175871,-1.48148774231807));
#5915=CARTESIAN_POINT('',(6.00000527501103,-74.5000011175871,-1.48148774231807));
#5916=CARTESIAN_POINT('',(6.00000527501103,-104.46979954861,-2.57129859435528));
#5917=CARTESIAN_POINT('',(1.00000527501103,-74.5000011175871,-1.48148774231807));
#5918=CARTESIAN_POINT('',(1.00000527501103,-74.5000011175871,-1.48148774231807));
#5919=CARTESIAN_POINT('',(6.00000527501103,-74.5000011175871,-1.48148774231807));
#5920=CARTESIAN_POINT('Origin',(6.00000527501103,-74.5000011175871,2.52039986993019));
#5921=CARTESIAN_POINT('',(6.00000527501103,-74.5000011175871,0.260199934965147));
#5922=CARTESIAN_POINT('',(1.00000527501103,-74.5000011175871,2.52039986993019));
#5923=CARTESIAN_POINT('Origin',(1.00000527501103,-72.5009081853946,0.000943776321808421));
#5924=CARTESIAN_POINT('Origin',(351.000005148351,-74.5000011175871,2.52039986993019));
#5925=CARTESIAN_POINT('',(351.000005148351,-125.01998588182,0.499600479360895));
#5926=CARTESIAN_POINT('',(351.000005148351,-74.5000011175871,2.52039986993019));
#5927=CARTESIAN_POINT('',(351.000005148351,-41.3933801927532,3.84466470692355));
#5928=CARTESIAN_POINT('',(356.000005148351,-125.01998588182,0.499600479360895));
#5929=CARTESIAN_POINT('',(351.000005148351,-125.01998588182,0.499600479360895));
#5930=CARTESIAN_POINT('',(356.000005148351,-74.5000011175871,2.52039986993019));
#5931=CARTESIAN_POINT('',(356.000005148351,-125.01998588182,0.499600479360895));
#5932=CARTESIAN_POINT('',(351.000005148351,-74.5000011175871,2.52039986993019));
#5933=CARTESIAN_POINT('Origin',(351.000005148351,-74.5000011175871,-1.44085880111327));
#5934=CARTESIAN_POINT('',(351.000005148351,-74.5000011175871,-1.44085880111327));
#5935=CARTESIAN_POINT('',(351.000005148351,-74.5000011175871,-1.72042940055663));
#5936=CARTESIAN_POINT('',(356.000005148351,-74.5000011175871,-1.44085880111327));
#5937=CARTESIAN_POINT('',(356.000005148351,-74.5000011175871,2.52039986993019));
#5938=CARTESIAN_POINT('',(351.000005148351,-74.5000011175871,-1.44085880111327));
#5939=CARTESIAN_POINT('Origin',(351.000005148351,-25.988519105733,0.499600479360895));
#5940=CARTESIAN_POINT('',(351.000005148351,-25.988519105733,0.499600479360895));
#5941=CARTESIAN_POINT('',(351.000005148351,-17.0585405711903,0.856799620742605));
#5942=CARTESIAN_POINT('',(356.000005148351,-25.988519105733,0.499600479360895));
#5943=CARTESIAN_POINT('',(356.000005148351,-74.5000011175871,-1.44085880111327));
#5944=CARTESIAN_POINT('',(351.000005148351,-25.988519105733,0.499600479360895));
#5945=CARTESIAN_POINT('Origin',(351.000005148351,-24.981563533409,-0.460920978001887));
#5946=CARTESIAN_POINT('',(351.000005148351,-24.981563533409,-0.460920978001887));
#5947=CARTESIAN_POINT('',(351.000005148351,-20.1515537893735,-5.06820269521782));
#5948=CARTESIAN_POINT('',(356.000005148351,-24.981563533409,-0.460920978001887));
#5949=CARTESIAN_POINT('',(356.000005148351,-24.981563533409,-0.460920978001887));
#5950=CARTESIAN_POINT('',(351.000005148351,-24.981563533409,-0.460920978001887));
#5951=CARTESIAN_POINT('Origin',(351.000005148351,-75.5000011175871,-2.48165848136901));
#5952=CARTESIAN_POINT('',(351.000005148351,-75.5000011175871,-2.48165848136901));
#5953=CARTESIAN_POINT('',(351.000005148351,-41.7942975579429,-1.13343033898324));
#5954=CARTESIAN_POINT('',(356.000005148351,-75.5000011175871,-2.48165848136901));
#5955=CARTESIAN_POINT('',(356.000005148351,-75.5000011175871,-2.48165848136901));
#5956=CARTESIAN_POINT('',(351.000005148351,-75.5000011175871,-2.48165848136901));
#5957=CARTESIAN_POINT('Origin',(351.000005148351,-75.5000011175871,1.47960018967445));
#5958=CARTESIAN_POINT('',(351.000005148351,-75.5000011175871,1.47960018967445));
#5959=CARTESIAN_POINT('',(351.000005148351,-75.5000011175871,-0.260199905162772));
#5960=CARTESIAN_POINT('',(356.000005148351,-75.5000011175871,1.47960018967445));
#5961=CARTESIAN_POINT('',(356.000005148351,-75.5000011175871,1.47960018967445));
#5962=CARTESIAN_POINT('',(351.000005148351,-75.5000011175871,1.47960018967445));
#5963=CARTESIAN_POINT('Origin',(351.000005148351,-124.980017843471,-0.499600479360895));
#5964=CARTESIAN_POINT('',(351.000005148351,-124.980017843471,-0.499600479360895));
#5965=CARTESIAN_POINT('',(351.000005148351,-66.6134045365205,1.83506405291711));
#5966=CARTESIAN_POINT('',(356.000005148351,-124.980017843471,-0.499600479360895));
#5967=CARTESIAN_POINT('',(356.000005148351,-124.980017843471,-0.499600479360895));
#5968=CARTESIAN_POINT('',(351.000005148351,-124.980017843471,-0.499600479360895));
#5969=CARTESIAN_POINT('Origin',(351.000005148351,-125.01998588182,0.499600479360895));
#5970=CARTESIAN_POINT('',(351.000005148351,-124.876607290941,-3.08486429259772));
#5971=CARTESIAN_POINT('',(356.000005148351,-125.01998588182,0.499600479360895));
#5972=CARTESIAN_POINT('Origin',(356.000005148351,-75.0007747076143,0.0193706942805899));
#5973=CARTESIAN_POINT('Origin',(339.900501347374,-136.000001959503,2.99503722001231));
#5974=CARTESIAN_POINT('',(340.000005066395,-131.500001959503,2.00000002980232));
#5975=CARTESIAN_POINT('',(339.900501347374,-131.500001959503,2.99503722001231));
#5976=CARTESIAN_POINT('',(340.175500733518,-131.500001959503,0.245043358571735));
#5977=CARTESIAN_POINT('',(340.000005066395,-136.000001959503,2.00000002980232));
#5978=CARTESIAN_POINT('',(340.000005066395,-136.000001959503,2.00000002980232));
#5979=CARTESIAN_POINT('',(339.900501347374,-136.000001959503,2.99503722001231));
#5980=CARTESIAN_POINT('',(340.190352218666,-136.000001959503,0.0965285070865891));
#5981=CARTESIAN_POINT('',(339.900501347374,-136.000001959503,2.99503722001231));
#5982=CARTESIAN_POINT('Origin',(301.000004470348,-136.000001959503,-0.895012467690235));
#5983=CARTESIAN_POINT('',(301.000004470348,-131.500001959503,-0.895012467690232));
#5984=CARTESIAN_POINT('',(322.975005423206,-131.500001959503,1.3024876275955));
#5985=CARTESIAN_POINT('',(301.000004470348,-136.000001959503,-0.895012467690232));
#5986=CARTESIAN_POINT('',(324.460153938057,-136.000001959503,1.45100247908065));
#5987=CARTESIAN_POINT('',(301.000004470348,-136.000001959503,-0.895012467690232));
#5988=CARTESIAN_POINT('Origin',(301.000004470348,-136.000001959503,3.10498759191441));
#5989=CARTESIAN_POINT('',(301.000004470348,-131.500001959503,3.10498759191441));
#5990=CARTESIAN_POINT('',(301.000004470348,-131.500001959503,0.552493795957252));
#5991=CARTESIAN_POINT('',(301.000004470348,-136.000001959503,3.10498759191441));
#5992=CARTESIAN_POINT('',(301.000004470348,-136.000001959503,0.552493795957256));
#5993=CARTESIAN_POINT('',(301.000004470348,-136.000001959503,3.10498759191441));
#5994=CARTESIAN_POINT('Origin',(261.000003874302,-136.000001959503,-0.895012467690232));
#5995=CARTESIAN_POINT('',(261.000003874302,-131.500001959503,-0.895012467690232));
#5996=CARTESIAN_POINT('',(302.776985320252,-131.500001959503,3.28268567690473));
#5997=CARTESIAN_POINT('',(261.000003874302,-136.000001959503,-0.895012467690232));
#5998=CARTESIAN_POINT('',(304.262133835103,-136.000001959503,3.43120052838988));
#5999=CARTESIAN_POINT('',(261.000003874302,-136.000001959503,-0.895012467690232));
#6000=CARTESIAN_POINT('Origin',(261.000003874302,-136.000001959503,3.10498759191441));
#6001=CARTESIAN_POINT('',(261.000003874302,-131.500001959503,3.10498759191441));
#6002=CARTESIAN_POINT('',(261.000003874302,-131.500001959503,0.552493795957252));
#6003=CARTESIAN_POINT('',(261.000003874302,-136.000001959503,3.10498759191441));
#6004=CARTESIAN_POINT('',(261.000003874302,-136.000001959503,0.552493795957256));
#6005=CARTESIAN_POINT('',(261.000003874302,-136.000001959503,3.10498759191441));
#6006=CARTESIAN_POINT('Origin',(221.000003278256,-136.000001959503,-0.895012467690232));
#6007=CARTESIAN_POINT('',(221.000003278256,-131.500001959503,-0.895012467690232));
#6008=CARTESIAN_POINT('',(282.578965217297,-131.500001959503,5.26288372621396));
#6009=CARTESIAN_POINT('',(221.000003278256,-136.000001959503,-0.895012467690232));
#6010=CARTESIAN_POINT('',(284.064113732149,-136.000001959503,5.41139857769911));
#6011=CARTESIAN_POINT('',(221.000003278256,-136.000001959503,-0.895012467690232));
#6012=CARTESIAN_POINT('Origin',(221.000003278256,-136.000001959503,3.10498759191441));
#6013=CARTESIAN_POINT('',(221.000003278256,-131.500001959503,3.10498759191441));
#6014=CARTESIAN_POINT('',(221.000003278256,-131.500001959503,0.552493795957252));
#6015=CARTESIAN_POINT('',(221.000003278256,-136.000001959503,3.10498759191441));
#6016=CARTESIAN_POINT('',(221.000003278256,-136.000001959503,0.552493795957256));
#6017=CARTESIAN_POINT('',(221.000003278256,-136.000001959503,3.10498759191441));
#6018=CARTESIAN_POINT('Origin',(181.000002682209,-136.000001959503,-0.895012467690232));
#6019=CARTESIAN_POINT('',(181.000002682209,-131.500001959503,-0.895012467690232));
#6020=CARTESIAN_POINT('',(262.380945114343,-131.500001959503,7.24308177552319));
#6021=CARTESIAN_POINT('',(181.000002682209,-136.000001959503,-0.895012467690232));
#6022=CARTESIAN_POINT('',(263.866093629195,-136.000001959503,7.39159662700834));
#6023=CARTESIAN_POINT('',(181.000002682209,-136.000001959503,-0.895012467690232));
#6024=CARTESIAN_POINT('Origin',(181.000002682209,-136.000001959503,3.10498759191441));
#6025=CARTESIAN_POINT('',(181.000002682209,-131.500001959503,3.10498759191441));
#6026=CARTESIAN_POINT('',(181.000002682209,-131.500001959503,0.552493795957252));
#6027=CARTESIAN_POINT('',(181.000002682209,-136.000001959503,3.10498759191441));
#6028=CARTESIAN_POINT('',(181.000002682209,-136.000001959503,0.552493795957256));
#6029=CARTESIAN_POINT('',(181.000002682209,-136.000001959503,3.10498759191441));
#6030=CARTESIAN_POINT('Origin',(141.000002086163,-136.000001959503,-0.895012467690234));
#6031=CARTESIAN_POINT('',(141.000002086163,-131.500001959503,-0.895012467690234));
#6032=CARTESIAN_POINT('',(242.182925011389,-131.500001959503,9.22327982483242));
#6033=CARTESIAN_POINT('',(141.000002086163,-136.000001959503,-0.895012467690234));
#6034=CARTESIAN_POINT('',(243.668073526241,-136.000001959503,9.37179467631757));
#6035=CARTESIAN_POINT('',(141.000002086163,-136.000001959503,-0.895012467690234));
#6036=CARTESIAN_POINT('Origin',(141.000002086163,-136.000001959503,3.10498759191441));
#6037=CARTESIAN_POINT('',(141.000002086163,-131.500001959503,3.10498759191441));
#6038=CARTESIAN_POINT('',(141.000002086163,-131.500001959503,0.552493795957251));
#6039=CARTESIAN_POINT('',(141.000002086163,-136.000001959503,3.10498759191441));
#6040=CARTESIAN_POINT('',(141.000002086163,-136.000001959503,0.552493795957255));
#6041=CARTESIAN_POINT('',(141.000002086163,-136.000001959503,3.10498759191441));
#6042=CARTESIAN_POINT('Origin',(101.000001490116,-136.000001959503,-0.895012467690234));
#6043=CARTESIAN_POINT('',(101.000001490116,-131.500001959503,-0.895012467690234));
#6044=CARTESIAN_POINT('',(221.984904908435,-131.500001959503,11.2034778741416));
#6045=CARTESIAN_POINT('',(101.000001490116,-136.000001959503,-0.895012467690234));
#6046=CARTESIAN_POINT('',(223.470053423286,-136.000001959503,11.3519927256268));
#6047=CARTESIAN_POINT('',(101.000001490116,-136.000001959503,-0.895012467690234));
#6048=CARTESIAN_POINT('Origin',(101.000001490116,-136.000001959503,3.10498759191441));
#6049=CARTESIAN_POINT('',(101.000001490116,-131.500001959503,3.10498759191441));
#6050=CARTESIAN_POINT('',(101.000001490116,-131.500001959503,0.552493795957251));
#6051=CARTESIAN_POINT('',(101.000001490116,-136.000001959503,3.10498759191441));
#6052=CARTESIAN_POINT('',(101.000001490116,-136.000001959503,0.552493795957255));
#6053=CARTESIAN_POINT('',(101.000001490116,-136.000001959503,3.10498759191441));
#6054=CARTESIAN_POINT('Origin',(61.0000008940697,-136.000001959503,-0.895012467690234));
#6055=CARTESIAN_POINT('',(61.0000008940697,-131.500001959503,-0.895012467690234));
#6056=CARTESIAN_POINT('',(201.786884805481,-131.500001959503,13.1836759234509));
#6057=CARTESIAN_POINT('',(61.0000008940697,-136.000001959503,-0.895012467690234));
#6058=CARTESIAN_POINT('',(203.272033320332,-136.000001959503,13.332190774936));
#6059=CARTESIAN_POINT('',(61.0000008940697,-136.000001959503,-0.895012467690234));
#6060=CARTESIAN_POINT('Origin',(61.0000008940697,-136.000001959503,3.10498759191441));
#6061=CARTESIAN_POINT('',(61.0000008940697,-131.500001959503,3.10498759191441));
#6062=CARTESIAN_POINT('',(61.0000008940697,-131.500001959503,0.552493795957251));
#6063=CARTESIAN_POINT('',(61.0000008940697,-136.000001959503,3.10498759191441));
#6064=CARTESIAN_POINT('',(61.0000008940697,-136.000001959503,0.552493795957255));
#6065=CARTESIAN_POINT('',(61.0000008940697,-136.000001959503,3.10498759191441));
#6066=CARTESIAN_POINT('Origin',(19.9004965790022,-136.000001959503,-1.00496283959233));
#6067=CARTESIAN_POINT('',(19.9004965790022,-131.500001959503,-1.00496283959233));
#6068=CARTESIAN_POINT('',(181.039112843016,-131.500001959503,15.1088987868091));
#6069=CARTESIAN_POINT('',(19.9004965790022,-136.000001959503,-1.00496283959233));
#6070=CARTESIAN_POINT('',(182.524261357868,-136.000001959503,15.2574136382942));
#6071=CARTESIAN_POINT('',(19.9004965790022,-136.000001959503,-1.00496283959233));
#6072=CARTESIAN_POINT('Origin',(20.0000002980232,-136.000001959503,-2.00000002980232));
#6073=CARTESIAN_POINT('',(20.0000002980232,-131.500001959503,-2.00000002980232));
#6074=CARTESIAN_POINT('',(21.6113864591732,-131.500001959503,-18.1138616413022));
#6075=CARTESIAN_POINT('',(20.0000002980232,-136.000001959503,-2.00000002980232));
#6076=CARTESIAN_POINT('',(21.6262379443217,-136.000001959503,-18.2623764927873));
#6077=CARTESIAN_POINT('',(20.0000002980232,-136.000001959503,-2.00000002980232));
#6078=CARTESIAN_POINT('Origin',(60.0000008940697,-136.000001959503,2.00000002980232));
#6079=CARTESIAN_POINT('',(60.0000008940697,-131.500001959503,2.00000002980232));
#6080=CARTESIAN_POINT('',(201.13861686006,-131.500001959503,16.1138616264014));
#6081=CARTESIAN_POINT('',(60.0000008940697,-136.000001959503,2.00000002980232));
#6082=CARTESIAN_POINT('',(202.623765374912,-136.000001959503,16.2623764778865));
#6083=CARTESIAN_POINT('',(60.0000008940697,-136.000001959503,2.00000002980232));
#6084=CARTESIAN_POINT('Origin',(60.0000008940697,-136.000001959503,-2.00000002980232));
#6085=CARTESIAN_POINT('',(60.0000008940697,-131.500001959503,-2.00000002980232));
#6086=CARTESIAN_POINT('',(60.0000008940697,-131.500001959503,-2.00000001490112));
#6087=CARTESIAN_POINT('',(60.0000008940697,-136.000001959503,-2.00000002980232));
#6088=CARTESIAN_POINT('',(60.0000008940697,-136.000001959503,-2.00000001490111));
#6089=CARTESIAN_POINT('',(60.0000008940697,-136.000001959503,-2.00000002980232));
#6090=CARTESIAN_POINT('Origin',(100.000001490116,-136.000001959503,2.00000002980232));
#6091=CARTESIAN_POINT('',(100.000001490116,-131.500001959503,2.00000002980232));
#6092=CARTESIAN_POINT('',(221.336636963015,-131.500001959503,14.1336635770922));
#6093=CARTESIAN_POINT('',(100.000001490116,-136.000001959503,2.00000002980232));
#6094=CARTESIAN_POINT('',(222.821785477866,-136.000001959503,14.2821784285773));
#6095=CARTESIAN_POINT('',(100.000001490116,-136.000001959503,2.00000002980232));
#6096=CARTESIAN_POINT('Origin',(100.000001490116,-136.000001959503,-2.00000002980232));
#6097=CARTESIAN_POINT('',(100.000001490116,-131.500001959503,-2.00000002980232));
#6098=CARTESIAN_POINT('',(100.000001490116,-131.500001959503,-2.00000001490112));
#6099=CARTESIAN_POINT('',(100.000001490116,-136.000001959503,-2.00000002980232));
#6100=CARTESIAN_POINT('',(100.000001490116,-136.000001959503,-2.00000001490111));
#6101=CARTESIAN_POINT('',(100.000001490116,-136.000001959503,-2.00000002980232));
#6102=CARTESIAN_POINT('Origin',(140.000002086163,-136.000001959503,2.00000002980232));
#6103=CARTESIAN_POINT('',(140.000002086163,-131.500001959503,2.00000002980232));
#6104=CARTESIAN_POINT('',(241.534657065969,-131.500001959503,12.1534655277829));
#6105=CARTESIAN_POINT('',(140.000002086163,-136.000001959503,2.00000002980232));
#6106=CARTESIAN_POINT('',(243.01980558082,-136.000001959503,12.3019803792681));
#6107=CARTESIAN_POINT('',(140.000002086163,-136.000001959503,2.00000002980232));
#6108=CARTESIAN_POINT('Origin',(140.000002086163,-136.000001959503,-2.00000002980232));
#6109=CARTESIAN_POINT('',(140.000002086163,-131.500001959503,-2.00000002980232));
#6110=CARTESIAN_POINT('',(140.000002086163,-131.500001959503,-2.00000001490112));
#6111=CARTESIAN_POINT('',(140.000002086163,-136.000001959503,-2.00000002980232));
#6112=CARTESIAN_POINT('',(140.000002086163,-136.000001959503,-2.00000001490111));
#6113=CARTESIAN_POINT('',(140.000002086163,-136.000001959503,-2.00000002980232));
#6114=CARTESIAN_POINT('Origin',(180.000002682209,-136.000001959503,2.00000002980232));
#6115=CARTESIAN_POINT('',(180.000002682209,-131.500001959503,2.00000002980232));
#6116=CARTESIAN_POINT('',(261.732677168923,-131.500001959503,10.1732674784737));
#6117=CARTESIAN_POINT('',(180.000002682209,-136.000001959503,2.00000002980232));
#6118=CARTESIAN_POINT('',(263.217825683774,-136.000001959503,10.3217823299589));
#6119=CARTESIAN_POINT('',(180.000002682209,-136.000001959503,2.00000002980232));
#6120=CARTESIAN_POINT('Origin',(180.000002682209,-136.000001959503,-2.00000002980232));
#6121=CARTESIAN_POINT('',(180.000002682209,-131.500001959503,-2.00000002980232));
#6122=CARTESIAN_POINT('',(180.000002682209,-131.500001959503,-2.00000001490112));
#6123=CARTESIAN_POINT('',(180.000002682209,-136.000001959503,-2.00000002980232));
#6124=CARTESIAN_POINT('',(180.000002682209,-136.000001959503,-2.00000001490111));
#6125=CARTESIAN_POINT('',(180.000002682209,-136.000001959503,-2.00000002980232));
#6126=CARTESIAN_POINT('Origin',(220.000003278255,-136.000001959503,2.00000002980232));
#6127=CARTESIAN_POINT('',(220.000003278255,-131.500001959503,2.00000002980232));
#6128=CARTESIAN_POINT('',(281.930697271877,-131.500001959503,8.19306942916447));
#6129=CARTESIAN_POINT('',(220.000003278255,-136.000001959503,2.00000002980232));
#6130=CARTESIAN_POINT('',(283.415845786728,-136.000001959503,8.34158428064962));
#6131=CARTESIAN_POINT('',(220.000003278255,-136.000001959503,2.00000002980232));
#6132=CARTESIAN_POINT('Origin',(220.000003278255,-136.000001959503,-2.00000002980232));
#6133=CARTESIAN_POINT('',(220.000003278255,-131.500001959503,-2.00000002980232));
#6134=CARTESIAN_POINT('',(220.000003278255,-131.500001959503,-2.00000001490112));
#6135=CARTESIAN_POINT('',(220.000003278255,-136.000001959503,-2.00000002980232));
#6136=CARTESIAN_POINT('',(220.000003278255,-136.000001959503,-2.00000001490111));
#6137=CARTESIAN_POINT('',(220.000003278255,-136.000001959503,-2.00000002980232));
#6138=CARTESIAN_POINT('Origin',(260.000003874302,-136.000001959503,2.00000002980232));
#6139=CARTESIAN_POINT('',(260.000003874302,-131.500001959503,2.00000002980232));
#6140=CARTESIAN_POINT('',(302.128717374831,-131.500001959503,6.21287137985524));
#6141=CARTESIAN_POINT('',(260.000003874302,-136.000001959503,2.00000002980232));
#6142=CARTESIAN_POINT('',(303.613865889683,-136.000001959503,6.36138623134039));
#6143=CARTESIAN_POINT('',(260.000003874302,-136.000001959503,2.00000002980232));
#6144=CARTESIAN_POINT('Origin',(260.000003874302,-136.000001959503,-2.00000002980232));
#6145=CARTESIAN_POINT('',(260.000003874302,-131.500001959503,-2.00000002980232));
#6146=CARTESIAN_POINT('',(260.000003874302,-131.500001959503,-2.00000001490112));
#6147=CARTESIAN_POINT('',(260.000003874302,-136.000001959503,-2.00000002980232));
#6148=CARTESIAN_POINT('',(260.000003874302,-136.000001959503,-2.00000001490111));
#6149=CARTESIAN_POINT('',(260.000003874302,-136.000001959503,-2.00000002980232));
#6150=CARTESIAN_POINT('Origin',(300.000004470348,-136.000001959503,2.00000002980232));
#6151=CARTESIAN_POINT('',(300.000004470348,-131.500001959503,2.00000002980232));
#6152=CARTESIAN_POINT('',(322.326737477785,-131.500001959503,4.23267333054601));
#6153=CARTESIAN_POINT('',(300.000004470348,-136.000001959503,2.00000002980232));
#6154=CARTESIAN_POINT('',(323.811885992637,-136.000001959503,4.38118818203116));
#6155=CARTESIAN_POINT('',(300.000004470348,-136.000001959503,2.00000002980232));
#6156=CARTESIAN_POINT('Origin',(300.000004470348,-136.000001959503,-2.00000002980232));
#6157=CARTESIAN_POINT('',(300.000004470348,-131.500001959503,-2.00000002980232));
#6158=CARTESIAN_POINT('',(300.000004470348,-131.500001959503,-2.00000001490112));
#6159=CARTESIAN_POINT('',(300.000004470348,-136.000001959503,-2.00000002980232));
#6160=CARTESIAN_POINT('',(300.000004470348,-136.000001959503,-2.00000001490111));
#6161=CARTESIAN_POINT('',(300.000004470348,-136.000001959503,-2.00000002980232));
#6162=CARTESIAN_POINT('Origin',(340.000005066395,-136.000001959503,2.00000002980232));
#6163=CARTESIAN_POINT('',(342.524757580739,-131.500001959503,2.25247528123678));
#6164=CARTESIAN_POINT('',(344.009906095591,-136.000001959503,2.40099013272193));
#6165=CARTESIAN_POINT('Origin',(345.500005148351,-131.500001959503,-1.9999999999999));
#6166=CARTESIAN_POINT('',(261.625005180016,-131.500001959503,-1.9999999999999));
#6167=CARTESIAN_POINT('Origin',(345.500005148351,-131.500001959503,-1.9999999999999));
#6168=CARTESIAN_POINT('',(261.625005180016,-131.500001959503,-1.9999999999999));
#6169=CARTESIAN_POINT('Origin',(345.500005148351,-131.500001959503,-1.9999999999999));
#6170=CARTESIAN_POINT('',(261.625005180016,-131.500001959503,-1.9999999999999));
#6171=CARTESIAN_POINT('Origin',(345.500005148351,-131.500001959503,-1.9999999999999));
#6172=CARTESIAN_POINT('',(261.625005180016,-131.500001959503,-1.9999999999999));
#6173=CARTESIAN_POINT('Origin',(345.500005148351,-131.500001959503,-1.9999999999999));
#6174=CARTESIAN_POINT('',(261.625005180016,-131.500001959503,-1.9999999999999));
#6175=CARTESIAN_POINT('Origin',(345.500005148351,-131.500001959503,-1.9999999999999));
#6176=CARTESIAN_POINT('',(261.625005180016,-131.500001959503,-1.9999999999999));
#6177=CARTESIAN_POINT('Origin',(345.500005148351,-131.500001959503,-1.9999999999999));
#6178=CARTESIAN_POINT('',(261.625005180016,-131.500001959503,-1.9999999999999));
#6179=CARTESIAN_POINT('Origin',(345.500005148351,-131.500001959503,-1.9999999999999));
#6180=CARTESIAN_POINT('',(11.5000001713634,-131.500001959503,-1.9999999999999));
#6181=CARTESIAN_POINT('',(261.625005180016,-131.500001959503,-1.9999999999999));
#6182=CARTESIAN_POINT('',(11.5000001713634,-131.500001959503,5.0000000000001));
#6183=CARTESIAN_POINT('',(11.5000001713634,-131.500001959503,4.5000000000001));
#6184=CARTESIAN_POINT('',(345.500005148351,-131.500001959503,5.0000000000001));
#6185=CARTESIAN_POINT('',(261.625005180016,-131.500001959503,5.0000000000001));
#6186=CARTESIAN_POINT('',(345.500005148351,-131.500001959503,-1.9999999999999));
#6187=CARTESIAN_POINT('',(345.500005148351,-131.500001959503,-1.9999999999999));
#6188=CARTESIAN_POINT('',(261.625005180016,-131.500001959503,-1.9999999999999));
#6189=CARTESIAN_POINT('Origin',(13.7796726357192,-136.000001959503,2.64597527682781));
#6190=CARTESIAN_POINT('',(13.7796726357192,-136.000001959503,2.64597527682781));
#6191=CARTESIAN_POINT('',(13.1800817977637,-136.000001959503,2.64597527682781));
#6192=CARTESIAN_POINT('',(181.139838892035,-136.000001959503,2.64597527682781));
#6193=CARTESIAN_POINT('',(13.7796726357192,-135.500001959503,2.64597527682781));
#6194=CARTESIAN_POINT('',(13.7796726357192,-136.000001959503,2.64597527682781));
#6195=CARTESIAN_POINT('',(13.1800817977637,-135.500001959503,2.64597527682781));
#6196=CARTESIAN_POINT('',(13.7796726357192,-135.500001959503,2.64597527682781));
#6197=CARTESIAN_POINT('',(13.1800817977637,-136.000001959503,2.64597527682781));
#6198=CARTESIAN_POINT('Ctrl Pts',(14.2360165249556,-136.000001959503,2.60300122201443));
#6199=CARTESIAN_POINT('Ctrl Pts',(14.2360165249556,-135.500001959503,2.60300122201443));
#6200=CARTESIAN_POINT('Ctrl Pts',(14.1759993688499,-136.000001959503,2.61541444124252));
#6201=CARTESIAN_POINT('Ctrl Pts',(14.1759993688499,-135.500001959503,2.61541444124252));
#6202=CARTESIAN_POINT('Ctrl Pts',(14.0256982826811,-136.000001959503,2.64650089141598));
#6203=CARTESIAN_POINT('Ctrl Pts',(14.0256982826811,-135.500001959503,2.64650089141598));
#6204=CARTESIAN_POINT('Ctrl Pts',(13.8719982620276,-136.000001959503,2.6461725233208));
#6205=CARTESIAN_POINT('Ctrl Pts',(13.8719982620276,-135.500001959503,2.6461725233208));
#6206=CARTESIAN_POINT('Ctrl Pts',(13.7796726357192,-136.000001959503,2.64597527682781));
#6207=CARTESIAN_POINT('Ctrl Pts',(13.7796726357192,-135.500001959503,2.64597527682781));
#6208=CARTESIAN_POINT('',(14.2360165249556,-136.000001959503,2.60300122201443));
#6209=CARTESIAN_POINT('Ctrl Pts',(14.2360165249556,-136.000001959503,2.60300122201443));
#6210=CARTESIAN_POINT('Ctrl Pts',(14.1759993688499,-136.000001959503,2.61541444124252));
#6211=CARTESIAN_POINT('Ctrl Pts',(14.0256982826811,-136.000001959503,2.64650089141598));
#6212=CARTESIAN_POINT('Ctrl Pts',(13.8719982620276,-136.000001959503,2.6461725233208));
#6213=CARTESIAN_POINT('Ctrl Pts',(13.7796726357192,-136.000001959503,2.64597527682781));
#6214=CARTESIAN_POINT('',(14.2360165249556,-135.500001959503,2.60300122201443));
#6215=CARTESIAN_POINT('',(14.2360165249556,-136.000001959503,2.60300122201443));
#6216=CARTESIAN_POINT('Ctrl Pts',(14.2360165249556,-135.500001959503,2.60300122201443));
#6217=CARTESIAN_POINT('Ctrl Pts',(14.1759993688499,-135.500001959503,2.61541444124252));
#6218=CARTESIAN_POINT('Ctrl Pts',(14.0256982826811,-135.500001959503,2.64650089141598));
#6219=CARTESIAN_POINT('Ctrl Pts',(13.8719982620276,-135.500001959503,2.6461725233208));
#6220=CARTESIAN_POINT('Ctrl Pts',(13.7796726357192,-135.500001959503,2.64597527682781));
#6221=CARTESIAN_POINT('Ctrl Pts',(14.4406547676772,-136.000001959503,2.44747616350651));
#6222=CARTESIAN_POINT('Ctrl Pts',(14.4406547676772,-135.500001959503,2.44747616350651));
#6223=CARTESIAN_POINT('Ctrl Pts',(14.4140456190096,-136.000001959503,2.48265961411819));
#6224=CARTESIAN_POINT('Ctrl Pts',(14.4140456190096,-135.500001959503,2.48265961411819));
#6225=CARTESIAN_POINT('Ctrl Pts',(14.3603934703936,-136.000001959503,2.55360016710696));
#6226=CARTESIAN_POINT('Ctrl Pts',(14.3603934703936,-135.500001959503,2.55360016710696));
#6227=CARTESIAN_POINT('Ctrl Pts',(14.277698407806,-136.000001959503,2.58644567005028));
#6228=CARTESIAN_POINT('Ctrl Pts',(14.277698407806,-135.500001959503,2.58644567005028));
#6229=CARTESIAN_POINT('Ctrl Pts',(14.2360165249556,-136.000001959503,2.60300122201443));
#6230=CARTESIAN_POINT('Ctrl Pts',(14.2360165249556,-135.500001959503,2.60300122201443));
#6231=CARTESIAN_POINT('',(14.4406547676772,-136.000001959503,2.44747616350651));
#6232=CARTESIAN_POINT('Ctrl Pts',(14.4406547676772,-136.000001959503,2.44747616350651));
#6233=CARTESIAN_POINT('Ctrl Pts',(14.4140456190096,-136.000001959503,2.48265961411819));
#6234=CARTESIAN_POINT('Ctrl Pts',(14.3603934703936,-136.000001959503,2.55360016710696));
#6235=CARTESIAN_POINT('Ctrl Pts',(14.277698407806,-136.000001959503,2.58644567005028));
#6236=CARTESIAN_POINT('Ctrl Pts',(14.2360165249556,-136.000001959503,2.60300122201443));
#6237=CARTESIAN_POINT('',(14.4406547676772,-135.500001959503,2.44747616350651));
#6238=CARTESIAN_POINT('',(14.4406547676772,-136.000001959503,2.44747616350651));
#6239=CARTESIAN_POINT('Ctrl Pts',(14.4406547676772,-135.500001959503,2.44747616350651));
#6240=CARTESIAN_POINT('Ctrl Pts',(14.4140456190096,-135.500001959503,2.48265961411819));
#6241=CARTESIAN_POINT('Ctrl Pts',(14.3603934703936,-135.500001959503,2.55360016710696));
#6242=CARTESIAN_POINT('Ctrl Pts',(14.277698407806,-135.500001959503,2.58644567005028));
#6243=CARTESIAN_POINT('Ctrl Pts',(14.2360165249556,-135.500001959503,2.60300122201443));
#6244=CARTESIAN_POINT('Ctrl Pts',(14.5122783910483,-136.000001959503,2.18553878366947));
#6245=CARTESIAN_POINT('Ctrl Pts',(14.5122783910483,-135.500001959503,2.18553878366947));
#6246=CARTESIAN_POINT('Ctrl Pts',(14.5096689139929,-136.000001959503,2.23319886910923));
#6247=CARTESIAN_POINT('Ctrl Pts',(14.5096689139929,-135.500001959503,2.23319886910923));
#6248=CARTESIAN_POINT('Ctrl Pts',(14.5046019948881,-136.000001959503,2.32574223788292));
#6249=CARTESIAN_POINT('Ctrl Pts',(14.5046019948881,-135.500001959503,2.32574223788292));
#6250=CARTESIAN_POINT('Ctrl Pts',(14.4615398105223,-136.000001959503,2.40771809481081));
#6251=CARTESIAN_POINT('Ctrl Pts',(14.4615398105223,-135.500001959503,2.40771809481081));
#6252=CARTESIAN_POINT('Ctrl Pts',(14.4406547676772,-136.000001959503,2.44747616350651));
#6253=CARTESIAN_POINT('Ctrl Pts',(14.4406547676772,-135.500001959503,2.44747616350651));
#6254=CARTESIAN_POINT('',(14.5122783910483,-136.000001959503,2.18553878366947));
#6255=CARTESIAN_POINT('Ctrl Pts',(14.5122783910483,-136.000001959503,2.18553878366947));
#6256=CARTESIAN_POINT('Ctrl Pts',(14.5096689139929,-136.000001959503,2.23319886910923));
#6257=CARTESIAN_POINT('Ctrl Pts',(14.5046019948881,-136.000001959503,2.32574223788292));
#6258=CARTESIAN_POINT('Ctrl Pts',(14.4615398105223,-136.000001959503,2.40771809481081));
#6259=CARTESIAN_POINT('Ctrl Pts',(14.4406547676772,-136.000001959503,2.44747616350651));
#6260=CARTESIAN_POINT('',(14.5122783910483,-135.500001959503,2.18553878366947));
#6261=CARTESIAN_POINT('',(14.5122783910483,-136.000001959503,2.18553878366947));
#6262=CARTESIAN_POINT('Ctrl Pts',(14.5122783910483,-135.500001959503,2.18553878366947));
#6263=CARTESIAN_POINT('Ctrl Pts',(14.5096689139929,-135.500001959503,2.23319886910923));
#6264=CARTESIAN_POINT('Ctrl Pts',(14.5046019948881,-135.500001959503,2.32574223788292));
#6265=CARTESIAN_POINT('Ctrl Pts',(14.4615398105223,-135.500001959503,2.40771809481081));
#6266=CARTESIAN_POINT('Ctrl Pts',(14.4406547676772,-135.500001959503,2.44747616350651));
#6267=CARTESIAN_POINT('Ctrl Pts',(14.4345157872885,-136.000001959503,1.92360155284405));
#6268=CARTESIAN_POINT('Ctrl Pts',(14.4345157872885,-135.500001959503,1.92360155284405));
#6269=CARTESIAN_POINT('Ctrl Pts',(14.4571802327497,-136.000001959503,1.96183705206914));
#6270=CARTESIAN_POINT('Ctrl Pts',(14.4571802327497,-135.500001959503,1.96183705206914));
#6271=CARTESIAN_POINT('Ctrl Pts',(14.504967756813,-136.000001959503,2.04245582751758));
#6272=CARTESIAN_POINT('Ctrl Pts',(14.504967756813,-135.500001959503,2.04245582751758));
#6273=CARTESIAN_POINT('Ctrl Pts',(14.5097593385126,-136.000001959503,2.13623615520909));
#6274=CARTESIAN_POINT('Ctrl Pts',(14.5097593385126,-135.500001959503,2.13623615520909));
#6275=CARTESIAN_POINT('Ctrl Pts',(14.5122783910483,-136.000001959503,2.18553878366947));
#6276=CARTESIAN_POINT('Ctrl Pts',(14.5122783910483,-135.500001959503,2.18553878366947));
#6277=CARTESIAN_POINT('',(14.4345157872885,-136.000001959503,1.92360155284405));
#6278=CARTESIAN_POINT('Ctrl Pts',(14.4345157872885,-136.000001959503,1.92360155284405));
#6279=CARTESIAN_POINT('Ctrl Pts',(14.4571802327497,-136.000001959503,1.96183705206914));
#6280=CARTESIAN_POINT('Ctrl Pts',(14.504967756813,-136.000001959503,2.04245582751758));
#6281=CARTESIAN_POINT('Ctrl Pts',(14.5097593385126,-136.000001959503,2.13623615520909));
#6282=CARTESIAN_POINT('Ctrl Pts',(14.5122783910483,-136.000001959503,2.18553878366947));
#6283=CARTESIAN_POINT('',(14.4345157872885,-135.500001959503,1.92360155284405));
#6284=CARTESIAN_POINT('',(14.4345157872885,-136.000001959503,1.92360155284405));
#6285=CARTESIAN_POINT('Ctrl Pts',(14.4345157872885,-135.500001959503,1.92360155284405));
#6286=CARTESIAN_POINT('Ctrl Pts',(14.4571802327497,-135.500001959503,1.96183705206914));
#6287=CARTESIAN_POINT('Ctrl Pts',(14.504967756813,-135.500001959503,2.04245582751758));
#6288=CARTESIAN_POINT('Ctrl Pts',(14.5097593385126,-135.500001959503,2.13623615520909));
#6289=CARTESIAN_POINT('Ctrl Pts',(14.5122783910483,-135.500001959503,2.18553878366947));
#6290=CARTESIAN_POINT('Ctrl Pts',(14.2073669563979,-136.000001959503,1.77421547472477));
#6291=CARTESIAN_POINT('Ctrl Pts',(14.2073669563979,-135.500001959503,1.77421547472477));
#6292=CARTESIAN_POINT('Ctrl Pts',(14.2538973002497,-136.000001959503,1.79064639615238));
#6293=CARTESIAN_POINT('Ctrl Pts',(14.2538973002497,-135.500001959503,1.79064639615238));
#6294=CARTESIAN_POINT('Ctrl Pts',(14.3421211085962,-136.000001959503,1.82180022702892));
#6295=CARTESIAN_POINT('Ctrl Pts',(14.3421211085962,-135.500001959503,1.82180022702892));
#6296=CARTESIAN_POINT('Ctrl Pts',(14.4048641930755,-136.000001959503,1.89093114751175));
#6297=CARTESIAN_POINT('Ctrl Pts',(14.4048641930755,-135.500001959503,1.89093114751175));
#6298=CARTESIAN_POINT('Ctrl Pts',(14.4345157872885,-136.000001959503,1.92360155284405));
#6299=CARTESIAN_POINT('Ctrl Pts',(14.4345157872885,-135.500001959503,1.92360155284405));
#6300=CARTESIAN_POINT('',(14.2073669563979,-136.000001959503,1.77421547472477));
#6301=CARTESIAN_POINT('Ctrl Pts',(14.2073669563979,-136.000001959503,1.77421547472477));
#6302=CARTESIAN_POINT('Ctrl Pts',(14.2538973002497,-136.000001959503,1.79064639615238));
#6303=CARTESIAN_POINT('Ctrl Pts',(14.3421211085962,-136.000001959503,1.82180022702892));
#6304=CARTESIAN_POINT('Ctrl Pts',(14.4048641930755,-136.000001959503,1.89093114751175));
#6305=CARTESIAN_POINT('Ctrl Pts',(14.4345157872885,-136.000001959503,1.92360155284405));
#6306=CARTESIAN_POINT('',(14.2073669563979,-135.500001959503,1.77421547472477));
#6307=CARTESIAN_POINT('',(14.2073669563979,-136.000001959503,1.77421547472477));
#6308=CARTESIAN_POINT('Ctrl Pts',(14.2073669563979,-135.500001959503,1.77421547472477));
#6309=CARTESIAN_POINT('Ctrl Pts',(14.2538973002497,-135.500001959503,1.79064639615238));
#6310=CARTESIAN_POINT('Ctrl Pts',(14.3421211085962,-135.500001959503,1.82180022702892));
#6311=CARTESIAN_POINT('Ctrl Pts',(14.4048641930755,-135.500001959503,1.89093114751175));
#6312=CARTESIAN_POINT('Ctrl Pts',(14.4345157872885,-135.500001959503,1.92360155284405));
#6313=CARTESIAN_POINT('Ctrl Pts',(13.8287856709212,-136.000001959503,1.73942692577839));
#6314=CARTESIAN_POINT('Ctrl Pts',(13.8287856709212,-135.500001959503,1.73942692577839));
#6315=CARTESIAN_POINT('Ctrl Pts',(13.9046395525231,-136.000001959503,1.73938030328608));
#6316=CARTESIAN_POINT('Ctrl Pts',(13.9046395525231,-135.500001959503,1.73938030328608));
#6317=CARTESIAN_POINT('Ctrl Pts',(14.0320543066667,-136.000001959503,1.73930198964847));
#6318=CARTESIAN_POINT('Ctrl Pts',(14.0320543066667,-135.500001959503,1.73930198964847));
#6319=CARTESIAN_POINT('Ctrl Pts',(14.1568613464713,-136.000001959503,1.76415729089637));
#6320=CARTESIAN_POINT('Ctrl Pts',(14.1568613464713,-135.500001959503,1.76415729089637));
#6321=CARTESIAN_POINT('Ctrl Pts',(14.2073669563979,-136.000001959503,1.77421547472477));
#6322=CARTESIAN_POINT('Ctrl Pts',(14.2073669563979,-135.500001959503,1.77421547472477));
#6323=CARTESIAN_POINT('',(13.8287856709212,-136.000001959503,1.73942692577839));
#6324=CARTESIAN_POINT('Ctrl Pts',(13.8287856709212,-136.000001959503,1.73942692577839));
#6325=CARTESIAN_POINT('Ctrl Pts',(13.9046395525231,-136.000001959503,1.73938030328608));
#6326=CARTESIAN_POINT('Ctrl Pts',(14.0320543066667,-136.000001959503,1.73930198964847));
#6327=CARTESIAN_POINT('Ctrl Pts',(14.1568613464713,-136.000001959503,1.76415729089637));
#6328=CARTESIAN_POINT('Ctrl Pts',(14.2073669563979,-136.000001959503,1.77421547472477));
#6329=CARTESIAN_POINT('',(13.8287856709212,-135.500001959503,1.73942692577839));
#6330=CARTESIAN_POINT('',(13.8287856709212,-136.000001959503,1.73942692577839));
#6331=CARTESIAN_POINT('Ctrl Pts',(13.8287856709212,-135.500001959503,1.73942692577839));
#6332=CARTESIAN_POINT('Ctrl Pts',(13.9046395525231,-135.500001959503,1.73938030328608));
#6333=CARTESIAN_POINT('Ctrl Pts',(14.0320543066667,-135.500001959503,1.73930198964847));
#6334=CARTESIAN_POINT('Ctrl Pts',(14.1568613464713,-135.500001959503,1.76415729089637));
#6335=CARTESIAN_POINT('Ctrl Pts',(14.2073669563979,-135.500001959503,1.77421547472477));
#6336=CARTESIAN_POINT('Origin',(13.1800817977637,-136.000001959503,1.73942692577839));
#6337=CARTESIAN_POINT('',(13.1800817977637,-136.000001959503,1.73942692577839));
#6338=CARTESIAN_POINT('',(180.840043473057,-136.000001959503,1.73942692577839));
#6339=CARTESIAN_POINT('',(13.1800817977637,-135.500001959503,1.73942692577839));
#6340=CARTESIAN_POINT('',(13.1800817977637,-136.000001959503,1.73942692577839));
#6341=CARTESIAN_POINT('',(13.1800817977637,-135.500001959503,1.73942692577839));
#6342=CARTESIAN_POINT('Origin',(13.1800817977637,-136.000001959503,2.64597527682781));
#6343=CARTESIAN_POINT('',(13.1800817977637,-136.000001959503,0.322987638413956));
#6344=CARTESIAN_POINT('',(13.1800817977637,-135.500001959503,2.64597527682781));
#6345=CARTESIAN_POINT('Origin',(13.873806251213,-136.000001959503,1.38540245592594));
#6346=CARTESIAN_POINT('',(13.873806251213,-136.000001959503,1.38540245592594));
#6347=CARTESIAN_POINT('',(13.1800817977637,-136.000001959503,1.38540245592594));
#6348=CARTESIAN_POINT('',(181.186905699782,-136.000001959503,1.38540245592594));
#6349=CARTESIAN_POINT('',(13.873806251213,-135.500001959503,1.38540245592594));
#6350=CARTESIAN_POINT('',(13.873806251213,-136.000001959503,1.38540245592594));
#6351=CARTESIAN_POINT('',(13.1800817977637,-135.500001959503,1.38540245592594));
#6352=CARTESIAN_POINT('',(13.873806251213,-135.500001959503,1.38540245592594));
#6353=CARTESIAN_POINT('',(13.1800817977637,-136.000001959503,1.38540245592594));
#6354=CARTESIAN_POINT('Ctrl Pts',(14.311732603237,-136.000001959503,1.33424274623394));
#6355=CARTESIAN_POINT('Ctrl Pts',(14.311732603237,-135.500001959503,1.33424274623394));
#6356=CARTESIAN_POINT('Ctrl Pts',(14.2502631127559,-136.000001959503,1.349086473029));
#6357=CARTESIAN_POINT('Ctrl Pts',(14.2502631127559,-135.500001959503,1.349086473029));
#6358=CARTESIAN_POINT('Ctrl Pts',(14.1065491499662,-136.000001959503,1.38379069431972));
#6359=CARTESIAN_POINT('Ctrl Pts',(14.1065491499662,-135.500001959503,1.38379069431972));
#6360=CARTESIAN_POINT('Ctrl Pts',(13.9585201362388,-136.000001959503,1.38481580607269));
#6361=CARTESIAN_POINT('Ctrl Pts',(13.9585201362388,-135.500001959503,1.38481580607269));
#6362=CARTESIAN_POINT('Ctrl Pts',(13.873806251213,-136.000001959503,1.38540245592594));
#6363=CARTESIAN_POINT('Ctrl Pts',(13.873806251213,-135.500001959503,1.38540245592594));
#6364=CARTESIAN_POINT('',(14.311732603237,-136.000001959503,1.33424274623394));
#6365=CARTESIAN_POINT('Ctrl Pts',(14.311732603237,-136.000001959503,1.33424274623394));
#6366=CARTESIAN_POINT('Ctrl Pts',(14.2502631127559,-136.000001959503,1.349086473029));
#6367=CARTESIAN_POINT('Ctrl Pts',(14.1065491499662,-136.000001959503,1.38379069431972));
#6368=CARTESIAN_POINT('Ctrl Pts',(13.9585201362388,-136.000001959503,1.38481580607269));
#6369=CARTESIAN_POINT('Ctrl Pts',(13.873806251213,-136.000001959503,1.38540245592594));
#6370=CARTESIAN_POINT('',(14.311732603237,-135.500001959503,1.33424274623394));
#6371=CARTESIAN_POINT('',(14.311732603237,-136.000001959503,1.33424274623394));
#6372=CARTESIAN_POINT('Ctrl Pts',(14.311732603237,-135.500001959503,1.33424274623394));
#6373=CARTESIAN_POINT('Ctrl Pts',(14.2502631127559,-135.500001959503,1.349086473029));
#6374=CARTESIAN_POINT('Ctrl Pts',(14.1065491499662,-135.500001959503,1.38379069431972));
#6375=CARTESIAN_POINT('Ctrl Pts',(13.9585201362388,-135.500001959503,1.38481580607269));
#6376=CARTESIAN_POINT('Ctrl Pts',(13.873806251213,-135.500001959503,1.38540245592594));
#6377=CARTESIAN_POINT('Ctrl Pts',(14.5511596929282,-136.000001959503,1.16030000150204));
#6378=CARTESIAN_POINT('Ctrl Pts',(14.5511596929282,-135.500001959503,1.16030000150204));
#6379=CARTESIAN_POINT('Ctrl Pts',(14.5192834384943,-136.000001959503,1.19888498987507));
#6380=CARTESIAN_POINT('Ctrl Pts',(14.5192834384943,-135.500001959503,1.19888498987507));
#6381=CARTESIAN_POINT('Ctrl Pts',(14.4544525445381,-136.000001959503,1.27736031057802));
#6382=CARTESIAN_POINT('Ctrl Pts',(14.4544525445381,-135.500001959503,1.27736031057802));
#6383=CARTESIAN_POINT('Ctrl Pts',(14.3598305585368,-136.000001959503,1.31507283330811));
#6384=CARTESIAN_POINT('Ctrl Pts',(14.3598305585368,-135.500001959503,1.31507283330811));
#6385=CARTESIAN_POINT('Ctrl Pts',(14.311732603237,-136.000001959503,1.33424274623394));
#6386=CARTESIAN_POINT('Ctrl Pts',(14.311732603237,-135.500001959503,1.33424274623394));
#6387=CARTESIAN_POINT('',(14.5511596929282,-136.000001959503,1.16030000150204));
#6388=CARTESIAN_POINT('Ctrl Pts',(14.5511596929282,-136.000001959503,1.16030000150204));
#6389=CARTESIAN_POINT('Ctrl Pts',(14.5192834384943,-136.000001959503,1.19888498987507));
#6390=CARTESIAN_POINT('Ctrl Pts',(14.4544525445381,-136.000001959503,1.27736031057802));
#6391=CARTESIAN_POINT('Ctrl Pts',(14.3598305585368,-136.000001959503,1.31507283330811));
#6392=CARTESIAN_POINT('Ctrl Pts',(14.311732603237,-136.000001959503,1.33424274623394));
#6393=CARTESIAN_POINT('',(14.5511596929282,-135.500001959503,1.16030000150204));
#6394=CARTESIAN_POINT('',(14.5511596929282,-136.000001959503,1.16030000150204));
#6395=CARTESIAN_POINT('Ctrl Pts',(14.5511596929282,-135.500001959503,1.16030000150204));
#6396=CARTESIAN_POINT('Ctrl Pts',(14.5192834384943,-135.500001959503,1.19888498987507));
#6397=CARTESIAN_POINT('Ctrl Pts',(14.4544525445381,-135.500001959503,1.27736031057802));
#6398=CARTESIAN_POINT('Ctrl Pts',(14.3598305585368,-135.500001959503,1.31507283330811));
#6399=CARTESIAN_POINT('Ctrl Pts',(14.311732603237,-135.500001959503,1.33424274623394));
#6400=CARTESIAN_POINT('Ctrl Pts',(14.637107802555,-136.000001959503,0.869713351130486));
#6401=CARTESIAN_POINT('Ctrl Pts',(14.637107802555,-135.500001959503,0.869713351130486));
#6402=CARTESIAN_POINT('Ctrl Pts',(14.6339803553248,-136.000001959503,0.923110463572978));
#6403=CARTESIAN_POINT('Ctrl Pts',(14.6339803553248,-135.500001959503,0.923110463572978));
#6404=CARTESIAN_POINT('Ctrl Pts',(14.6279091921343,-136.000001959503,1.02676771489877));
#6405=CARTESIAN_POINT('Ctrl Pts',(14.6279091921343,-135.500001959503,1.02676771489877));
#6406=CARTESIAN_POINT('Ctrl Pts',(14.5762214516033,-136.000001959503,1.11669640829553));
#6407=CARTESIAN_POINT('Ctrl Pts',(14.5762214516033,-135.500001959503,1.11669640829553));
#6408=CARTESIAN_POINT('Ctrl Pts',(14.5511596929282,-136.000001959503,1.16030000150204));
#6409=CARTESIAN_POINT('Ctrl Pts',(14.5511596929282,-135.500001959503,1.16030000150204));
#6410=CARTESIAN_POINT('',(14.637107802555,-136.000001959503,0.869713351130486));
#6411=CARTESIAN_POINT('Ctrl Pts',(14.637107802555,-136.000001959503,0.869713351130486));
#6412=CARTESIAN_POINT('Ctrl Pts',(14.6339803553248,-136.000001959503,0.923110463572978));
#6413=CARTESIAN_POINT('Ctrl Pts',(14.6279091921343,-136.000001959503,1.02676771489877));
#6414=CARTESIAN_POINT('Ctrl Pts',(14.5762214516033,-136.000001959503,1.11669640829553));
#6415=CARTESIAN_POINT('Ctrl Pts',(14.5511596929282,-136.000001959503,1.16030000150204));
#6416=CARTESIAN_POINT('',(14.637107802555,-135.500001959503,0.869713351130486));
#6417=CARTESIAN_POINT('',(14.637107802555,-136.000001959503,0.869713351130486));
#6418=CARTESIAN_POINT('Ctrl Pts',(14.637107802555,-135.500001959503,0.869713351130486));
#6419=CARTESIAN_POINT('Ctrl Pts',(14.6339803553248,-135.500001959503,0.923110463572978));
#6420=CARTESIAN_POINT('Ctrl Pts',(14.6279091921343,-135.500001959503,1.02676771489877));
#6421=CARTESIAN_POINT('Ctrl Pts',(14.5762214516033,-135.500001959503,1.11669640829553));
#6422=CARTESIAN_POINT('Ctrl Pts',(14.5511596929282,-135.500001959503,1.16030000150204));
#6423=CARTESIAN_POINT('Ctrl Pts',(14.5777627360076,-136.000001959503,0.615961775183678));
#6424=CARTESIAN_POINT('Ctrl Pts',(14.5777627360076,-135.500001959503,0.615961775183678));
#6425=CARTESIAN_POINT('Ctrl Pts',(14.5950659960286,-136.000001959503,0.654936874870783));
#6426=CARTESIAN_POINT('Ctrl Pts',(14.5950659960286,-135.500001959503,0.654936874870783));
#6427=CARTESIAN_POINT('Ctrl Pts',(14.6309164280369,-136.000001959503,0.735688950470996));
#6428=CARTESIAN_POINT('Ctrl Pts',(14.6309164280369,-135.500001959503,0.735688950470996));
#6429=CARTESIAN_POINT('Ctrl Pts',(14.6349968182544,-136.000001959503,0.824016970647923));
#6430=CARTESIAN_POINT('Ctrl Pts',(14.6349968182544,-135.500001959503,0.824016970647923));
#6431=CARTESIAN_POINT('Ctrl Pts',(14.637107802555,-136.000001959503,0.869713351130486));
#6432=CARTESIAN_POINT('Ctrl Pts',(14.637107802555,-135.500001959503,0.869713351130486));
#6433=CARTESIAN_POINT('',(14.5777627360076,-136.000001959503,0.615961775183678));
#6434=CARTESIAN_POINT('Ctrl Pts',(14.5777627360076,-136.000001959503,0.615961775183678));
#6435=CARTESIAN_POINT('Ctrl Pts',(14.5950659960286,-136.000001959503,0.654936874870783));
#6436=CARTESIAN_POINT('Ctrl Pts',(14.6309164280369,-136.000001959503,0.735688950470996));
#6437=CARTESIAN_POINT('Ctrl Pts',(14.6349968182544,-136.000001959503,0.824016970647923));
#6438=CARTESIAN_POINT('Ctrl Pts',(14.637107802555,-136.000001959503,0.869713351130486));
#6439=CARTESIAN_POINT('',(14.5777627360076,-135.500001959503,0.615961775183678));
#6440=CARTESIAN_POINT('',(14.5777627360076,-136.000001959503,0.615961775183678));
#6441=CARTESIAN_POINT('Ctrl Pts',(14.5777627360076,-135.500001959503,0.615961775183678));
#6442=CARTESIAN_POINT('Ctrl Pts',(14.5950659960286,-135.500001959503,0.654936874870783));
#6443=CARTESIAN_POINT('Ctrl Pts',(14.6309164280369,-135.500001959503,0.735688950470996));
#6444=CARTESIAN_POINT('Ctrl Pts',(14.6349968182544,-135.500001959503,0.824016970647923));
#6445=CARTESIAN_POINT('Ctrl Pts',(14.637107802555,-135.500001959503,0.869713351130486));
#6446=CARTESIAN_POINT('Ctrl Pts',(14.4263302814215,-136.000001959503,0.450204536318779));
#6447=CARTESIAN_POINT('Ctrl Pts',(14.4263302814215,-135.500001959503,0.450204536318779));
#6448=CARTESIAN_POINT('Ctrl Pts',(14.4559757537823,-136.000001959503,0.472020336809703));
#6449=CARTESIAN_POINT('Ctrl Pts',(14.4559757537823,-135.500001959503,0.472020336809703));
#6450=CARTESIAN_POINT('Ctrl Pts',(14.5173756144325,-136.000001959503,0.517203867495794));
#6451=CARTESIAN_POINT('Ctrl Pts',(14.5173756144325,-135.500001959503,0.517203867495794));
#6452=CARTESIAN_POINT('Ctrl Pts',(14.5571779948068,-136.000001959503,0.582297213630432));
#6453=CARTESIAN_POINT('Ctrl Pts',(14.5571779948068,-135.500001959503,0.582297213630432));
#6454=CARTESIAN_POINT('Ctrl Pts',(14.5777627360076,-136.000001959503,0.615961775183678));
#6455=CARTESIAN_POINT('Ctrl Pts',(14.5777627360076,-135.500001959503,0.615961775183678));
#6456=CARTESIAN_POINT('',(14.4263302814215,-136.000001959503,0.450204536318779));
#6457=CARTESIAN_POINT('Ctrl Pts',(14.4263302814215,-136.000001959503,0.450204536318779));
#6458=CARTESIAN_POINT('Ctrl Pts',(14.4559757537823,-136.000001959503,0.472020336809703));
#6459=CARTESIAN_POINT('Ctrl Pts',(14.5173756144325,-136.000001959503,0.517203867495794));
#6460=CARTESIAN_POINT('Ctrl Pts',(14.5571779948068,-136.000001959503,0.582297213630432));
#6461=CARTESIAN_POINT('Ctrl Pts',(14.5777627360076,-136.000001959503,0.615961775183678));
#6462=CARTESIAN_POINT('',(14.4263302814215,-135.500001959503,0.450204536318779));
#6463=CARTESIAN_POINT('',(14.4263302814215,-136.000001959503,0.450204536318779));
#6464=CARTESIAN_POINT('Ctrl Pts',(14.4263302814215,-135.500001959503,0.450204536318779));
#6465=CARTESIAN_POINT('Ctrl Pts',(14.4559757537823,-135.500001959503,0.472020336809703));
#6466=CARTESIAN_POINT('Ctrl Pts',(14.5173756144325,-135.500001959503,0.517203867495794));
#6467=CARTESIAN_POINT('Ctrl Pts',(14.5571779948068,-135.500001959503,0.582297213630432));
#6468=CARTESIAN_POINT('Ctrl Pts',(14.5777627360076,-135.500001959503,0.615961775183678));
#6469=CARTESIAN_POINT('Ctrl Pts',(14.1971349250525,-136.000001959503,0.368349179625511));
#6470=CARTESIAN_POINT('Ctrl Pts',(14.1971349250525,-135.500001959503,0.368349179625511));
#6471=CARTESIAN_POINT('Ctrl Pts',(14.2398305941975,-136.000001959503,0.377217184973374));
#6472=CARTESIAN_POINT('Ctrl Pts',(14.2398305941975,-135.500001959503,0.377217184973374));
#6473=CARTESIAN_POINT('Ctrl Pts',(14.3200926290576,-136.000001959503,0.393887825547059));
#6474=CARTESIAN_POINT('Ctrl Pts',(14.3200926290576,-135.500001959503,0.393887825547059));
#6475=CARTESIAN_POINT('Ctrl Pts',(14.3924593090419,-136.000001959503,0.432249492013728));
#6476=CARTESIAN_POINT('Ctrl Pts',(14.3924593090419,-135.500001959503,0.432249492013728));
#6477=CARTESIAN_POINT('Ctrl Pts',(14.4263302814215,-136.000001959503,0.450204536318779));
#6478=CARTESIAN_POINT('Ctrl Pts',(14.4263302814215,-135.500001959503,0.450204536318779));
#6479=CARTESIAN_POINT('',(14.1971349250525,-136.000001959503,0.368349179625511));
#6480=CARTESIAN_POINT('Ctrl Pts',(14.1971349250525,-136.000001959503,0.368349179625511));
#6481=CARTESIAN_POINT('Ctrl Pts',(14.2398305941975,-136.000001959503,0.377217184973374));
#6482=CARTESIAN_POINT('Ctrl Pts',(14.3200926290576,-136.000001959503,0.393887825547059));
#6483=CARTESIAN_POINT('Ctrl Pts',(14.3924593090419,-136.000001959503,0.432249492013728));
#6484=CARTESIAN_POINT('Ctrl Pts',(14.4263302814215,-136.000001959503,0.450204536318779));
#6485=CARTESIAN_POINT('',(14.1971349250525,-135.500001959503,0.368349179625511));
#6486=CARTESIAN_POINT('',(14.1971349250525,-136.000001959503,0.368349179625511));
#6487=CARTESIAN_POINT('Ctrl Pts',(14.1971349250525,-135.500001959503,0.368349179625511));
#6488=CARTESIAN_POINT('Ctrl Pts',(14.2398305941975,-135.500001959503,0.377217184973374));
#6489=CARTESIAN_POINT('Ctrl Pts',(14.3200926290576,-135.500001959503,0.393887825547059));
#6490=CARTESIAN_POINT('Ctrl Pts',(14.3924593090419,-135.500001959503,0.432249492013728));
#6491=CARTESIAN_POINT('Ctrl Pts',(14.4263302814215,-135.500001959503,0.450204536318779));
#6492=CARTESIAN_POINT('Ctrl Pts',(13.9270123373717,-136.000001959503,0.354024395346642));
#6493=CARTESIAN_POINT('Ctrl Pts',(13.9270123373717,-135.500001959503,0.354024395346642));
#6494=CARTESIAN_POINT('Ctrl Pts',(13.9816621322211,-136.000001959503,0.353920742450533));
#6495=CARTESIAN_POINT('Ctrl Pts',(13.9816621322211,-135.500001959503,0.353920742450533));
#6496=CARTESIAN_POINT('Ctrl Pts',(14.0720063177628,-136.000001959503,0.35374938889827));
#6497=CARTESIAN_POINT('Ctrl Pts',(14.0720063177628,-135.500001959503,0.35374938889827));
#6498=CARTESIAN_POINT('Ctrl Pts',(14.161698239485,-136.000001959503,0.364214488090469));
#6499=CARTESIAN_POINT('Ctrl Pts',(14.161698239485,-135.500001959503,0.364214488090469));
#6500=CARTESIAN_POINT('Ctrl Pts',(14.1971349250525,-136.000001959503,0.368349179625511));
#6501=CARTESIAN_POINT('Ctrl Pts',(14.1971349250525,-135.500001959503,0.368349179625511));
#6502=CARTESIAN_POINT('',(13.9270123373717,-136.000001959503,0.354024395346642));
#6503=CARTESIAN_POINT('Ctrl Pts',(13.9270123373717,-136.000001959503,0.354024395346642));
#6504=CARTESIAN_POINT('Ctrl Pts',(13.9816621322211,-136.000001959503,0.353920742450533));
#6505=CARTESIAN_POINT('Ctrl Pts',(14.0720063177628,-136.000001959503,0.35374938889827));
#6506=CARTESIAN_POINT('Ctrl Pts',(14.161698239485,-136.000001959503,0.364214488090469));
#6507=CARTESIAN_POINT('Ctrl Pts',(14.1971349250525,-136.000001959503,0.368349179625511));
#6508=CARTESIAN_POINT('',(13.9270123373717,-135.500001959503,0.354024395346642));
#6509=CARTESIAN_POINT('',(13.9270123373717,-136.000001959503,0.354024395346642));
#6510=CARTESIAN_POINT('Ctrl Pts',(13.9270123373717,-135.500001959503,0.354024395346642));
#6511=CARTESIAN_POINT('Ctrl Pts',(13.9816621322211,-135.500001959503,0.353920742450533));
#6512=CARTESIAN_POINT('Ctrl Pts',(14.0720063177628,-135.500001959503,0.35374938889827));
#6513=CARTESIAN_POINT('Ctrl Pts',(14.161698239485,-135.500001959503,0.364214488090469));
#6514=CARTESIAN_POINT('Ctrl Pts',(14.1971349250525,-135.500001959503,0.368349179625511));
#6515=CARTESIAN_POINT('Origin',(13.1800817977637,-136.000001959503,0.354024395346642));
#6516=CARTESIAN_POINT('',(13.1800817977637,-136.000001959503,0.354024395346642));
#6517=CARTESIAN_POINT('',(180.840043473057,-136.000001959503,0.354024395346642));
#6518=CARTESIAN_POINT('',(13.1800817977637,-135.500001959503,0.354024395346642));
#6519=CARTESIAN_POINT('',(13.1800817977637,-136.000001959503,0.354024395346642));
#6520=CARTESIAN_POINT('',(13.1800817977637,-135.500001959503,0.354024395346642));
#6521=CARTESIAN_POINT('Origin',(13.1800817977637,-136.000001959503,1.38540245592594));
#6522=CARTESIAN_POINT('',(13.1800817977637,-136.000001959503,-0.30729877203698));
#6523=CARTESIAN_POINT('',(13.1800817977637,-135.500001959503,1.38540245592594));
#6524=CARTESIAN_POINT('Ctrl Pts',(14.4099589716643,-136.000001959503,0.0491132587194443));
#6525=CARTESIAN_POINT('Ctrl Pts',(14.4099589716643,-135.500001959503,0.0491132587194443));
#6526=CARTESIAN_POINT('Ctrl Pts',(14.3371871750716,-136.000001959503,0.0348168972798751));
#6527=CARTESIAN_POINT('Ctrl Pts',(14.3371871750716,-135.500001959503,0.0348168972798751));
#6528=CARTESIAN_POINT('Ctrl Pts',(14.177803258697,-136.000001959503,0.00350517786612381));
#6529=CARTESIAN_POINT('Ctrl Pts',(14.177803258697,-135.500001959503,0.00350517786612381));
#6530=CARTESIAN_POINT('Ctrl Pts',(14.0153126760984,-136.000001959503,0.00123408090192678));
#6531=CARTESIAN_POINT('Ctrl Pts',(14.0153126760984,-135.500001959503,0.00123408090192678));
#6532=CARTESIAN_POINT('Ctrl Pts',(13.9270123373717,-136.000001959503,-7.45058059692383E-8));
#6533=CARTESIAN_POINT('Ctrl Pts',(13.9270123373717,-135.500001959503,-7.45058059692383E-8));
#6534=CARTESIAN_POINT('',(14.4099589716643,-136.000001959503,0.0491132587194443));
#6535=CARTESIAN_POINT('',(13.9270123373717,-136.000001959503,-7.45058059692383E-8));
#6536=CARTESIAN_POINT('Ctrl Pts',(14.4099589716643,-136.000001959503,0.0491132587194443));
#6537=CARTESIAN_POINT('Ctrl Pts',(14.3371871750716,-136.000001959503,0.0348168972798751));
#6538=CARTESIAN_POINT('Ctrl Pts',(14.177803258697,-136.000001959503,0.00350517786612381));
#6539=CARTESIAN_POINT('Ctrl Pts',(14.0153126760984,-136.000001959503,0.00123408090192678));
#6540=CARTESIAN_POINT('Ctrl Pts',(13.9270123373717,-136.000001959503,-7.45058059692383E-8));
#6541=CARTESIAN_POINT('',(14.4099589716643,-135.500001959503,0.0491132587194443));
#6542=CARTESIAN_POINT('',(14.4099589716643,-136.000001959503,0.0491132587194443));
#6543=CARTESIAN_POINT('',(13.9270123373717,-135.500001959503,-7.45058059692383E-8));
#6544=CARTESIAN_POINT('Ctrl Pts',(14.4099589716643,-135.500001959503,0.0491132587194443));
#6545=CARTESIAN_POINT('Ctrl Pts',(14.3371871750716,-135.500001959503,0.0348168972798751));
#6546=CARTESIAN_POINT('Ctrl Pts',(14.177803258697,-135.500001959503,0.00350517786612381));
#6547=CARTESIAN_POINT('Ctrl Pts',(14.0153126760984,-135.500001959503,0.00123408090192678));
#6548=CARTESIAN_POINT('Ctrl Pts',(13.9270123373717,-135.500001959503,-7.45058059692383E-8));
#6549=CARTESIAN_POINT('',(13.9270123373717,-136.000001959503,-7.45058059692383E-8));
#6550=CARTESIAN_POINT('Ctrl Pts',(14.7394269239157,-136.000001959503,0.19849918782711));
#6551=CARTESIAN_POINT('Ctrl Pts',(14.7394269239157,-135.500001959503,0.19849918782711));
#6552=CARTESIAN_POINT('Ctrl Pts',(14.6912414381732,-136.000001959503,0.167292978249657));
#6553=CARTESIAN_POINT('Ctrl Pts',(14.6912414381732,-135.500001959503,0.167292978249657));
#6554=CARTESIAN_POINT('Ctrl Pts',(14.5889811666152,-136.000001959503,0.10106649082271));
#6555=CARTESIAN_POINT('Ctrl Pts',(14.5889811666152,-135.500001959503,0.10106649082271));
#6556=CARTESIAN_POINT('Ctrl Pts',(14.4718810191617,-136.000001959503,0.0670833797249687));
#6557=CARTESIAN_POINT('Ctrl Pts',(14.4718810191617,-135.500001959503,0.0670833797249687));
#6558=CARTESIAN_POINT('Ctrl Pts',(14.4099589716643,-136.000001959503,0.0491132587194443));
#6559=CARTESIAN_POINT('Ctrl Pts',(14.4099589716643,-135.500001959503,0.0491132587194443));
#6560=CARTESIAN_POINT('',(14.7394269239157,-136.000001959503,0.19849918782711));
#6561=CARTESIAN_POINT('Ctrl Pts',(14.7394269239157,-136.000001959503,0.19849918782711));
#6562=CARTESIAN_POINT('Ctrl Pts',(14.6912414381732,-136.000001959503,0.167292978249657));
#6563=CARTESIAN_POINT('Ctrl Pts',(14.5889811666152,-136.000001959503,0.10106649082271));
#6564=CARTESIAN_POINT('Ctrl Pts',(14.4718810191617,-136.000001959503,0.0670833797249687));
#6565=CARTESIAN_POINT('Ctrl Pts',(14.4099589716643,-136.000001959503,0.0491132587194443));
#6566=CARTESIAN_POINT('',(14.7394269239157,-135.500001959503,0.19849918782711));
#6567=CARTESIAN_POINT('',(14.7394269239157,-136.000001959503,0.19849918782711));
#6568=CARTESIAN_POINT('Ctrl Pts',(14.7394269239157,-135.500001959503,0.19849918782711));
#6569=CARTESIAN_POINT('Ctrl Pts',(14.6912414381732,-135.500001959503,0.167292978249657));
#6570=CARTESIAN_POINT('Ctrl Pts',(14.5889811666152,-135.500001959503,0.10106649082271));
#6571=CARTESIAN_POINT('Ctrl Pts',(14.4718810191617,-135.500001959503,0.0670833797249687));
#6572=CARTESIAN_POINT('Ctrl Pts',(14.4099589716643,-135.500001959503,0.0491132587194443));
#6573=CARTESIAN_POINT('Ctrl Pts',(14.9583902489394,-136.000001959503,0.476807579398155));
#6574=CARTESIAN_POINT('Ctrl Pts',(14.9583902489394,-135.500001959503,0.476807579398155));
#6575=CARTESIAN_POINT('Ctrl Pts',(14.9285322747192,-136.000001959503,0.421167051893832));
#6576=CARTESIAN_POINT('Ctrl Pts',(14.9285322747192,-135.500001959503,0.421167051893832));
#6577=CARTESIAN_POINT('Ctrl Pts',(14.8717985422622,-136.000001959503,0.315443375601406));
#6578=CARTESIAN_POINT('Ctrl Pts',(14.8717985422622,-135.500001959503,0.315443375601406));
#6579=CARTESIAN_POINT('Ctrl Pts',(14.7819769691627,-136.000001959503,0.236090180090618));
#6580=CARTESIAN_POINT('Ctrl Pts',(14.7819769691627,-135.500001959503,0.236090180090618));
#6581=CARTESIAN_POINT('Ctrl Pts',(14.7394269239157,-136.000001959503,0.19849918782711));
#6582=CARTESIAN_POINT('Ctrl Pts',(14.7394269239157,-135.500001959503,0.19849918782711));
#6583=CARTESIAN_POINT('',(14.9583902489394,-136.000001959503,0.476807579398155));
#6584=CARTESIAN_POINT('Ctrl Pts',(14.9583902489394,-136.000001959503,0.476807579398155));
#6585=CARTESIAN_POINT('Ctrl Pts',(14.9285322747192,-136.000001959503,0.421167051893832));
#6586=CARTESIAN_POINT('Ctrl Pts',(14.8717985422622,-136.000001959503,0.315443375601406));
#6587=CARTESIAN_POINT('Ctrl Pts',(14.7819769691627,-136.000001959503,0.236090180090618));
#6588=CARTESIAN_POINT('Ctrl Pts',(14.7394269239157,-136.000001959503,0.19849918782711));
#6589=CARTESIAN_POINT('',(14.9583902489394,-135.500001959503,0.476807579398155));
#6590=CARTESIAN_POINT('',(14.9583902489394,-136.000001959503,0.476807579398155));
#6591=CARTESIAN_POINT('Ctrl Pts',(14.9583902489394,-135.500001959503,0.476807579398155));
#6592=CARTESIAN_POINT('Ctrl Pts',(14.9285322747192,-135.500001959503,0.421167051893832));
#6593=CARTESIAN_POINT('Ctrl Pts',(14.8717985422622,-135.500001959503,0.315443375601406));
#6594=CARTESIAN_POINT('Ctrl Pts',(14.7819769691627,-135.500001959503,0.236090180090618));
#6595=CARTESIAN_POINT('Ctrl Pts',(14.7394269239157,-135.500001959503,0.19849918782711));
#6596=CARTESIAN_POINT('Ctrl Pts',(15.0484314095229,-136.000001959503,0.869713351130486));
#6597=CARTESIAN_POINT('Ctrl Pts',(15.0484314095229,-135.500001959503,0.869713351130486));
#6598=CARTESIAN_POINT('Ctrl Pts',(15.0448252318208,-136.000001959503,0.800943936769137));
#6599=CARTESIAN_POINT('Ctrl Pts',(15.0448252318208,-135.500001959503,0.800943936769137));
#6600=CARTESIAN_POINT('Ctrl Pts',(15.0376811711322,-136.000001959503,0.664707480802321));
#6601=CARTESIAN_POINT('Ctrl Pts',(15.0376811711322,-135.500001959503,0.664707480802321));
#6602=CARTESIAN_POINT('Ctrl Pts',(14.9846515748875,-136.000001959503,0.539040435567941));
#6603=CARTESIAN_POINT('Ctrl Pts',(14.9846515748875,-135.500001959503,0.539040435567941));
#6604=CARTESIAN_POINT('Ctrl Pts',(14.9583902489394,-136.000001959503,0.476807579398155));
#6605=CARTESIAN_POINT('Ctrl Pts',(14.9583902489394,-135.500001959503,0.476807579398155));
#6606=CARTESIAN_POINT('',(15.0484314095229,-136.000001959503,0.869713351130486));
#6607=CARTESIAN_POINT('Ctrl Pts',(15.0484314095229,-136.000001959503,0.869713351130486));
#6608=CARTESIAN_POINT('Ctrl Pts',(15.0448252318208,-136.000001959503,0.800943936769137));
#6609=CARTESIAN_POINT('Ctrl Pts',(15.0376811711322,-136.000001959503,0.664707480802321));
#6610=CARTESIAN_POINT('Ctrl Pts',(14.9846515748875,-136.000001959503,0.539040435567941));
#6611=CARTESIAN_POINT('Ctrl Pts',(14.9583902489394,-136.000001959503,0.476807579398155));
#6612=CARTESIAN_POINT('',(15.0484314095229,-135.500001959503,0.869713351130486));
#6613=CARTESIAN_POINT('',(15.0484314095229,-136.000001959503,0.869713351130486));
#6614=CARTESIAN_POINT('Ctrl Pts',(15.0484314095229,-135.500001959503,0.869713351130486));
#6615=CARTESIAN_POINT('Ctrl Pts',(15.0448252318208,-135.500001959503,0.800943936769137));
#6616=CARTESIAN_POINT('Ctrl Pts',(15.0376811711322,-135.500001959503,0.664707480802321));
#6617=CARTESIAN_POINT('Ctrl Pts',(14.9846515748875,-135.500001959503,0.539040435567941));
#6618=CARTESIAN_POINT('Ctrl Pts',(14.9583902489394,-135.500001959503,0.476807579398155));
#6619=CARTESIAN_POINT('Ctrl Pts',(14.9010914098471,-136.000001959503,1.32401086390018));
#6620=CARTESIAN_POINT('Ctrl Pts',(14.9010914098471,-135.500001959503,1.32401086390018));
#6621=CARTESIAN_POINT('Ctrl Pts',(14.9440601881074,-136.000001959503,1.25610626023756));
#6622=CARTESIAN_POINT('Ctrl Pts',(14.9440601881074,-135.500001959503,1.25610626023756));
#6623=CARTESIAN_POINT('Ctrl Pts',(15.0318497715655,-136.000001959503,1.11737024977137));
#6624=CARTESIAN_POINT('Ctrl Pts',(15.0318497715655,-135.500001959503,1.11737024977137));
#6625=CARTESIAN_POINT('Ctrl Pts',(15.0428270042249,-136.000001959503,0.953418570023179));
#6626=CARTESIAN_POINT('Ctrl Pts',(15.0428270042249,-135.500001959503,0.953418570023179));
#6627=CARTESIAN_POINT('Ctrl Pts',(15.0484314095229,-136.000001959503,0.869713351130486));
#6628=CARTESIAN_POINT('Ctrl Pts',(15.0484314095229,-135.500001959503,0.869713351130486));
#6629=CARTESIAN_POINT('',(14.9010914098471,-136.000001959503,1.32401086390018));
#6630=CARTESIAN_POINT('Ctrl Pts',(14.9010914098471,-136.000001959503,1.32401086390018));
#6631=CARTESIAN_POINT('Ctrl Pts',(14.9440601881074,-136.000001959503,1.25610626023756));
#6632=CARTESIAN_POINT('Ctrl Pts',(15.0318497715655,-136.000001959503,1.11737024977137));
#6633=CARTESIAN_POINT('Ctrl Pts',(15.0428270042249,-136.000001959503,0.953418570023179));
#6634=CARTESIAN_POINT('Ctrl Pts',(15.0484314095229,-136.000001959503,0.869713351130486));
#6635=CARTESIAN_POINT('',(14.9010914098471,-135.500001959503,1.32401086390018));
#6636=CARTESIAN_POINT('',(14.9010914098471,-136.000001959503,1.32401086390018));
#6637=CARTESIAN_POINT('Ctrl Pts',(14.9010914098471,-135.500001959503,1.32401086390018));
#6638=CARTESIAN_POINT('Ctrl Pts',(14.9440601881074,-135.500001959503,1.25610626023756));
#6639=CARTESIAN_POINT('Ctrl Pts',(15.0318497715655,-135.500001959503,1.11737024977137));
#6640=CARTESIAN_POINT('Ctrl Pts',(15.0428270042249,-135.500001959503,0.953418570023179));
#6641=CARTESIAN_POINT('Ctrl Pts',(15.0484314095229,-135.500001959503,0.869713351130486));
#6642=CARTESIAN_POINT('Ctrl Pts',(14.4836288224906,-136.000001959503,1.59617997705936));
#6643=CARTESIAN_POINT('Ctrl Pts',(14.4836288224906,-135.500001959503,1.59617997705936));
#6644=CARTESIAN_POINT('Ctrl Pts',(14.5678869183991,-136.000001959503,1.56640066194639));
#6645=CARTESIAN_POINT('Ctrl Pts',(14.5678869183991,-135.500001959503,1.56640066194639));
#6646=CARTESIAN_POINT('Ctrl Pts',(14.7293347691571,-136.000001959503,1.50934019351075));
#6647=CARTESIAN_POINT('Ctrl Pts',(14.7293347691571,-135.500001959503,1.50934019351075));
#6648=CARTESIAN_POINT('Ctrl Pts',(14.8455349817021,-136.000001959503,1.38395751599067));
#6649=CARTESIAN_POINT('Ctrl Pts',(14.8455349817021,-135.500001959503,1.38395751599067));
#6650=CARTESIAN_POINT('Ctrl Pts',(14.9010914098471,-136.000001959503,1.32401086390018));
#6651=CARTESIAN_POINT('Ctrl Pts',(14.9010914098471,-135.500001959503,1.32401086390018));
#6652=CARTESIAN_POINT('',(14.4836288224906,-136.000001959503,1.59617997705936));
#6653=CARTESIAN_POINT('Ctrl Pts',(14.4836288224906,-136.000001959503,1.59617997705936));
#6654=CARTESIAN_POINT('Ctrl Pts',(14.5678869183991,-136.000001959503,1.56640066194639));
#6655=CARTESIAN_POINT('Ctrl Pts',(14.7293347691571,-136.000001959503,1.50934019351075));
#6656=CARTESIAN_POINT('Ctrl Pts',(14.8455349817021,-136.000001959503,1.38395751599067));
#6657=CARTESIAN_POINT('Ctrl Pts',(14.9010914098471,-136.000001959503,1.32401086390018));
#6658=CARTESIAN_POINT('',(14.4836288224906,-135.500001959503,1.59617997705936));
#6659=CARTESIAN_POINT('',(14.4836288224906,-136.000001959503,1.59617997705936));
#6660=CARTESIAN_POINT('Ctrl Pts',(14.4836288224906,-135.500001959503,1.59617997705936));
#6661=CARTESIAN_POINT('Ctrl Pts',(14.5678869183991,-135.500001959503,1.56640066194639));
#6662=CARTESIAN_POINT('Ctrl Pts',(14.7293347691571,-135.500001959503,1.50934019351075));
#6663=CARTESIAN_POINT('Ctrl Pts',(14.8455349817021,-135.500001959503,1.38395751599067));
#6664=CARTESIAN_POINT('Ctrl Pts',(14.9010914098471,-135.500001959503,1.32401086390018));
#6665=CARTESIAN_POINT('Ctrl Pts',(14.7987722884864,-136.000001959503,1.87039561569691));
#6666=CARTESIAN_POINT('Ctrl Pts',(14.7987722884864,-135.500001959503,1.87039561569691));
#6667=CARTESIAN_POINT('Ctrl Pts',(14.7581258212736,-136.000001959503,1.81582035673061));
#6668=CARTESIAN_POINT('Ctrl Pts',(14.7581258212736,-135.500001959503,1.81582035673061));
#6669=CARTESIAN_POINT('Ctrl Pts',(14.6731143761865,-136.000001959503,1.70167706338024));
#6670=CARTESIAN_POINT('Ctrl Pts',(14.6731143761865,-135.500001959503,1.70167706338024));
#6671=CARTESIAN_POINT('Ctrl Pts',(14.5486060587195,-136.000001959503,1.63235639771852));
#6672=CARTESIAN_POINT('Ctrl Pts',(14.5486060587195,-135.500001959503,1.63235639771852));
#6673=CARTESIAN_POINT('Ctrl Pts',(14.4836288224906,-136.000001959503,1.59617997705936));
#6674=CARTESIAN_POINT('Ctrl Pts',(14.4836288224906,-135.500001959503,1.59617997705936));
#6675=CARTESIAN_POINT('',(14.7987722884864,-136.000001959503,1.87039561569691));
#6676=CARTESIAN_POINT('Ctrl Pts',(14.7987722884864,-136.000001959503,1.87039561569691));
#6677=CARTESIAN_POINT('Ctrl Pts',(14.7581258212736,-136.000001959503,1.81582035673061));
#6678=CARTESIAN_POINT('Ctrl Pts',(14.6731143761865,-136.000001959503,1.70167706338024));
#6679=CARTESIAN_POINT('Ctrl Pts',(14.5486060587195,-136.000001959503,1.63235639771852));
#6680=CARTESIAN_POINT('Ctrl Pts',(14.4836288224906,-136.000001959503,1.59617997705936));
#6681=CARTESIAN_POINT('',(14.7987722884864,-135.500001959503,1.87039561569691));
#6682=CARTESIAN_POINT('',(14.7987722884864,-136.000001959503,1.87039561569691));
#6683=CARTESIAN_POINT('Ctrl Pts',(14.7987722884864,-135.500001959503,1.87039561569691));
#6684=CARTESIAN_POINT('Ctrl Pts',(14.7581258212736,-135.500001959503,1.81582035673061));
#6685=CARTESIAN_POINT('Ctrl Pts',(14.6731143761865,-135.500001959503,1.70167706338024));
#6686=CARTESIAN_POINT('Ctrl Pts',(14.5486060587195,-135.500001959503,1.63235639771852));
#6687=CARTESIAN_POINT('Ctrl Pts',(14.4836288224906,-135.500001959503,1.59617997705936));
#6688=CARTESIAN_POINT('Ctrl Pts',(14.9031379353255,-136.000001959503,2.23260574042797));
#6689=CARTESIAN_POINT('Ctrl Pts',(14.9031379353255,-135.500001959503,2.23260574042797));
#6690=CARTESIAN_POINT('Ctrl Pts',(14.898627361092,-136.000001959503,2.16916126433667));
#6691=CARTESIAN_POINT('Ctrl Pts',(14.898627361092,-135.500001959503,2.16916126433667));
#6692=CARTESIAN_POINT('Ctrl Pts',(14.8895201630926,-136.000001959503,2.04106196348827));
#6693=CARTESIAN_POINT('Ctrl Pts',(14.8895201630926,-135.500001959503,2.04106196348827));
#6694=CARTESIAN_POINT('Ctrl Pts',(14.8292115224655,-136.000001959503,1.92764161639195));
#6695=CARTESIAN_POINT('Ctrl Pts',(14.8292115224655,-135.500001959503,1.92764161639195));
#6696=CARTESIAN_POINT('Ctrl Pts',(14.7987722884864,-136.000001959503,1.87039561569691));
#6697=CARTESIAN_POINT('Ctrl Pts',(14.7987722884864,-135.500001959503,1.87039561569691));
#6698=CARTESIAN_POINT('',(14.9031379353255,-136.000001959503,2.23260574042797));
#6699=CARTESIAN_POINT('Ctrl Pts',(14.9031379353255,-136.000001959503,2.23260574042797));
#6700=CARTESIAN_POINT('Ctrl Pts',(14.898627361092,-136.000001959503,2.16916126433667));
#6701=CARTESIAN_POINT('Ctrl Pts',(14.8895201630926,-136.000001959503,2.04106196348827));
#6702=CARTESIAN_POINT('Ctrl Pts',(14.8292115224655,-136.000001959503,1.92764161639195));
#6703=CARTESIAN_POINT('Ctrl Pts',(14.7987722884864,-136.000001959503,1.87039561569691));
#6704=CARTESIAN_POINT('',(14.9031379353255,-135.500001959503,2.23260574042797));
#6705=CARTESIAN_POINT('',(14.9031379353255,-136.000001959503,2.23260574042797));
#6706=CARTESIAN_POINT('Ctrl Pts',(14.9031379353255,-135.500001959503,2.23260574042797));
#6707=CARTESIAN_POINT('Ctrl Pts',(14.898627361092,-135.500001959503,2.16916126433667));
#6708=CARTESIAN_POINT('Ctrl Pts',(14.8895201630926,-135.500001959503,2.04106196348827));
#6709=CARTESIAN_POINT('Ctrl Pts',(14.8292115224655,-135.500001959503,1.92764161639195));
#6710=CARTESIAN_POINT('Ctrl Pts',(14.7987722884864,-135.500001959503,1.87039561569691));
#6711=CARTESIAN_POINT('Ctrl Pts',(14.7844475042075,-136.000001959503,2.62755803763866));
#6712=CARTESIAN_POINT('Ctrl Pts',(14.7844475042075,-135.500001959503,2.62755803763866));
#6713=CARTESIAN_POINT('Ctrl Pts',(14.819061624293,-136.000001959503,2.56473720529438));
#6714=CARTESIAN_POINT('Ctrl Pts',(14.819061624293,-135.500001959503,2.56473720529438));
#6715=CARTESIAN_POINT('Ctrl Pts',(14.8869575857028,-136.000001959503,2.44151348046653));
#6716=CARTESIAN_POINT('Ctrl Pts',(14.8869575857028,-135.500001959503,2.44151348046653));
#6717=CARTESIAN_POINT('Ctrl Pts',(14.897815504771,-136.000001959503,2.30132470908998));
#6718=CARTESIAN_POINT('Ctrl Pts',(14.897815504771,-135.500001959503,2.30132470908998));
#6719=CARTESIAN_POINT('Ctrl Pts',(14.9031379353255,-136.000001959503,2.23260574042797));
#6720=CARTESIAN_POINT('Ctrl Pts',(14.9031379353255,-135.500001959503,2.23260574042797));
#6721=CARTESIAN_POINT('',(14.7844475042075,-136.000001959503,2.62755803763866));
#6722=CARTESIAN_POINT('Ctrl Pts',(14.7844475042075,-136.000001959503,2.62755803763866));
#6723=CARTESIAN_POINT('Ctrl Pts',(14.819061624293,-136.000001959503,2.56473720529438));
#6724=CARTESIAN_POINT('Ctrl Pts',(14.8869575857028,-136.000001959503,2.44151348046653));
#6725=CARTESIAN_POINT('Ctrl Pts',(14.897815504771,-136.000001959503,2.30132470908998));
#6726=CARTESIAN_POINT('Ctrl Pts',(14.9031379353255,-136.000001959503,2.23260574042797));
#6727=CARTESIAN_POINT('',(14.7844475042075,-135.500001959503,2.62755803763866));
#6728=CARTESIAN_POINT('',(14.7844475042075,-136.000001959503,2.62755803763866));
#6729=CARTESIAN_POINT('Ctrl Pts',(14.7844475042075,-135.500001959503,2.62755803763866));
#6730=CARTESIAN_POINT('Ctrl Pts',(14.819061624293,-135.500001959503,2.56473720529438));
#6731=CARTESIAN_POINT('Ctrl Pts',(14.8869575857028,-135.500001959503,2.44151348046653));
#6732=CARTESIAN_POINT('Ctrl Pts',(14.897815504771,-135.500001959503,2.30132470908998));
#6733=CARTESIAN_POINT('Ctrl Pts',(14.9031379353255,-135.500001959503,2.23260574042797));
#6734=CARTESIAN_POINT('Ctrl Pts',(14.4590723048896,-136.000001959503,2.90791265666485));
#6735=CARTESIAN_POINT('Ctrl Pts',(14.4590723048896,-135.500001959503,2.90791265666485));
#6736=CARTESIAN_POINT('Ctrl Pts',(14.5247160952204,-136.000001959503,2.87387754917752));
#6737=CARTESIAN_POINT('Ctrl Pts',(14.5247160952204,-135.500001959503,2.87387754917752));
#6738=CARTESIAN_POINT('Ctrl Pts',(14.6553643148462,-136.000001959503,2.80613883123362));
#6739=CARTESIAN_POINT('Ctrl Pts',(14.6553643148462,-135.500001959503,2.80613883123362));
#6740=CARTESIAN_POINT('Ctrl Pts',(14.7415603820434,-136.000001959503,2.68689044450722));
#6741=CARTESIAN_POINT('Ctrl Pts',(14.7415603820434,-135.500001959503,2.68689044450722));
#6742=CARTESIAN_POINT('Ctrl Pts',(14.7844475042075,-136.000001959503,2.62755803763866));
#6743=CARTESIAN_POINT('Ctrl Pts',(14.7844475042075,-135.500001959503,2.62755803763866));
#6744=CARTESIAN_POINT('',(14.4590723048896,-136.000001959503,2.90791265666485));
#6745=CARTESIAN_POINT('Ctrl Pts',(14.4590723048896,-136.000001959503,2.90791265666485));
#6746=CARTESIAN_POINT('Ctrl Pts',(14.5247160952204,-136.000001959503,2.87387754917752));
#6747=CARTESIAN_POINT('Ctrl Pts',(14.6553643148462,-136.000001959503,2.80613883123362));
#6748=CARTESIAN_POINT('Ctrl Pts',(14.7415603820434,-136.000001959503,2.68689044450722));
#6749=CARTESIAN_POINT('Ctrl Pts',(14.7844475042075,-136.000001959503,2.62755803763866));
#6750=CARTESIAN_POINT('',(14.4590723048896,-135.500001959503,2.90791265666485));
#6751=CARTESIAN_POINT('',(14.4590723048896,-136.000001959503,2.90791265666485));
#6752=CARTESIAN_POINT('Ctrl Pts',(14.4590723048896,-135.500001959503,2.90791265666485));
#6753=CARTESIAN_POINT('Ctrl Pts',(14.5247160952204,-135.500001959503,2.87387754917752));
#6754=CARTESIAN_POINT('Ctrl Pts',(14.6553643148462,-135.500001959503,2.80613883123362));
#6755=CARTESIAN_POINT('Ctrl Pts',(14.7415603820434,-135.500001959503,2.68689044450722));
#6756=CARTESIAN_POINT('Ctrl Pts',(14.7844475042075,-135.500001959503,2.62755803763866));
#6757=CARTESIAN_POINT('Ctrl Pts',(13.9085948001593,-136.000001959503,3.00000004470348));
#6758=CARTESIAN_POINT('Ctrl Pts',(13.9085948001593,-135.500001959503,3.00000004470348));
#6759=CARTESIAN_POINT('Ctrl Pts',(14.0127956173206,-136.000001959503,2.99808822209128));
#6760=CARTESIAN_POINT('Ctrl Pts',(14.0127956173206,-135.500001959503,2.99808822209128));
#6761=CARTESIAN_POINT('Ctrl Pts',(14.2011519269814,-136.000001959503,2.99463235809931));
#6762=CARTESIAN_POINT('Ctrl Pts',(14.2011519269814,-135.500001959503,2.99463235809931));
#6763=CARTESIAN_POINT('Ctrl Pts',(14.3794228502368,-136.000001959503,2.93469292499002));
#6764=CARTESIAN_POINT('Ctrl Pts',(14.3794228502368,-135.500001959503,2.93469292499002));
#6765=CARTESIAN_POINT('Ctrl Pts',(14.4590723048896,-136.000001959503,2.90791265666485));
#6766=CARTESIAN_POINT('Ctrl Pts',(14.4590723048896,-135.500001959503,2.90791265666485));
#6767=CARTESIAN_POINT('',(13.9085948001593,-136.000001959503,3.00000004470348));
#6768=CARTESIAN_POINT('Ctrl Pts',(13.9085948001593,-136.000001959503,3.00000004470348));
#6769=CARTESIAN_POINT('Ctrl Pts',(14.0127956173206,-136.000001959503,2.99808822209128));
#6770=CARTESIAN_POINT('Ctrl Pts',(14.2011519269814,-136.000001959503,2.99463235809931));
#6771=CARTESIAN_POINT('Ctrl Pts',(14.3794228502368,-136.000001959503,2.93469292499002));
#6772=CARTESIAN_POINT('Ctrl Pts',(14.4590723048896,-136.000001959503,2.90791265666485));
#6773=CARTESIAN_POINT('',(13.9085948001593,-135.500001959503,3.00000004470348));
#6774=CARTESIAN_POINT('',(13.9085948001593,-136.000001959503,3.00000004470348));
#6775=CARTESIAN_POINT('Ctrl Pts',(13.9085948001593,-135.500001959503,3.00000004470348));
#6776=CARTESIAN_POINT('Ctrl Pts',(14.0127956173206,-135.500001959503,2.99808822209128));
#6777=CARTESIAN_POINT('Ctrl Pts',(14.2011519269814,-135.500001959503,2.99463235809931));
#6778=CARTESIAN_POINT('Ctrl Pts',(14.3794228502368,-135.500001959503,2.93469292499002));
#6779=CARTESIAN_POINT('Ctrl Pts',(14.4590723048896,-135.500001959503,2.90791265666485));
#6780=CARTESIAN_POINT('Origin',(12.7830832730979,-136.000001959503,3.00000004470348));
#6781=CARTESIAN_POINT('',(12.7830832730979,-136.000001959503,3.00000004470348));
#6782=CARTESIAN_POINT('',(180.641544210725,-136.000001959503,3.00000004470348));
#6783=CARTESIAN_POINT('',(12.7830832730979,-135.500001959503,3.00000004470348));
#6784=CARTESIAN_POINT('',(12.7830832730979,-136.000001959503,3.00000004470348));
#6785=CARTESIAN_POINT('',(12.7830832730979,-135.500001959503,3.00000004470348));
#6786=CARTESIAN_POINT('Origin',(12.7830832730979,-136.000001959503,-7.45058059692383E-8));
#6787=CARTESIAN_POINT('',(12.7830832730979,-136.000001959503,-7.45058059692383E-8));
#6788=CARTESIAN_POINT('',(12.7830832730979,-136.000001959503,-1.00000003725285));
#6789=CARTESIAN_POINT('',(12.7830832730979,-135.500001959503,-7.45058059692383E-8));
#6790=CARTESIAN_POINT('',(12.7830832730979,-136.000001959503,-7.45058059692383E-8));
#6791=CARTESIAN_POINT('',(12.7830832730979,-135.500001959503,-7.45058059692383E-8));
#6792=CARTESIAN_POINT('Origin',(13.9270123373717,-136.000001959503,-7.45058059692383E-8));
#6793=CARTESIAN_POINT('',(181.213508742861,-136.000001959503,-7.45058059692383E-8));
#6794=CARTESIAN_POINT('',(13.9270123373717,-135.500001959503,-7.45058059692383E-8));
#6795=CARTESIAN_POINT('Origin',(19.7060026740655,-135.500001959503,1.48158244788647));
#6796=CARTESIAN_POINT('Ctrl Pts',(19.2066850792617,-136.000001959503,0.587312206625938));
#6797=CARTESIAN_POINT('Ctrl Pts',(19.2066850792617,-135.500001959503,0.587312206625938));
#6798=CARTESIAN_POINT('Ctrl Pts',(19.2239059531028,-136.000001959503,0.638391710732326));
#6799=CARTESIAN_POINT('Ctrl Pts',(19.2239059531028,-135.500001959503,0.638391710732326));
#6800=CARTESIAN_POINT('Ctrl Pts',(19.2640858713682,-136.000001959503,0.757570930031058));
#6801=CARTESIAN_POINT('Ctrl Pts',(19.2640858713682,-135.500001959503,0.757570930031058));
#6802=CARTESIAN_POINT('Ctrl Pts',(19.2653233443855,-136.000001959503,0.883630544716231));
#6803=CARTESIAN_POINT('Ctrl Pts',(19.2653233443855,-135.500001959503,0.883630544716231));
#6804=CARTESIAN_POINT('Ctrl Pts',(19.2660304438323,-136.000001959503,0.955661758780479));
#6805=CARTESIAN_POINT('Ctrl Pts',(19.2660304438323,-135.500001959503,0.955661758780479));
#6806=CARTESIAN_POINT('',(19.2066850792617,-136.000001959503,0.587312206625938));
#6807=CARTESIAN_POINT('',(19.2660304438323,-136.000001959503,0.955661758780479));
#6808=CARTESIAN_POINT('Ctrl Pts',(19.2066850792617,-136.000001959503,0.587312206625938));
#6809=CARTESIAN_POINT('Ctrl Pts',(19.2239059531028,-136.000001959503,0.638391710732326));
#6810=CARTESIAN_POINT('Ctrl Pts',(19.2640858713682,-136.000001959503,0.757570930031058));
#6811=CARTESIAN_POINT('Ctrl Pts',(19.2653233443855,-136.000001959503,0.883630544716231));
#6812=CARTESIAN_POINT('Ctrl Pts',(19.2660304438323,-136.000001959503,0.955661758780479));
#6813=CARTESIAN_POINT('',(19.2066850792617,-135.500001959503,0.587312206625938));
#6814=CARTESIAN_POINT('',(19.2066850792617,-136.000001959503,0.587312206625938));
#6815=CARTESIAN_POINT('',(19.2660304438323,-135.500001959503,0.955661758780479));
#6816=CARTESIAN_POINT('Ctrl Pts',(19.2066850792617,-135.500001959503,0.587312206625938));
#6817=CARTESIAN_POINT('Ctrl Pts',(19.2239059531028,-135.500001959503,0.638391710732326));
#6818=CARTESIAN_POINT('Ctrl Pts',(19.2640858713682,-135.500001959503,0.757570930031058));
#6819=CARTESIAN_POINT('Ctrl Pts',(19.2653233443855,-135.500001959503,0.883630544716231));
#6820=CARTESIAN_POINT('Ctrl Pts',(19.2660304438323,-135.500001959503,0.955661758780479));
#6821=CARTESIAN_POINT('',(19.2660304438323,-136.000001959503,0.955661758780479));
#6822=CARTESIAN_POINT('Ctrl Pts',(18.9631655346602,-136.000001959503,0.331514105200768));
#6823=CARTESIAN_POINT('Ctrl Pts',(18.9631655346602,-135.500001959503,0.331514105200768));
#6824=CARTESIAN_POINT('Ctrl Pts',(19.0145316592686,-136.000001959503,0.36525496716591));
#6825=CARTESIAN_POINT('Ctrl Pts',(19.0145316592686,-135.500001959503,0.36525496716591));
#6826=CARTESIAN_POINT('Ctrl Pts',(19.1156206767921,-136.000001959503,0.431657301631653));
#6827=CARTESIAN_POINT('Ctrl Pts',(19.1156206767921,-135.500001959503,0.431657301631653));
#6828=CARTESIAN_POINT('Ctrl Pts',(19.1766610213527,-136.000001959503,0.535992571789155));
#6829=CARTESIAN_POINT('Ctrl Pts',(19.1766610213527,-135.500001959503,0.535992571789155));
#6830=CARTESIAN_POINT('Ctrl Pts',(19.2066850792617,-136.000001959503,0.587312206625938));
#6831=CARTESIAN_POINT('Ctrl Pts',(19.2066850792617,-135.500001959503,0.587312206625938));
#6832=CARTESIAN_POINT('',(18.9631655346602,-136.000001959503,0.331514105200768));
#6833=CARTESIAN_POINT('Ctrl Pts',(18.9631655346602,-136.000001959503,0.331514105200768));
#6834=CARTESIAN_POINT('Ctrl Pts',(19.0145316592686,-136.000001959503,0.36525496716591));
#6835=CARTESIAN_POINT('Ctrl Pts',(19.1156206767921,-136.000001959503,0.431657301631653));
#6836=CARTESIAN_POINT('Ctrl Pts',(19.1766610213527,-136.000001959503,0.535992571789155));
#6837=CARTESIAN_POINT('Ctrl Pts',(19.2066850792617,-136.000001959503,0.587312206625938));
#6838=CARTESIAN_POINT('',(18.9631655346602,-135.500001959503,0.331514105200768));
#6839=CARTESIAN_POINT('',(18.9631655346602,-136.000001959503,0.331514105200768));
#6840=CARTESIAN_POINT('Ctrl Pts',(18.9631655346602,-135.500001959503,0.331514105200768));
#6841=CARTESIAN_POINT('Ctrl Pts',(19.0145316592686,-135.500001959503,0.36525496716591));
#6842=CARTESIAN_POINT('Ctrl Pts',(19.1156206767921,-135.500001959503,0.431657301631653));
#6843=CARTESIAN_POINT('Ctrl Pts',(19.1766610213527,-135.500001959503,0.535992571789155));
#6844=CARTESIAN_POINT('Ctrl Pts',(19.2066850792617,-135.500001959503,0.587312206625938));
#6845=CARTESIAN_POINT('Ctrl Pts',(18.5845842491835,-136.000001959503,0.239427015185356));
#6846=CARTESIAN_POINT('Ctrl Pts',(18.5845842491835,-135.500001959503,0.239427015185356));
#6847=CARTESIAN_POINT('Ctrl Pts',(18.6526727640006,-136.000001959503,0.242778036159919));
#6848=CARTESIAN_POINT('Ctrl Pts',(18.6526727640006,-135.500001959503,0.242778036159919));
#6849=CARTESIAN_POINT('Ctrl Pts',(18.784850937635,-136.000001959503,0.249283271784723));
#6850=CARTESIAN_POINT('Ctrl Pts',(18.784850937635,-135.500001959503,0.249283271784723));
#6851=CARTESIAN_POINT('Ctrl Pts',(18.9049383583434,-136.000001959503,0.304662297688229));
#6852=CARTESIAN_POINT('Ctrl Pts',(18.9049383583434,-135.500001959503,0.304662297688229));
#6853=CARTESIAN_POINT('Ctrl Pts',(18.9631655346602,-136.000001959503,0.331514105200768));
#6854=CARTESIAN_POINT('Ctrl Pts',(18.9631655346602,-135.500001959503,0.331514105200768));
#6855=CARTESIAN_POINT('',(18.5845842491835,-136.000001959503,0.239427015185356));
#6856=CARTESIAN_POINT('Ctrl Pts',(18.5845842491835,-136.000001959503,0.239427015185356));
#6857=CARTESIAN_POINT('Ctrl Pts',(18.6526727640006,-136.000001959503,0.242778036159919));
#6858=CARTESIAN_POINT('Ctrl Pts',(18.784850937635,-136.000001959503,0.249283271784723));
#6859=CARTESIAN_POINT('Ctrl Pts',(18.9049383583434,-136.000001959503,0.304662297688229));
#6860=CARTESIAN_POINT('Ctrl Pts',(18.9631655346602,-136.000001959503,0.331514105200768));
#6861=CARTESIAN_POINT('',(18.5845842491835,-135.500001959503,0.239427015185356));
#6862=CARTESIAN_POINT('',(18.5845842491835,-136.000001959503,0.239427015185356));
#6863=CARTESIAN_POINT('Ctrl Pts',(18.5845842491835,-135.500001959503,0.239427015185356));
#6864=CARTESIAN_POINT('Ctrl Pts',(18.6526727640006,-135.500001959503,0.242778036159919));
#6865=CARTESIAN_POINT('Ctrl Pts',(18.784850937635,-135.500001959503,0.249283271784723));
#6866=CARTESIAN_POINT('Ctrl Pts',(18.9049383583434,-135.500001959503,0.304662297688229));
#6867=CARTESIAN_POINT('Ctrl Pts',(18.9631655346602,-135.500001959503,0.331514105200768));
#6868=CARTESIAN_POINT('Ctrl Pts',(18.2571628224105,-136.000001959503,0.337653383612633));
#6869=CARTESIAN_POINT('Ctrl Pts',(18.2571628224105,-135.500001959503,0.337653383612633));
#6870=CARTESIAN_POINT('Ctrl Pts',(18.3019207756542,-136.000001959503,0.309076725694726));
#6871=CARTESIAN_POINT('Ctrl Pts',(18.3019207756542,-135.500001959503,0.309076725694726));
#6872=CARTESIAN_POINT('Ctrl Pts',(18.4012517506108,-136.000001959503,0.24565677267476));
#6873=CARTESIAN_POINT('Ctrl Pts',(18.4012517506108,-135.500001959503,0.24565677267476));
#6874=CARTESIAN_POINT('Ctrl Pts',(18.5195761360624,-136.000001959503,0.241636033132208));
#6875=CARTESIAN_POINT('Ctrl Pts',(18.5195761360624,-135.500001959503,0.241636033132208));
#6876=CARTESIAN_POINT('Ctrl Pts',(18.5845842491835,-136.000001959503,0.239427015185356));
#6877=CARTESIAN_POINT('Ctrl Pts',(18.5845842491835,-135.500001959503,0.239427015185356));
#6878=CARTESIAN_POINT('',(18.2571628224105,-136.000001959503,0.337653383612633));
#6879=CARTESIAN_POINT('Ctrl Pts',(18.2571628224105,-136.000001959503,0.337653383612633));
#6880=CARTESIAN_POINT('Ctrl Pts',(18.3019207756542,-136.000001959503,0.309076725694726));
#6881=CARTESIAN_POINT('Ctrl Pts',(18.4012517506108,-136.000001959503,0.24565677267476));
#6882=CARTESIAN_POINT('Ctrl Pts',(18.5195761360624,-136.000001959503,0.241636033132208));
#6883=CARTESIAN_POINT('Ctrl Pts',(18.5845842491835,-136.000001959503,0.239427015185356));
#6884=CARTESIAN_POINT('',(18.2571628224105,-135.500001959503,0.337653383612633));
#6885=CARTESIAN_POINT('',(18.2571628224105,-136.000001959503,0.337653383612633));
#6886=CARTESIAN_POINT('Ctrl Pts',(18.2571628224105,-135.500001959503,0.337653383612633));
#6887=CARTESIAN_POINT('Ctrl Pts',(18.3019207756542,-135.500001959503,0.309076725694726));
#6888=CARTESIAN_POINT('Ctrl Pts',(18.4012517506108,-135.500001959503,0.24565677267476));
#6889=CARTESIAN_POINT('Ctrl Pts',(18.5195761360624,-135.500001959503,0.241636033132208));
#6890=CARTESIAN_POINT('Ctrl Pts',(18.5845842491835,-135.500001959503,0.239427015185356));
#6891=CARTESIAN_POINT('Ctrl Pts',(18.1466575991362,-136.000001959503,0.583219453692436));
#6892=CARTESIAN_POINT('Ctrl Pts',(18.1466575991362,-135.500001959503,0.583219453692436));
#6893=CARTESIAN_POINT('Ctrl Pts',(18.1512801167812,-136.000001959503,0.536136398860388));
#6894=CARTESIAN_POINT('Ctrl Pts',(18.1512801167812,-135.500001959503,0.536136398860388));
#6895=CARTESIAN_POINT('Ctrl Pts',(18.1605343144759,-136.000001959503,0.441876964726383));
#6896=CARTESIAN_POINT('Ctrl Pts',(18.1605343144759,-135.500001959503,0.441876964726383));
#6897=CARTESIAN_POINT('Ctrl Pts',(18.2249320667697,-136.000001959503,0.37241750081451));
#6898=CARTESIAN_POINT('Ctrl Pts',(18.2249320667697,-135.500001959503,0.37241750081451));
#6899=CARTESIAN_POINT('Ctrl Pts',(18.2571628224105,-136.000001959503,0.337653383612633));
#6900=CARTESIAN_POINT('Ctrl Pts',(18.2571628224105,-135.500001959503,0.337653383612633));
#6901=CARTESIAN_POINT('',(18.1466575991362,-136.000001959503,0.583219453692436));
#6902=CARTESIAN_POINT('Ctrl Pts',(18.1466575991362,-136.000001959503,0.583219453692436));
#6903=CARTESIAN_POINT('Ctrl Pts',(18.1512801167812,-136.000001959503,0.536136398860388));
#6904=CARTESIAN_POINT('Ctrl Pts',(18.1605343144759,-136.000001959503,0.441876964726383));
#6905=CARTESIAN_POINT('Ctrl Pts',(18.2249320667697,-136.000001959503,0.37241750081451));
#6906=CARTESIAN_POINT('Ctrl Pts',(18.2571628224105,-136.000001959503,0.337653383612633));
#6907=CARTESIAN_POINT('',(18.1466575991362,-135.500001959503,0.583219453692436));
#6908=CARTESIAN_POINT('',(18.1466575991362,-136.000001959503,0.583219453692436));
#6909=CARTESIAN_POINT('Ctrl Pts',(18.1466575991362,-135.500001959503,0.583219453692436));
#6910=CARTESIAN_POINT('Ctrl Pts',(18.1512801167812,-135.500001959503,0.536136398860388));
#6911=CARTESIAN_POINT('Ctrl Pts',(18.1605343144759,-135.500001959503,0.441876964726383));
#6912=CARTESIAN_POINT('Ctrl Pts',(18.2249320667697,-135.500001959503,0.37241750081451));
#6913=CARTESIAN_POINT('Ctrl Pts',(18.2571628224105,-135.500001959503,0.337653383612633));
#6914=CARTESIAN_POINT('Ctrl Pts',(18.1978174578398,-136.000001959503,0.757162198424339));
#6915=CARTESIAN_POINT('Ctrl Pts',(18.1978174578398,-135.500001959503,0.757162198424339));
#6916=CARTESIAN_POINT('Ctrl Pts',(18.1828961538194,-136.000001959503,0.730336402420616));
#6917=CARTESIAN_POINT('Ctrl Pts',(18.1828961538194,-135.500001959503,0.730336402420616));
#6918=CARTESIAN_POINT('Ctrl Pts',(18.1527910038553,-136.000001959503,0.67621280769389));
#6919=CARTESIAN_POINT('Ctrl Pts',(18.1527910038553,-135.500001959503,0.67621280769389));
#6920=CARTESIAN_POINT('Ctrl Pts',(18.1487139192312,-136.000001959503,0.614396933621909));
#6921=CARTESIAN_POINT('Ctrl Pts',(18.1487139192312,-135.500001959503,0.614396933621909));
#6922=CARTESIAN_POINT('Ctrl Pts',(18.1466575991362,-136.000001959503,0.583219453692436));
#6923=CARTESIAN_POINT('Ctrl Pts',(18.1466575991362,-135.500001959503,0.583219453692436));
#6924=CARTESIAN_POINT('',(18.1978174578398,-136.000001959503,0.757162198424339));
#6925=CARTESIAN_POINT('Ctrl Pts',(18.1978174578398,-136.000001959503,0.757162198424339));
#6926=CARTESIAN_POINT('Ctrl Pts',(18.1828961538194,-136.000001959503,0.730336402420616));
#6927=CARTESIAN_POINT('Ctrl Pts',(18.1527910038553,-136.000001959503,0.67621280769389));
#6928=CARTESIAN_POINT('Ctrl Pts',(18.1487139192312,-136.000001959503,0.614396933621909));
#6929=CARTESIAN_POINT('Ctrl Pts',(18.1466575991362,-136.000001959503,0.583219453692436));
#6930=CARTESIAN_POINT('',(18.1978174578398,-135.500001959503,0.757162198424339));
#6931=CARTESIAN_POINT('',(18.1978174578398,-136.000001959503,0.757162198424339));
#6932=CARTESIAN_POINT('Ctrl Pts',(18.1978174578398,-135.500001959503,0.757162198424339));
#6933=CARTESIAN_POINT('Ctrl Pts',(18.1828961538194,-135.500001959503,0.730336402420616));
#6934=CARTESIAN_POINT('Ctrl Pts',(18.1527910038553,-135.500001959503,0.67621280769389));
#6935=CARTESIAN_POINT('Ctrl Pts',(18.1487139192312,-135.500001959503,0.614396933621909));
#6936=CARTESIAN_POINT('Ctrl Pts',(18.1466575991362,-135.500001959503,0.583219453692436));
#6937=CARTESIAN_POINT('Ctrl Pts',(18.3431109320372,-136.000001959503,0.877899155020714));
#6938=CARTESIAN_POINT('Ctrl Pts',(18.3431109320372,-135.500001959503,0.877899155020714));
#6939=CARTESIAN_POINT('Ctrl Pts',(18.313714174854,-136.000001959503,0.862929440404582));
#6940=CARTESIAN_POINT('Ctrl Pts',(18.313714174854,-135.500001959503,0.862929440404582));
#6941=CARTESIAN_POINT('Ctrl Pts',(18.2561421079679,-136.000001959503,0.833612009037066));
#6942=CARTESIAN_POINT('Ctrl Pts',(18.2561421079679,-135.500001959503,0.833612009037066));
#6943=CARTESIAN_POINT('Ctrl Pts',(18.2169820684209,-136.000001959503,0.782282466547136));
#6944=CARTESIAN_POINT('Ctrl Pts',(18.2169820684209,-135.500001959503,0.782282466547136));
#6945=CARTESIAN_POINT('Ctrl Pts',(18.1978174578398,-136.000001959503,0.757162198424339));
#6946=CARTESIAN_POINT('Ctrl Pts',(18.1978174578398,-135.500001959503,0.757162198424339));
#6947=CARTESIAN_POINT('',(18.3431109320372,-136.000001959503,0.877899155020714));
#6948=CARTESIAN_POINT('Ctrl Pts',(18.3431109320372,-136.000001959503,0.877899155020714));
#6949=CARTESIAN_POINT('Ctrl Pts',(18.313714174854,-136.000001959503,0.862929440404582));
#6950=CARTESIAN_POINT('Ctrl Pts',(18.2561421079679,-136.000001959503,0.833612009037066));
#6951=CARTESIAN_POINT('Ctrl Pts',(18.2169820684209,-136.000001959503,0.782282466547136));
#6952=CARTESIAN_POINT('Ctrl Pts',(18.1978174578398,-136.000001959503,0.757162198424339));
#6953=CARTESIAN_POINT('',(18.3431109320372,-135.500001959503,0.877899155020714));
#6954=CARTESIAN_POINT('',(18.3431109320372,-136.000001959503,0.877899155020714));
#6955=CARTESIAN_POINT('Ctrl Pts',(18.3431109320372,-135.500001959503,0.877899155020714));
#6956=CARTESIAN_POINT('Ctrl Pts',(18.313714174854,-135.500001959503,0.862929440404582));
#6957=CARTESIAN_POINT('Ctrl Pts',(18.2561421079679,-135.500001959503,0.833612009037066));
#6958=CARTESIAN_POINT('Ctrl Pts',(18.2169820684209,-135.500001959503,0.782282466547136));
#6959=CARTESIAN_POINT('Ctrl Pts',(18.1978174578398,-135.500001959503,0.757162198424339));
#6960=CARTESIAN_POINT('Ctrl Pts',(18.6643930803984,-136.000001959503,0.951568707823753));
#6961=CARTESIAN_POINT('Ctrl Pts',(18.6643930803984,-135.500001959503,0.951568707823753));
#6962=CARTESIAN_POINT('Ctrl Pts',(18.5992160022682,-136.000001959503,0.942231689003072));
#6963=CARTESIAN_POINT('Ctrl Pts',(18.5992160022682,-135.500001959503,0.942231689003072));
#6964=CARTESIAN_POINT('Ctrl Pts',(18.4899717436143,-136.000001959503,0.926581774518335));
#6965=CARTESIAN_POINT('Ctrl Pts',(18.4899717436143,-135.500001959503,0.926581774518335));
#6966=CARTESIAN_POINT('Ctrl Pts',(18.3853239719144,-136.000001959503,0.891892277734034));
#6967=CARTESIAN_POINT('Ctrl Pts',(18.3853239719144,-135.500001959503,0.891892277734034));
#6968=CARTESIAN_POINT('Ctrl Pts',(18.3431109320372,-136.000001959503,0.877899155020714));
#6969=CARTESIAN_POINT('Ctrl Pts',(18.3431109320372,-135.500001959503,0.877899155020714));
#6970=CARTESIAN_POINT('',(18.6643930803984,-136.000001959503,0.951568707823753));
#6971=CARTESIAN_POINT('Ctrl Pts',(18.6643930803984,-136.000001959503,0.951568707823753));
#6972=CARTESIAN_POINT('Ctrl Pts',(18.5992160022682,-136.000001959503,0.942231689003072));
#6973=CARTESIAN_POINT('Ctrl Pts',(18.4899717436143,-136.000001959503,0.926581774518335));
#6974=CARTESIAN_POINT('Ctrl Pts',(18.3853239719144,-136.000001959503,0.891892277734034));
#6975=CARTESIAN_POINT('Ctrl Pts',(18.3431109320372,-136.000001959503,0.877899155020714));
#6976=CARTESIAN_POINT('',(18.6643930803984,-135.500001959503,0.951568707823753));
#6977=CARTESIAN_POINT('',(18.6643930803984,-136.000001959503,0.951568707823753));
#6978=CARTESIAN_POINT('Ctrl Pts',(18.6643930803984,-135.500001959503,0.951568707823753));
#6979=CARTESIAN_POINT('Ctrl Pts',(18.5992160022682,-135.500001959503,0.942231689003072));
#6980=CARTESIAN_POINT('Ctrl Pts',(18.4899717436143,-135.500001959503,0.926581774518335));
#6981=CARTESIAN_POINT('Ctrl Pts',(18.3853239719144,-135.500001959503,0.891892277734034));
#6982=CARTESIAN_POINT('Ctrl Pts',(18.3431109320372,-135.500001959503,0.877899155020714));
#6983=CARTESIAN_POINT('Ctrl Pts',(19.2660304438323,-136.000001959503,1.09072290360928));
#6984=CARTESIAN_POINT('Ctrl Pts',(19.2660304438323,-135.500001959503,1.09072290360928));
#6985=CARTESIAN_POINT('Ctrl Pts',(19.1829642977257,-136.000001959503,1.06342810909848));
#6986=CARTESIAN_POINT('Ctrl Pts',(19.1829642977257,-135.500001959503,1.06342810909848));
#6987=CARTESIAN_POINT('Ctrl Pts',(18.9867687101378,-136.000001959503,0.998959989435625));
#6988=CARTESIAN_POINT('Ctrl Pts',(18.9867687101378,-135.500001959503,0.998959989435625));
#6989=CARTESIAN_POINT('Ctrl Pts',(18.7822955180037,-136.000001959503,0.96890112103314));
#6990=CARTESIAN_POINT('Ctrl Pts',(18.7822955180037,-135.500001959503,0.96890112103314));
#6991=CARTESIAN_POINT('Ctrl Pts',(18.6643930803984,-136.000001959503,0.951568707823753));
#6992=CARTESIAN_POINT('Ctrl Pts',(18.6643930803984,-135.500001959503,0.951568707823753));
#6993=CARTESIAN_POINT('',(19.2660304438323,-136.000001959503,1.09072290360928));
#6994=CARTESIAN_POINT('Ctrl Pts',(19.2660304438323,-136.000001959503,1.09072290360928));
#6995=CARTESIAN_POINT('Ctrl Pts',(19.1829642977257,-136.000001959503,1.06342810909848));
#6996=CARTESIAN_POINT('Ctrl Pts',(18.9867687101378,-136.000001959503,0.998959989435625));
#6997=CARTESIAN_POINT('Ctrl Pts',(18.7822955180037,-136.000001959503,0.96890112103314));
#6998=CARTESIAN_POINT('Ctrl Pts',(18.6643930803984,-136.000001959503,0.951568707823753));
#6999=CARTESIAN_POINT('',(19.2660304438323,-135.500001959503,1.09072290360928));
#7000=CARTESIAN_POINT('',(19.2660304438323,-136.000001959503,1.09072290360928));
#7001=CARTESIAN_POINT('Ctrl Pts',(19.2660304438323,-135.500001959503,1.09072290360928));
#7002=CARTESIAN_POINT('Ctrl Pts',(19.1829642977257,-135.500001959503,1.06342810909848));
#7003=CARTESIAN_POINT('Ctrl Pts',(18.9867687101378,-135.500001959503,0.998959989435625));
#7004=CARTESIAN_POINT('Ctrl Pts',(18.7822955180037,-135.500001959503,0.96890112103314));
#7005=CARTESIAN_POINT('Ctrl Pts',(18.6643930803984,-135.500001959503,0.951568707823753));
#7006=CARTESIAN_POINT('Origin',(19.2660304438323,-136.000001959503,0.955661758780479));
#7007=CARTESIAN_POINT('',(19.2660304438323,-136.000001959503,-0.522169120609711));
#7008=CARTESIAN_POINT('',(19.2660304438323,-135.500001959503,0.955661758780479));
#7009=CARTESIAN_POINT('Origin',(19.7551163565367,-136.000001959503,-7.45058059692383E-8));
#7010=CARTESIAN_POINT('',(19.7551163565367,-136.000001959503,-7.45058059692383E-8));
#7011=CARTESIAN_POINT('',(19.3703957926482,-136.000001959503,-7.45058059692383E-8));
#7012=CARTESIAN_POINT('',(184.127560752444,-136.000001959503,-7.45058059692383E-8));
#7013=CARTESIAN_POINT('',(19.7551163565367,-135.500001959503,-7.45058059692383E-8));
#7014=CARTESIAN_POINT('',(19.7551163565367,-136.000001959503,-7.45058059692383E-8));
#7015=CARTESIAN_POINT('',(19.3703957926482,-135.500001959503,-7.45058059692383E-8));
#7016=CARTESIAN_POINT('',(19.7551163565367,-135.500001959503,-7.45058059692383E-8));
#7017=CARTESIAN_POINT('',(19.3703957926482,-136.000001959503,-7.45058059692383E-8));
#7018=CARTESIAN_POINT('Ctrl Pts',(19.660982741043,-136.000001959503,0.259890779852867));
#7019=CARTESIAN_POINT('Ctrl Pts',(19.660982741043,-135.500001959503,0.259890779852867));
#7020=CARTESIAN_POINT('Ctrl Pts',(19.6711610609852,-136.000001959503,0.215087553137173));
#7021=CARTESIAN_POINT('Ctrl Pts',(19.6711610609852,-135.500001959503,0.215087553137173));
#7022=CARTESIAN_POINT('Ctrl Pts',(19.6917287351434,-136.000001959503,0.124552162860434));
#7023=CARTESIAN_POINT('Ctrl Pts',(19.6917287351434,-135.500001959503,0.124552162860434));
#7024=CARTESIAN_POINT('Ctrl Pts',(19.7338431114563,-136.000001959503,0.0418003624339197));
#7025=CARTESIAN_POINT('Ctrl Pts',(19.7338431114563,-135.500001959503,0.0418003624339197));
#7026=CARTESIAN_POINT('Ctrl Pts',(19.7551163565367,-136.000001959503,-7.45058059692383E-8));
#7027=CARTESIAN_POINT('Ctrl Pts',(19.7551163565367,-135.500001959503,-7.45058059692383E-8));
#7028=CARTESIAN_POINT('',(19.660982741043,-136.000001959503,0.259890779852867));
#7029=CARTESIAN_POINT('Ctrl Pts',(19.660982741043,-136.000001959503,0.259890779852867));
#7030=CARTESIAN_POINT('Ctrl Pts',(19.6711610609852,-136.000001959503,0.215087553137173));
#7031=CARTESIAN_POINT('Ctrl Pts',(19.6917287351434,-136.000001959503,0.124552162860434));
#7032=CARTESIAN_POINT('Ctrl Pts',(19.7338431114563,-136.000001959503,0.0418003624339197));
#7033=CARTESIAN_POINT('Ctrl Pts',(19.7551163565367,-136.000001959503,-7.45058059692383E-8));
#7034=CARTESIAN_POINT('',(19.660982741043,-135.500001959503,0.259890779852867));
#7035=CARTESIAN_POINT('',(19.660982741043,-136.000001959503,0.259890779852867));
#7036=CARTESIAN_POINT('Ctrl Pts',(19.660982741043,-135.500001959503,0.259890779852867));
#7037=CARTESIAN_POINT('Ctrl Pts',(19.6711610609852,-135.500001959503,0.215087553137173));
#7038=CARTESIAN_POINT('Ctrl Pts',(19.6917287351434,-135.500001959503,0.124552162860434));
#7039=CARTESIAN_POINT('Ctrl Pts',(19.7338431114563,-135.500001959503,0.0418003624339197));
#7040=CARTESIAN_POINT('Ctrl Pts',(19.7551163565367,-135.500001959503,-7.45058059692383E-8));
#7041=CARTESIAN_POINT('Ctrl Pts',(19.6384724508971,-136.000001959503,0.910641178488731));
#7042=CARTESIAN_POINT('Ctrl Pts',(19.6384724508971,-135.500001959503,0.910641178488731));
#7043=CARTESIAN_POINT('Ctrl Pts',(19.6376732862577,-136.000001959503,0.77068941309027));
#7044=CARTESIAN_POINT('Ctrl Pts',(19.6376732862577,-135.500001959503,0.77068941309027));
#7045=CARTESIAN_POINT('Ctrl Pts',(19.636432473509,-136.000001959503,0.553395095819527));
#7046=CARTESIAN_POINT('Ctrl Pts',(19.636432473509,-135.500001959503,0.553395095819527));
#7047=CARTESIAN_POINT('Ctrl Pts',(19.6545382646753,-136.000001959503,0.336936035079803));
#7048=CARTESIAN_POINT('Ctrl Pts',(19.6545382646753,-135.500001959503,0.336936035079803));
#7049=CARTESIAN_POINT('Ctrl Pts',(19.660982741043,-136.000001959503,0.259890779852867));
#7050=CARTESIAN_POINT('Ctrl Pts',(19.660982741043,-135.500001959503,0.259890779852867));
#7051=CARTESIAN_POINT('',(19.6384724508971,-136.000001959503,0.910641178488731));
#7052=CARTESIAN_POINT('Ctrl Pts',(19.6384724508971,-136.000001959503,0.910641178488731));
#7053=CARTESIAN_POINT('Ctrl Pts',(19.6376732862577,-136.000001959503,0.77068941309027));
#7054=CARTESIAN_POINT('Ctrl Pts',(19.636432473509,-136.000001959503,0.553395095819527));
#7055=CARTESIAN_POINT('Ctrl Pts',(19.6545382646753,-136.000001959503,0.336936035079803));
#7056=CARTESIAN_POINT('Ctrl Pts',(19.660982741043,-136.000001959503,0.259890779852867));
#7057=CARTESIAN_POINT('',(19.6384724508971,-135.500001959503,0.910641178488731));
#7058=CARTESIAN_POINT('',(19.6384724508971,-136.000001959503,0.910641178488731));
#7059=CARTESIAN_POINT('Ctrl Pts',(19.6384724508971,-135.500001959503,0.910641178488731));
#7060=CARTESIAN_POINT('Ctrl Pts',(19.6376732862577,-135.500001959503,0.77068941309027));
#7061=CARTESIAN_POINT('Ctrl Pts',(19.636432473509,-135.500001959503,0.553395095819527));
#7062=CARTESIAN_POINT('Ctrl Pts',(19.6545382646753,-135.500001959503,0.336936035079803));
#7063=CARTESIAN_POINT('Ctrl Pts',(19.660982741043,-135.500001959503,0.259890779852867));
#7064=CARTESIAN_POINT('Origin',(19.6384724508971,-136.000001959503,1.40177346765995));
#7065=CARTESIAN_POINT('',(19.6384724508971,-136.000001959503,1.40177346765995));
#7066=CARTESIAN_POINT('',(19.6384724508971,-136.000001959503,-0.299113266169975));
#7067=CARTESIAN_POINT('',(19.6384724508971,-135.500001959503,1.40177346765995));
#7068=CARTESIAN_POINT('',(19.6384724508971,-136.000001959503,1.40177346765995));
#7069=CARTESIAN_POINT('',(19.6384724508971,-135.500001959503,1.40177346765995));
#7070=CARTESIAN_POINT('Ctrl Pts',(19.6200552117079,-136.000001959503,1.74147330224514));
#7071=CARTESIAN_POINT('Ctrl Pts',(19.6200552117079,-135.500001959503,1.74147330224514));
#7072=CARTESIAN_POINT('Ctrl Pts',(19.6253657420893,-136.000001959503,1.69752074206518));
#7073=CARTESIAN_POINT('Ctrl Pts',(19.6253657420893,-135.500001959503,1.69752074206518));
#7074=CARTESIAN_POINT('Ctrl Pts',(19.6389898083421,-136.000001959503,1.58476127194189));
#7075=CARTESIAN_POINT('Ctrl Pts',(19.6389898083421,-135.500001959503,1.58476127194189));
#7076=CARTESIAN_POINT('Ctrl Pts',(19.6386685101406,-136.000001959503,1.47111904455219));
#7077=CARTESIAN_POINT('Ctrl Pts',(19.6386685101406,-135.500001959503,1.47111904455219));
#7078=CARTESIAN_POINT('Ctrl Pts',(19.6384724508971,-136.000001959503,1.40177346765995));
#7079=CARTESIAN_POINT('Ctrl Pts',(19.6384724508971,-135.500001959503,1.40177346765995));
#7080=CARTESIAN_POINT('',(19.6200552117079,-136.000001959503,1.74147330224514));
#7081=CARTESIAN_POINT('Ctrl Pts',(19.6200552117079,-136.000001959503,1.74147330224514));
#7082=CARTESIAN_POINT('Ctrl Pts',(19.6253657420893,-136.000001959503,1.69752074206518));
#7083=CARTESIAN_POINT('Ctrl Pts',(19.6389898083421,-136.000001959503,1.58476127194189));
#7084=CARTESIAN_POINT('Ctrl Pts',(19.6386685101406,-136.000001959503,1.47111904455219));
#7085=CARTESIAN_POINT('Ctrl Pts',(19.6384724508971,-136.000001959503,1.40177346765995));
#7086=CARTESIAN_POINT('',(19.6200552117079,-135.500001959503,1.74147330224514));
#7087=CARTESIAN_POINT('',(19.6200552117079,-136.000001959503,1.74147330224514));
#7088=CARTESIAN_POINT('Ctrl Pts',(19.6200552117079,-135.500001959503,1.74147330224514));
#7089=CARTESIAN_POINT('Ctrl Pts',(19.6253657420893,-135.500001959503,1.69752074206518));
#7090=CARTESIAN_POINT('Ctrl Pts',(19.6389898083421,-135.500001959503,1.58476127194189));
#7091=CARTESIAN_POINT('Ctrl Pts',(19.6386685101406,-135.500001959503,1.47111904455219));
#7092=CARTESIAN_POINT('Ctrl Pts',(19.6384724508971,-135.500001959503,1.40177346765995));
#7093=CARTESIAN_POINT('Ctrl Pts',(19.5054575335234,-136.000001959503,1.99113227427006));
#7094=CARTESIAN_POINT('Ctrl Pts',(19.5054575335234,-135.500001959503,1.99113227427006));
#7095=CARTESIAN_POINT('Ctrl Pts',(19.5309333156862,-136.000001959503,1.95502128511824));
#7096=CARTESIAN_POINT('Ctrl Pts',(19.5309333156862,-135.500001959503,1.95502128511824));
#7097=CARTESIAN_POINT('Ctrl Pts',(19.5845653971076,-136.000001959503,1.87899977190133));
#7098=CARTESIAN_POINT('Ctrl Pts',(19.5845653971076,-135.500001959503,1.87899977190133));
#7099=CARTESIAN_POINT('Ctrl Pts',(19.6078375613252,-136.000001959503,1.78881788106462));
#7100=CARTESIAN_POINT('Ctrl Pts',(19.6078375613252,-135.500001959503,1.78881788106462));
#7101=CARTESIAN_POINT('Ctrl Pts',(19.6200552117079,-136.000001959503,1.74147330224514));
#7102=CARTESIAN_POINT('Ctrl Pts',(19.6200552117079,-135.500001959503,1.74147330224514));
#7103=CARTESIAN_POINT('',(19.5054575335234,-136.000001959503,1.99113227427006));
#7104=CARTESIAN_POINT('Ctrl Pts',(19.5054575335234,-136.000001959503,1.99113227427006));
#7105=CARTESIAN_POINT('Ctrl Pts',(19.5309333156862,-136.000001959503,1.95502128511824));
#7106=CARTESIAN_POINT('Ctrl Pts',(19.5845653971076,-136.000001959503,1.87899977190133));
#7107=CARTESIAN_POINT('Ctrl Pts',(19.6078375613252,-136.000001959503,1.78881788106462));
#7108=CARTESIAN_POINT('Ctrl Pts',(19.6200552117079,-136.000001959503,1.74147330224514));
#7109=CARTESIAN_POINT('',(19.5054575335234,-135.500001959503,1.99113227427006));
#7110=CARTESIAN_POINT('',(19.5054575335234,-136.000001959503,1.99113227427006));
#7111=CARTESIAN_POINT('Ctrl Pts',(19.5054575335234,-135.500001959503,1.99113227427006));
#7112=CARTESIAN_POINT('Ctrl Pts',(19.5309333156862,-135.500001959503,1.95502128511824));
#7113=CARTESIAN_POINT('Ctrl Pts',(19.5845653971076,-135.500001959503,1.87899977190133));
#7114=CARTESIAN_POINT('Ctrl Pts',(19.6078375613252,-135.500001959503,1.78881788106462));
#7115=CARTESIAN_POINT('Ctrl Pts',(19.6200552117079,-135.500001959503,1.74147330224514));
#7116=CARTESIAN_POINT('Ctrl Pts',(19.2496594320983,-136.000001959503,2.15688951313496));
#7117=CARTESIAN_POINT('Ctrl Pts',(19.2496594320983,-135.500001959503,2.15688951313496));
#7118=CARTESIAN_POINT('Ctrl Pts',(19.3021771912157,-136.000001959503,2.13548350843455));
#7119=CARTESIAN_POINT('Ctrl Pts',(19.3021771912157,-135.500001959503,2.13548350843455));
#7120=CARTESIAN_POINT('Ctrl Pts',(19.3981763642808,-136.000001959503,2.09635467307677));
#7121=CARTESIAN_POINT('Ctrl Pts',(19.3981763642808,-135.500001959503,2.09635467307677));
#7122=CARTESIAN_POINT('Ctrl Pts',(19.4720139050693,-136.000001959503,2.02393410552891));
#7123=CARTESIAN_POINT('Ctrl Pts',(19.4720139050693,-135.500001959503,2.02393410552891));
#7124=CARTESIAN_POINT('Ctrl Pts',(19.5054575335234,-136.000001959503,1.99113227427006));
#7125=CARTESIAN_POINT('Ctrl Pts',(19.5054575335234,-135.500001959503,1.99113227427006));
#7126=CARTESIAN_POINT('',(19.2496594320983,-136.000001959503,2.15688951313496));
#7127=CARTESIAN_POINT('Ctrl Pts',(19.2496594320983,-136.000001959503,2.15688951313496));
#7128=CARTESIAN_POINT('Ctrl Pts',(19.3021771912157,-136.000001959503,2.13548350843455));
#7129=CARTESIAN_POINT('Ctrl Pts',(19.3981763642808,-136.000001959503,2.09635467307677));
#7130=CARTESIAN_POINT('Ctrl Pts',(19.4720139050693,-136.000001959503,2.02393410552891));
#7131=CARTESIAN_POINT('Ctrl Pts',(19.5054575335234,-136.000001959503,1.99113227427006));
#7132=CARTESIAN_POINT('',(19.2496594320983,-135.500001959503,2.15688951313496));
#7133=CARTESIAN_POINT('',(19.2496594320983,-136.000001959503,2.15688951313496));
#7134=CARTESIAN_POINT('Ctrl Pts',(19.2496594320983,-135.500001959503,2.15688951313496));
#7135=CARTESIAN_POINT('Ctrl Pts',(19.3021771912157,-135.500001959503,2.13548350843455));
#7136=CARTESIAN_POINT('Ctrl Pts',(19.3981763642808,-135.500001959503,2.09635467307677));
#7137=CARTESIAN_POINT('Ctrl Pts',(19.4720139050693,-135.500001959503,2.02393410552891));
#7138=CARTESIAN_POINT('Ctrl Pts',(19.5054575335234,-135.500001959503,1.99113227427006));
#7139=CARTESIAN_POINT('Ctrl Pts',(18.7974079977721,-136.000001959503,2.2223737090826));
#7140=CARTESIAN_POINT('Ctrl Pts',(18.7974079977721,-135.500001959503,2.2223737090826));
#7141=CARTESIAN_POINT('Ctrl Pts',(18.8821010589618,-136.000001959503,2.22094756191931));
#7142=CARTESIAN_POINT('Ctrl Pts',(18.8821010589618,-135.500001959503,2.22094756191931));
#7143=CARTESIAN_POINT('Ctrl Pts',(19.0358142475196,-136.000001959503,2.21835918425599));
#7144=CARTESIAN_POINT('Ctrl Pts',(19.0358142475196,-135.500001959503,2.21835918425599));
#7145=CARTESIAN_POINT('Ctrl Pts',(19.1833935400142,-136.000001959503,2.17593760440236));
#7146=CARTESIAN_POINT('Ctrl Pts',(19.1833935400142,-135.500001959503,2.17593760440236));
#7147=CARTESIAN_POINT('Ctrl Pts',(19.2496594320983,-136.000001959503,2.15688951313496));
#7148=CARTESIAN_POINT('Ctrl Pts',(19.2496594320983,-135.500001959503,2.15688951313496));
#7149=CARTESIAN_POINT('',(18.7974079977721,-136.000001959503,2.2223737090826));
#7150=CARTESIAN_POINT('Ctrl Pts',(18.7974079977721,-136.000001959503,2.2223737090826));
#7151=CARTESIAN_POINT('Ctrl Pts',(18.8821010589618,-136.000001959503,2.22094756191931));
#7152=CARTESIAN_POINT('Ctrl Pts',(19.0358142475196,-136.000001959503,2.21835918425599));
#7153=CARTESIAN_POINT('Ctrl Pts',(19.1833935400142,-136.000001959503,2.17593760440236));
#7154=CARTESIAN_POINT('Ctrl Pts',(19.2496594320983,-136.000001959503,2.15688951313496));
#7155=CARTESIAN_POINT('',(18.7974079977721,-135.500001959503,2.2223737090826));
#7156=CARTESIAN_POINT('',(18.7974079977721,-136.000001959503,2.2223737090826));
#7157=CARTESIAN_POINT('Ctrl Pts',(18.7974079977721,-135.500001959503,2.2223737090826));
#7158=CARTESIAN_POINT('Ctrl Pts',(18.8821010589618,-135.500001959503,2.22094756191931));
#7159=CARTESIAN_POINT('Ctrl Pts',(19.0358142475196,-135.500001959503,2.21835918425599));
#7160=CARTESIAN_POINT('Ctrl Pts',(19.1833935400142,-135.500001959503,2.17593760440236));
#7161=CARTESIAN_POINT('Ctrl Pts',(19.2496594320983,-135.500001959503,2.15688951313496));
#7162=CARTESIAN_POINT('Ctrl Pts',(18.3042296301574,-136.000001959503,2.14461110532284));
#7163=CARTESIAN_POINT('Ctrl Pts',(18.3042296301574,-135.500001959503,2.14461110532284));
#7164=CARTESIAN_POINT('Ctrl Pts',(18.380274588886,-136.000001959503,2.16727376821701));
#7165=CARTESIAN_POINT('Ctrl Pts',(18.380274588886,-135.500001959503,2.16727376821701));
#7166=CARTESIAN_POINT('Ctrl Pts',(18.541090305767,-136.000001959503,2.2151995274085));
#7167=CARTESIAN_POINT('Ctrl Pts',(18.541090305767,-135.500001959503,2.2151995274085));
#7168=CARTESIAN_POINT('Ctrl Pts',(18.7089330722854,-136.000001959503,2.21989734787601));
#7169=CARTESIAN_POINT('Ctrl Pts',(18.7089330722854,-135.500001959503,2.21989734787601));
#7170=CARTESIAN_POINT('Ctrl Pts',(18.7974079977721,-136.000001959503,2.2223737090826));
#7171=CARTESIAN_POINT('Ctrl Pts',(18.7974079977721,-135.500001959503,2.2223737090826));
#7172=CARTESIAN_POINT('',(18.3042296301574,-136.000001959503,2.14461110532284));
#7173=CARTESIAN_POINT('Ctrl Pts',(18.3042296301574,-136.000001959503,2.14461110532284));
#7174=CARTESIAN_POINT('Ctrl Pts',(18.380274588886,-136.000001959503,2.16727376821701));
#7175=CARTESIAN_POINT('Ctrl Pts',(18.541090305767,-136.000001959503,2.2151995274085));
#7176=CARTESIAN_POINT('Ctrl Pts',(18.7089330722854,-136.000001959503,2.21989734787601));
#7177=CARTESIAN_POINT('Ctrl Pts',(18.7974079977721,-136.000001959503,2.2223737090826));
#7178=CARTESIAN_POINT('',(18.3042296301574,-135.500001959503,2.14461110532284));
#7179=CARTESIAN_POINT('',(18.3042296301574,-136.000001959503,2.14461110532284));
#7180=CARTESIAN_POINT('Ctrl Pts',(18.3042296301574,-135.500001959503,2.14461110532284));
#7181=CARTESIAN_POINT('Ctrl Pts',(18.380274588886,-135.500001959503,2.16727376821701));
#7182=CARTESIAN_POINT('Ctrl Pts',(18.541090305767,-135.500001959503,2.2151995274085));
#7183=CARTESIAN_POINT('Ctrl Pts',(18.7089330722854,-135.500001959503,2.21989734787601));
#7184=CARTESIAN_POINT('Ctrl Pts',(18.7974079977721,-135.500001959503,2.2223737090826));
#7185=CARTESIAN_POINT('Ctrl Pts',(17.9788544308394,-136.000001959503,1.9256479293108));
#7186=CARTESIAN_POINT('Ctrl Pts',(17.9788544308394,-135.500001959503,1.9256479293108));
#7187=CARTESIAN_POINT('Ctrl Pts',(18.0223740070754,-136.000001959503,1.97120592973142));
#7188=CARTESIAN_POINT('Ctrl Pts',(18.0223740070754,-135.500001959503,1.97120592973142));
#7189=CARTESIAN_POINT('Ctrl Pts',(18.1146574653017,-136.000001959503,2.06781187565991));
#7190=CARTESIAN_POINT('Ctrl Pts',(18.1146574653017,-135.500001959503,2.06781187565991));
#7191=CARTESIAN_POINT('Ctrl Pts',(18.2386894032983,-136.000001959503,2.11805953358475));
#7192=CARTESIAN_POINT('Ctrl Pts',(18.2386894032983,-135.500001959503,2.11805953358475));
#7193=CARTESIAN_POINT('Ctrl Pts',(18.3042296301574,-136.000001959503,2.14461110532284));
#7194=CARTESIAN_POINT('Ctrl Pts',(18.3042296301574,-135.500001959503,2.14461110532284));
#7195=CARTESIAN_POINT('',(17.9788544308394,-136.000001959503,1.9256479293108));
#7196=CARTESIAN_POINT('Ctrl Pts',(17.9788544308394,-136.000001959503,1.9256479293108));
#7197=CARTESIAN_POINT('Ctrl Pts',(18.0223740070754,-136.000001959503,1.97120592973142));
#7198=CARTESIAN_POINT('Ctrl Pts',(18.1146574653017,-136.000001959503,2.06781187565991));
#7199=CARTESIAN_POINT('Ctrl Pts',(18.2386894032983,-136.000001959503,2.11805953358475));
#7200=CARTESIAN_POINT('Ctrl Pts',(18.3042296301574,-136.000001959503,2.14461110532284));
#7201=CARTESIAN_POINT('',(17.9788544308394,-135.500001959503,1.9256479293108));
#7202=CARTESIAN_POINT('',(17.9788544308394,-136.000001959503,1.9256479293108));
#7203=CARTESIAN_POINT('Ctrl Pts',(17.9788544308394,-135.500001959503,1.9256479293108));
#7204=CARTESIAN_POINT('Ctrl Pts',(18.0223740070754,-135.500001959503,1.97120592973142));
#7205=CARTESIAN_POINT('Ctrl Pts',(18.1146574653017,-135.500001959503,2.06781187565991));
#7206=CARTESIAN_POINT('Ctrl Pts',(18.2386894032983,-135.500001959503,2.11805953358475));
#7207=CARTESIAN_POINT('Ctrl Pts',(18.3042296301574,-135.500001959503,2.14461110532284));
#7208=CARTESIAN_POINT('Ctrl Pts',(17.817189944908,-136.000001959503,1.55320592224598));
#7209=CARTESIAN_POINT('Ctrl Pts',(17.817189944908,-135.500001959503,1.55320592224598));
#7210=CARTESIAN_POINT('Ctrl Pts',(17.8347291701837,-136.000001959503,1.62461046987591));
#7211=CARTESIAN_POINT('Ctrl Pts',(17.8347291701837,-135.500001959503,1.62461046987591));
#7212=CARTESIAN_POINT('Ctrl Pts',(17.8675229038686,-136.000001959503,1.7581181751511));
#7213=CARTESIAN_POINT('Ctrl Pts',(17.8675229038686,-135.500001959503,1.7581181751511));
#7214=CARTESIAN_POINT('Ctrl Pts',(17.9435085442811,-136.000001959503,1.8724600512067));
#7215=CARTESIAN_POINT('Ctrl Pts',(17.9435085442811,-135.500001959503,1.8724600512067));
#7216=CARTESIAN_POINT('Ctrl Pts',(17.9788544308394,-136.000001959503,1.9256479293108));
#7217=CARTESIAN_POINT('Ctrl Pts',(17.9788544308394,-135.500001959503,1.9256479293108));
#7218=CARTESIAN_POINT('',(17.817189944908,-136.000001959503,1.55320592224598));
#7219=CARTESIAN_POINT('Ctrl Pts',(17.817189944908,-136.000001959503,1.55320592224598));
#7220=CARTESIAN_POINT('Ctrl Pts',(17.8347291701837,-136.000001959503,1.62461046987591));
#7221=CARTESIAN_POINT('Ctrl Pts',(17.8675229038686,-136.000001959503,1.7581181751511));
#7222=CARTESIAN_POINT('Ctrl Pts',(17.9435085442811,-136.000001959503,1.8724600512067));
#7223=CARTESIAN_POINT('Ctrl Pts',(17.9788544308394,-136.000001959503,1.9256479293108));
#7224=CARTESIAN_POINT('',(17.817189944908,-135.500001959503,1.55320592224598));
#7225=CARTESIAN_POINT('',(17.817189944908,-136.000001959503,1.55320592224598));
#7226=CARTESIAN_POINT('Ctrl Pts',(17.817189944908,-135.500001959503,1.55320592224598));
#7227=CARTESIAN_POINT('Ctrl Pts',(17.8347291701837,-135.500001959503,1.62461046987591));
#7228=CARTESIAN_POINT('Ctrl Pts',(17.8675229038686,-135.500001959503,1.7581181751511));
#7229=CARTESIAN_POINT('Ctrl Pts',(17.9435085442811,-135.500001959503,1.8724600512067));
#7230=CARTESIAN_POINT('Ctrl Pts',(17.9788544308394,-135.500001959503,1.9256479293108));
#7231=CARTESIAN_POINT('Origin',(18.1773533951491,-136.000001959503,1.50409273803234));
#7232=CARTESIAN_POINT('',(18.1773533951491,-136.000001959503,1.50409273803234));
#7233=CARTESIAN_POINT('',(180.55811923475,-136.000001959503,-20.6387328598832));
#7234=CARTESIAN_POINT('',(18.1773533951491,-135.500001959503,1.50409273803234));
#7235=CARTESIAN_POINT('',(18.1773533951491,-136.000001959503,1.50409273803234));
#7236=CARTESIAN_POINT('',(18.1773533951491,-135.500001959503,1.50409273803234));
#7237=CARTESIAN_POINT('Ctrl Pts',(18.3594819437712,-136.000001959503,1.82537518441677));
#7238=CARTESIAN_POINT('Ctrl Pts',(18.3594819437712,-135.500001959503,1.82537518441677));
#7239=CARTESIAN_POINT('Ctrl Pts',(18.3203304670288,-136.000001959503,1.78568158702401));
#7240=CARTESIAN_POINT('Ctrl Pts',(18.3203304670288,-135.500001959503,1.78568158702401));
#7241=CARTESIAN_POINT('Ctrl Pts',(18.2313038212119,-136.000001959503,1.69542221163606));
#7242=CARTESIAN_POINT('Ctrl Pts',(18.2313038212119,-135.500001959503,1.69542221163606));
#7243=CARTESIAN_POINT('Ctrl Pts',(18.1967252559389,-136.000001959503,1.57279299117434));
#7244=CARTESIAN_POINT('Ctrl Pts',(18.1967252559389,-135.500001959503,1.57279299117434));
#7245=CARTESIAN_POINT('Ctrl Pts',(18.1773533951491,-136.000001959503,1.50409273803234));
#7246=CARTESIAN_POINT('Ctrl Pts',(18.1773533951491,-135.500001959503,1.50409273803234));
#7247=CARTESIAN_POINT('',(18.3594819437712,-136.000001959503,1.82537518441677));
#7248=CARTESIAN_POINT('Ctrl Pts',(18.3594819437712,-136.000001959503,1.82537518441677));
#7249=CARTESIAN_POINT('Ctrl Pts',(18.3203304670288,-136.000001959503,1.78568158702401));
#7250=CARTESIAN_POINT('Ctrl Pts',(18.2313038212119,-136.000001959503,1.69542221163606));
#7251=CARTESIAN_POINT('Ctrl Pts',(18.1967252559389,-136.000001959503,1.57279299117434));
#7252=CARTESIAN_POINT('Ctrl Pts',(18.1773533951491,-136.000001959503,1.50409273803234));
#7253=CARTESIAN_POINT('',(18.3594819437712,-135.500001959503,1.82537518441677));
#7254=CARTESIAN_POINT('',(18.3594819437712,-136.000001959503,1.82537518441677));
#7255=CARTESIAN_POINT('Ctrl Pts',(18.3594819437712,-135.500001959503,1.82537518441677));
#7256=CARTESIAN_POINT('Ctrl Pts',(18.3203304670288,-135.500001959503,1.78568158702401));
#7257=CARTESIAN_POINT('Ctrl Pts',(18.2313038212119,-135.500001959503,1.69542221163606));
#7258=CARTESIAN_POINT('Ctrl Pts',(18.1967252559389,-135.500001959503,1.57279299117434));
#7259=CARTESIAN_POINT('Ctrl Pts',(18.1773533951491,-135.500001959503,1.50409273803234));
#7260=CARTESIAN_POINT('Ctrl Pts',(18.7442025076598,-136.000001959503,1.91746242344379));
#7261=CARTESIAN_POINT('Ctrl Pts',(18.7442025076598,-135.500001959503,1.91746242344379));
#7262=CARTESIAN_POINT('Ctrl Pts',(18.6671489019332,-136.000001959503,1.91619843127336));
#7263=CARTESIAN_POINT('Ctrl Pts',(18.6671489019332,-135.500001959503,1.91619843127336));
#7264=CARTESIAN_POINT('Ctrl Pts',(18.5314542537455,-136.000001959503,1.91397248777256));
#7265=CARTESIAN_POINT('Ctrl Pts',(18.5314542537455,-135.500001959503,1.91397248777256));
#7266=CARTESIAN_POINT('Ctrl Pts',(18.4113748075971,-136.000001959503,1.85210953367956));
#7267=CARTESIAN_POINT('Ctrl Pts',(18.4113748075971,-135.500001959503,1.85210953367956));
#7268=CARTESIAN_POINT('Ctrl Pts',(18.3594819437712,-136.000001959503,1.82537518441677));
#7269=CARTESIAN_POINT('Ctrl Pts',(18.3594819437712,-135.500001959503,1.82537518441677));
#7270=CARTESIAN_POINT('',(18.7442025076598,-136.000001959503,1.91746242344379));
#7271=CARTESIAN_POINT('Ctrl Pts',(18.7442025076598,-136.000001959503,1.91746242344379));
#7272=CARTESIAN_POINT('Ctrl Pts',(18.6671489019332,-136.000001959503,1.91619843127336));
#7273=CARTESIAN_POINT('Ctrl Pts',(18.5314542537455,-136.000001959503,1.91397248777256));
#7274=CARTESIAN_POINT('Ctrl Pts',(18.4113748075971,-136.000001959503,1.85210953367956));
#7275=CARTESIAN_POINT('Ctrl Pts',(18.3594819437712,-136.000001959503,1.82537518441677));
#7276=CARTESIAN_POINT('',(18.7442025076598,-135.500001959503,1.91746242344379));
#7277=CARTESIAN_POINT('',(18.7442025076598,-136.000001959503,1.91746242344379));
#7278=CARTESIAN_POINT('Ctrl Pts',(18.7442025076598,-135.500001959503,1.91746242344379));
#7279=CARTESIAN_POINT('Ctrl Pts',(18.6671489019332,-135.500001959503,1.91619843127336));
#7280=CARTESIAN_POINT('Ctrl Pts',(18.5314542537455,-135.500001959503,1.91397248777256));
#7281=CARTESIAN_POINT('Ctrl Pts',(18.4113748075971,-135.500001959503,1.85210953367956));
#7282=CARTESIAN_POINT('Ctrl Pts',(18.3594819437712,-135.500001959503,1.82537518441677));
#7283=CARTESIAN_POINT('Ctrl Pts',(19.1637113224715,-136.000001959503,1.79263301193714));
#7284=CARTESIAN_POINT('Ctrl Pts',(19.1637113224715,-135.500001959503,1.79263301193714));
#7285=CARTESIAN_POINT('Ctrl Pts',(19.1068434081926,-136.000001959503,1.82893605083903));
#7286=CARTESIAN_POINT('Ctrl Pts',(19.1068434081926,-135.500001959503,1.82893605083903));
#7287=CARTESIAN_POINT('Ctrl Pts',(18.9796326515636,-136.000001959503,1.91014418208838));
#7288=CARTESIAN_POINT('Ctrl Pts',(18.9796326515636,-135.500001959503,1.91014418208838));
#7289=CARTESIAN_POINT('Ctrl Pts',(18.828032038393,-136.000001959503,1.91485661974999));
#7290=CARTESIAN_POINT('Ctrl Pts',(18.828032038393,-135.500001959503,1.91485661974999));
#7291=CARTESIAN_POINT('Ctrl Pts',(18.7442025076598,-136.000001959503,1.91746242344379));
#7292=CARTESIAN_POINT('Ctrl Pts',(18.7442025076598,-135.500001959503,1.91746242344379));
#7293=CARTESIAN_POINT('',(19.1637113224715,-136.000001959503,1.79263301193714));
#7294=CARTESIAN_POINT('Ctrl Pts',(19.1637113224715,-136.000001959503,1.79263301193714));
#7295=CARTESIAN_POINT('Ctrl Pts',(19.1068434081926,-136.000001959503,1.82893605083903));
#7296=CARTESIAN_POINT('Ctrl Pts',(18.9796326515636,-136.000001959503,1.91014418208838));
#7297=CARTESIAN_POINT('Ctrl Pts',(18.828032038393,-136.000001959503,1.91485661974999));
#7298=CARTESIAN_POINT('Ctrl Pts',(18.7442025076598,-136.000001959503,1.91746242344379));
#7299=CARTESIAN_POINT('',(19.1637113224715,-135.500001959503,1.79263301193714));
#7300=CARTESIAN_POINT('',(19.1637113224715,-136.000001959503,1.79263301193714));
#7301=CARTESIAN_POINT('Ctrl Pts',(19.1637113224715,-135.500001959503,1.79263301193714));
#7302=CARTESIAN_POINT('Ctrl Pts',(19.1068434081926,-135.500001959503,1.82893605083903));
#7303=CARTESIAN_POINT('Ctrl Pts',(18.9796326515636,-135.500001959503,1.91014418208838));
#7304=CARTESIAN_POINT('Ctrl Pts',(18.828032038393,-135.500001959503,1.91485661974999));
#7305=CARTESIAN_POINT('Ctrl Pts',(18.7442025076598,-135.500001959503,1.91746242344379));
#7306=CARTESIAN_POINT('Ctrl Pts',(19.2680766712874,-136.000001959503,1.47544331848621));
#7307=CARTESIAN_POINT('Ctrl Pts',(19.2680766712874,-135.500001959503,1.47544331848621));
#7308=CARTESIAN_POINT('Ctrl Pts',(19.2666071433117,-136.000001959503,1.54200412686879));
#7309=CARTESIAN_POINT('Ctrl Pts',(19.2666071433117,-135.500001959503,1.54200412686879));
#7310=CARTESIAN_POINT('Ctrl Pts',(19.2640160146247,-136.000001959503,1.65936672416801));
#7311=CARTESIAN_POINT('Ctrl Pts',(19.2640160146247,-135.500001959503,1.65936672416801));
#7312=CARTESIAN_POINT('Ctrl Pts',(19.1940129690495,-136.000001959503,1.75237379907229));
#7313=CARTESIAN_POINT('Ctrl Pts',(19.1940129690495,-135.500001959503,1.75237379907229));
#7314=CARTESIAN_POINT('Ctrl Pts',(19.1637113224715,-136.000001959503,1.79263301193714));
#7315=CARTESIAN_POINT('Ctrl Pts',(19.1637113224715,-135.500001959503,1.79263301193714));
#7316=CARTESIAN_POINT('',(19.2680766712874,-136.000001959503,1.47544331848621));
#7317=CARTESIAN_POINT('Ctrl Pts',(19.2680766712874,-136.000001959503,1.47544331848621));
#7318=CARTESIAN_POINT('Ctrl Pts',(19.2666071433117,-136.000001959503,1.54200412686879));
#7319=CARTESIAN_POINT('Ctrl Pts',(19.2640160146247,-136.000001959503,1.65936672416801));
#7320=CARTESIAN_POINT('Ctrl Pts',(19.1940129690495,-136.000001959503,1.75237379907229));
#7321=CARTESIAN_POINT('Ctrl Pts',(19.1637113224715,-136.000001959503,1.79263301193714));
#7322=CARTESIAN_POINT('',(19.2680766712874,-135.500001959503,1.47544331848621));
#7323=CARTESIAN_POINT('',(19.2680766712874,-136.000001959503,1.47544331848621));
#7324=CARTESIAN_POINT('Ctrl Pts',(19.2680766712874,-135.500001959503,1.47544331848621));
#7325=CARTESIAN_POINT('Ctrl Pts',(19.2666071433117,-135.500001959503,1.54200412686879));
#7326=CARTESIAN_POINT('Ctrl Pts',(19.2640160146247,-135.500001959503,1.65936672416801));
#7327=CARTESIAN_POINT('Ctrl Pts',(19.1940129690495,-135.500001959503,1.75237379907229));
#7328=CARTESIAN_POINT('Ctrl Pts',(19.1637113224715,-135.500001959503,1.79263301193714));
#7329=CARTESIAN_POINT('Ctrl Pts',(19.2660304438323,-136.000001959503,1.37926332652569));
#7330=CARTESIAN_POINT('Ctrl Pts',(19.2660304438323,-135.500001959503,1.37926332652569));
#7331=CARTESIAN_POINT('Ctrl Pts',(19.2666076018734,-136.000001959503,1.39989640787059));
#7332=CARTESIAN_POINT('Ctrl Pts',(19.2666076018734,-135.500001959503,1.39989640787059));
#7333=CARTESIAN_POINT('Ctrl Pts',(19.2675042796666,-136.000001959503,1.43195214396371));
#7334=CARTESIAN_POINT('Ctrl Pts',(19.2675042796666,-135.500001959503,1.43195214396371));
#7335=CARTESIAN_POINT('Ctrl Pts',(19.2679262924041,-136.000001959503,1.46401730520577));
#7336=CARTESIAN_POINT('Ctrl Pts',(19.2679262924041,-135.500001959503,1.46401730520577));
#7337=CARTESIAN_POINT('Ctrl Pts',(19.2680766712874,-136.000001959503,1.47544331848621));
#7338=CARTESIAN_POINT('Ctrl Pts',(19.2680766712874,-135.500001959503,1.47544331848621));
#7339=CARTESIAN_POINT('',(19.2660304438323,-136.000001959503,1.37926332652569));
#7340=CARTESIAN_POINT('Ctrl Pts',(19.2660304438323,-136.000001959503,1.37926332652569));
#7341=CARTESIAN_POINT('Ctrl Pts',(19.2666076018734,-136.000001959503,1.39989640787059));
#7342=CARTESIAN_POINT('Ctrl Pts',(19.2675042796666,-136.000001959503,1.43195214396371));
#7343=CARTESIAN_POINT('Ctrl Pts',(19.2679262924041,-136.000001959503,1.46401730520577));
#7344=CARTESIAN_POINT('Ctrl Pts',(19.2680766712874,-136.000001959503,1.47544331848621));
#7345=CARTESIAN_POINT('',(19.2660304438323,-135.500001959503,1.37926332652569));
#7346=CARTESIAN_POINT('',(19.2660304438323,-136.000001959503,1.37926332652569));
#7347=CARTESIAN_POINT('Ctrl Pts',(19.2660304438323,-135.500001959503,1.37926332652569));
#7348=CARTESIAN_POINT('Ctrl Pts',(19.2666076018734,-135.500001959503,1.39989640787059));
#7349=CARTESIAN_POINT('Ctrl Pts',(19.2675042796666,-135.500001959503,1.43195214396371));
#7350=CARTESIAN_POINT('Ctrl Pts',(19.2679262924041,-135.500001959503,1.46401730520577));
#7351=CARTESIAN_POINT('Ctrl Pts',(19.2680766712874,-135.500001959503,1.47544331848621));
#7352=CARTESIAN_POINT('Ctrl Pts',(18.6091407667845,-136.000001959503,1.25238738954067));
#7353=CARTESIAN_POINT('Ctrl Pts',(18.6091407667845,-135.500001959503,1.25238738954067));
#7354=CARTESIAN_POINT('Ctrl Pts',(18.738985134165,-136.000001959503,1.26810642052468));
#7355=CARTESIAN_POINT('Ctrl Pts',(18.738985134165,-135.500001959503,1.26810642052468));
#7356=CARTESIAN_POINT('Ctrl Pts',(18.9610593133286,-136.000001959503,1.2949908435724));
#7357=CARTESIAN_POINT('Ctrl Pts',(18.9610593133286,-135.500001959503,1.2949908435724));
#7358=CARTESIAN_POINT('Ctrl Pts',(19.1765392799405,-136.000001959503,1.35453428882602));
#7359=CARTESIAN_POINT('Ctrl Pts',(19.1765392799405,-135.500001959503,1.35453428882602));
#7360=CARTESIAN_POINT('Ctrl Pts',(19.2660304438323,-136.000001959503,1.37926332652569));
#7361=CARTESIAN_POINT('Ctrl Pts',(19.2660304438323,-135.500001959503,1.37926332652569));
#7362=CARTESIAN_POINT('',(18.6091407667845,-136.000001959503,1.25238738954067));
#7363=CARTESIAN_POINT('Ctrl Pts',(18.6091407667845,-136.000001959503,1.25238738954067));
#7364=CARTESIAN_POINT('Ctrl Pts',(18.738985134165,-136.000001959503,1.26810642052468));
#7365=CARTESIAN_POINT('Ctrl Pts',(18.9610593133286,-136.000001959503,1.2949908435724));
#7366=CARTESIAN_POINT('Ctrl Pts',(19.1765392799405,-136.000001959503,1.35453428882602));
#7367=CARTESIAN_POINT('Ctrl Pts',(19.2660304438323,-136.000001959503,1.37926332652569));
#7368=CARTESIAN_POINT('',(18.6091407667845,-135.500001959503,1.25238738954067));
#7369=CARTESIAN_POINT('',(18.6091407667845,-136.000001959503,1.25238738954067));
#7370=CARTESIAN_POINT('Ctrl Pts',(18.6091407667845,-135.500001959503,1.25238738954067));
#7371=CARTESIAN_POINT('Ctrl Pts',(18.738985134165,-135.500001959503,1.26810642052468));
#7372=CARTESIAN_POINT('Ctrl Pts',(18.9610593133286,-135.500001959503,1.2949908435724));
#7373=CARTESIAN_POINT('Ctrl Pts',(19.1765392799405,-135.500001959503,1.35453428882602));
#7374=CARTESIAN_POINT('Ctrl Pts',(19.2660304438323,-135.500001959503,1.37926332652569));
#7375=CARTESIAN_POINT('Ctrl Pts',(18.2817193400115,-136.000001959503,1.19713507592678));
#7376=CARTESIAN_POINT('Ctrl Pts',(18.2817193400115,-135.500001959503,1.19713507592678));
#7377=CARTESIAN_POINT('Ctrl Pts',(18.3269760188175,-136.000001959503,1.20711658560358));
#7378=CARTESIAN_POINT('Ctrl Pts',(18.3269760188175,-135.500001959503,1.20711658560358));
#7379=CARTESIAN_POINT('Ctrl Pts',(18.4351687675627,-136.000001959503,1.23097885294293));
#7380=CARTESIAN_POINT('Ctrl Pts',(18.4351687675627,-135.500001959503,1.23097885294293));
#7381=CARTESIAN_POINT('Ctrl Pts',(18.5451590599355,-136.000001959503,1.24451396899719));
#7382=CARTESIAN_POINT('Ctrl Pts',(18.5451590599355,-135.500001959503,1.24451396899719));
#7383=CARTESIAN_POINT('Ctrl Pts',(18.6091407667845,-136.000001959503,1.25238738954067));
#7384=CARTESIAN_POINT('Ctrl Pts',(18.6091407667845,-135.500001959503,1.25238738954067));
#7385=CARTESIAN_POINT('',(18.2817193400115,-136.000001959503,1.19713507592678));
#7386=CARTESIAN_POINT('Ctrl Pts',(18.2817193400115,-136.000001959503,1.19713507592678));
#7387=CARTESIAN_POINT('Ctrl Pts',(18.3269760188175,-136.000001959503,1.20711658560358));
#7388=CARTESIAN_POINT('Ctrl Pts',(18.4351687675627,-136.000001959503,1.23097885294293));
#7389=CARTESIAN_POINT('Ctrl Pts',(18.5451590599355,-136.000001959503,1.24451396899719));
#7390=CARTESIAN_POINT('Ctrl Pts',(18.6091407667845,-136.000001959503,1.25238738954067));
#7391=CARTESIAN_POINT('',(18.2817193400115,-135.500001959503,1.19713507592678));
#7392=CARTESIAN_POINT('',(18.2817193400115,-136.000001959503,1.19713507592678));
#7393=CARTESIAN_POINT('Ctrl Pts',(18.2817193400115,-135.500001959503,1.19713507592678));
#7394=CARTESIAN_POINT('Ctrl Pts',(18.3269760188175,-135.500001959503,1.20711658560358));
#7395=CARTESIAN_POINT('Ctrl Pts',(18.4351687675627,-135.500001959503,1.23097885294293));
#7396=CARTESIAN_POINT('Ctrl Pts',(18.5451590599355,-135.500001959503,1.24451396899719));
#7397=CARTESIAN_POINT('Ctrl Pts',(18.6091407667845,-135.500001959503,1.25238738954067));
#7398=CARTESIAN_POINT('Ctrl Pts',(18.0156895052642,-136.000001959503,1.07639841735363));
#7399=CARTESIAN_POINT('Ctrl Pts',(18.0156895052642,-135.500001959503,1.07639841735363));
#7400=CARTESIAN_POINT('Ctrl Pts',(18.0568517696195,-136.000001959503,1.10149267099393));
#7401=CARTESIAN_POINT('Ctrl Pts',(18.0568517696195,-135.500001959503,1.10149267099393));
#7402=CARTESIAN_POINT('Ctrl Pts',(18.1406030657697,-136.000001959503,1.15255099592372));
#7403=CARTESIAN_POINT('Ctrl Pts',(18.1406030657697,-135.500001959503,1.15255099592372));
#7404=CARTESIAN_POINT('Ctrl Pts',(18.2341493709587,-136.000001959503,1.18210588586783));
#7405=CARTESIAN_POINT('Ctrl Pts',(18.2341493709587,-135.500001959503,1.18210588586783));
#7406=CARTESIAN_POINT('Ctrl Pts',(18.2817193400115,-136.000001959503,1.19713507592678));
#7407=CARTESIAN_POINT('Ctrl Pts',(18.2817193400115,-135.500001959503,1.19713507592678));
#7408=CARTESIAN_POINT('',(18.0156895052642,-136.000001959503,1.07639841735363));
#7409=CARTESIAN_POINT('Ctrl Pts',(18.0156895052642,-136.000001959503,1.07639841735363));
#7410=CARTESIAN_POINT('Ctrl Pts',(18.0568517696195,-136.000001959503,1.10149267099393));
#7411=CARTESIAN_POINT('Ctrl Pts',(18.1406030657697,-136.000001959503,1.15255099592372));
#7412=CARTESIAN_POINT('Ctrl Pts',(18.2341493709587,-136.000001959503,1.18210588586783));
#7413=CARTESIAN_POINT('Ctrl Pts',(18.2817193400115,-136.000001959503,1.19713507592678));
#7414=CARTESIAN_POINT('',(18.0156895052642,-135.500001959503,1.07639841735363));
#7415=CARTESIAN_POINT('',(18.0156895052642,-136.000001959503,1.07639841735363));
#7416=CARTESIAN_POINT('Ctrl Pts',(18.0156895052642,-135.500001959503,1.07639841735363));
#7417=CARTESIAN_POINT('Ctrl Pts',(18.0568517696195,-135.500001959503,1.10149267099393));
#7418=CARTESIAN_POINT('Ctrl Pts',(18.1406030657697,-135.500001959503,1.15255099592372));
#7419=CARTESIAN_POINT('Ctrl Pts',(18.2341493709587,-135.500001959503,1.18210588586783));
#7420=CARTESIAN_POINT('Ctrl Pts',(18.2817193400115,-135.500001959503,1.19713507592678));
#7421=CARTESIAN_POINT('Ctrl Pts',(17.825375450775,-136.000001959503,0.863574370741844));
#7422=CARTESIAN_POINT('Ctrl Pts',(17.825375450775,-135.500001959503,0.863574370741844));
#7423=CARTESIAN_POINT('Ctrl Pts',(17.8513399695738,-136.000001959503,0.905431266441344));
#7424=CARTESIAN_POINT('Ctrl Pts',(17.8513399695738,-135.500001959503,0.905431266441344));
#7425=CARTESIAN_POINT('Ctrl Pts',(17.9022994095345,-136.000001959503,0.987581988350125));
#7426=CARTESIAN_POINT('Ctrl Pts',(17.9022994095345,-135.500001959503,0.987581988350125));
#7427=CARTESIAN_POINT('Ctrl Pts',(17.978375301558,-136.000001959503,1.04717087060042));
#7428=CARTESIAN_POINT('Ctrl Pts',(17.978375301558,-135.500001959503,1.04717087060042));
#7429=CARTESIAN_POINT('Ctrl Pts',(18.0156895052642,-136.000001959503,1.07639841735363));
#7430=CARTESIAN_POINT('Ctrl Pts',(18.0156895052642,-135.500001959503,1.07639841735363));
#7431=CARTESIAN_POINT('',(17.825375450775,-136.000001959503,0.863574370741844));
#7432=CARTESIAN_POINT('Ctrl Pts',(17.825375450775,-136.000001959503,0.863574370741844));
#7433=CARTESIAN_POINT('Ctrl Pts',(17.8513399695738,-136.000001959503,0.905431266441344));
#7434=CARTESIAN_POINT('Ctrl Pts',(17.9022994095345,-136.000001959503,0.987581988350125));
#7435=CARTESIAN_POINT('Ctrl Pts',(17.978375301558,-136.000001959503,1.04717087060042));
#7436=CARTESIAN_POINT('Ctrl Pts',(18.0156895052642,-136.000001959503,1.07639841735363));
#7437=CARTESIAN_POINT('',(17.825375450775,-135.500001959503,0.863574370741844));
#7438=CARTESIAN_POINT('',(17.825375450775,-136.000001959503,0.863574370741844));
#7439=CARTESIAN_POINT('Ctrl Pts',(17.825375450775,-135.500001959503,0.863574370741844));
#7440=CARTESIAN_POINT('Ctrl Pts',(17.8513399695738,-135.500001959503,0.905431266441344));
#7441=CARTESIAN_POINT('Ctrl Pts',(17.9022994095345,-135.500001959503,0.987581988350125));
#7442=CARTESIAN_POINT('Ctrl Pts',(17.978375301558,-135.500001959503,1.04717087060042));
#7443=CARTESIAN_POINT('Ctrl Pts',(18.0156895052642,-135.500001959503,1.07639841735363));
#7444=CARTESIAN_POINT('Ctrl Pts',(17.7537521254271,-136.000001959503,0.572987720370293));
#7445=CARTESIAN_POINT('Ctrl Pts',(17.7537521254271,-135.500001959503,0.572987720370293));
#7446=CARTESIAN_POINT('Ctrl Pts',(17.7565213222782,-136.000001959503,0.624602437942373));
#7447=CARTESIAN_POINT('Ctrl Pts',(17.7565213222782,-135.500001959503,0.624602437942373));
#7448=CARTESIAN_POINT('Ctrl Pts',(17.7619641950401,-136.000001959503,0.726051470095339));
#7449=CARTESIAN_POINT('Ctrl Pts',(17.7619641950401,-135.500001959503,0.726051470095339));
#7450=CARTESIAN_POINT('Ctrl Pts',(17.8044871208002,-136.000001959503,0.818272890831099));
#7451=CARTESIAN_POINT('Ctrl Pts',(17.8044871208002,-135.500001959503,0.818272890831099));
#7452=CARTESIAN_POINT('Ctrl Pts',(17.825375450775,-136.000001959503,0.863574370741844));
#7453=CARTESIAN_POINT('Ctrl Pts',(17.825375450775,-135.500001959503,0.863574370741844));
#7454=CARTESIAN_POINT('',(17.7537521254271,-136.000001959503,0.572987720370293));
#7455=CARTESIAN_POINT('Ctrl Pts',(17.7537521254271,-136.000001959503,0.572987720370293));
#7456=CARTESIAN_POINT('Ctrl Pts',(17.7565213222782,-136.000001959503,0.624602437942373));
#7457=CARTESIAN_POINT('Ctrl Pts',(17.7619641950401,-136.000001959503,0.726051470095339));
#7458=CARTESIAN_POINT('Ctrl Pts',(17.8044871208002,-136.000001959503,0.818272890831099));
#7459=CARTESIAN_POINT('Ctrl Pts',(17.825375450775,-136.000001959503,0.863574370741844));
#7460=CARTESIAN_POINT('',(17.7537521254271,-135.500001959503,0.572987720370293));
#7461=CARTESIAN_POINT('',(17.7537521254271,-136.000001959503,0.572987720370293));
#7462=CARTESIAN_POINT('Ctrl Pts',(17.7537521254271,-135.500001959503,0.572987720370293));
#7463=CARTESIAN_POINT('Ctrl Pts',(17.7565213222782,-135.500001959503,0.624602437942373));
#7464=CARTESIAN_POINT('Ctrl Pts',(17.7619641950401,-135.500001959503,0.726051470095339));
#7465=CARTESIAN_POINT('Ctrl Pts',(17.8044871208002,-135.500001959503,0.818272890831099));
#7466=CARTESIAN_POINT('Ctrl Pts',(17.825375450775,-135.500001959503,0.863574370741844));
#7467=CARTESIAN_POINT('Ctrl Pts',(17.9461124073714,-136.000001959503,0.124829337000847));
#7468=CARTESIAN_POINT('Ctrl Pts',(17.9461124073714,-135.500001959503,0.124829337000847));
#7469=CARTESIAN_POINT('Ctrl Pts',(17.890009473303,-136.000001959503,0.188042531064259));
#7470=CARTESIAN_POINT('Ctrl Pts',(17.890009473303,-135.500001959503,0.188042531064259));
#7471=CARTESIAN_POINT('Ctrl Pts',(17.7764139800848,-136.000001959503,0.316034659760753));
#7472=CARTESIAN_POINT('Ctrl Pts',(17.7764139800848,-135.500001959503,0.316034659760753));
#7473=CARTESIAN_POINT('Ctrl Pts',(17.76136743229,-136.000001959503,0.486641018591003));
#7474=CARTESIAN_POINT('Ctrl Pts',(17.76136743229,-135.500001959503,0.486641018591003));
#7475=CARTESIAN_POINT('Ctrl Pts',(17.7537521254271,-136.000001959503,0.572987720370293));
#7476=CARTESIAN_POINT('Ctrl Pts',(17.7537521254271,-135.500001959503,0.572987720370293));
#7477=CARTESIAN_POINT('',(17.9461124073714,-136.000001959503,0.124829337000847));
#7478=CARTESIAN_POINT('Ctrl Pts',(17.9461124073714,-136.000001959503,0.124829337000847));
#7479=CARTESIAN_POINT('Ctrl Pts',(17.890009473303,-136.000001959503,0.188042531064259));
#7480=CARTESIAN_POINT('Ctrl Pts',(17.7764139800848,-136.000001959503,0.316034659760753));
#7481=CARTESIAN_POINT('Ctrl Pts',(17.76136743229,-136.000001959503,0.486641018591003));
#7482=CARTESIAN_POINT('Ctrl Pts',(17.7537521254271,-136.000001959503,0.572987720370293));
#7483=CARTESIAN_POINT('',(17.9461124073714,-135.500001959503,0.124829337000847));
#7484=CARTESIAN_POINT('',(17.9461124073714,-136.000001959503,0.124829337000847));
#7485=CARTESIAN_POINT('Ctrl Pts',(17.9461124073714,-135.500001959503,0.124829337000847));
#7486=CARTESIAN_POINT('Ctrl Pts',(17.890009473303,-135.500001959503,0.188042531064259));
#7487=CARTESIAN_POINT('Ctrl Pts',(17.7764139800848,-135.500001959503,0.316034659760753));
#7488=CARTESIAN_POINT('Ctrl Pts',(17.76136743229,-135.500001959503,0.486641018591003));
#7489=CARTESIAN_POINT('Ctrl Pts',(17.7537521254271,-135.500001959503,0.572987720370293));
#7490=CARTESIAN_POINT('Ctrl Pts',(18.4965899121016,-136.000001959503,-0.0491134077310562));
#7491=CARTESIAN_POINT('Ctrl Pts',(18.4965899121016,-135.500001959503,-0.0491134077310562));
#7492=CARTESIAN_POINT('Ctrl Pts',(18.3876254193356,-136.000001959503,-0.044800775727748));
#7493=CARTESIAN_POINT('Ctrl Pts',(18.3876254193356,-135.500001959503,-0.044800775727748));
#7494=CARTESIAN_POINT('Ctrl Pts',(18.1873941802817,-136.000001959503,-0.0368759588659817));
#7495=CARTESIAN_POINT('Ctrl Pts',(18.1873941802817,-135.500001959503,-0.0368759588659817));
#7496=CARTESIAN_POINT('Ctrl Pts',(18.0216566768327,-136.000001959503,0.0742001150047561));
#7497=CARTESIAN_POINT('Ctrl Pts',(18.0216566768327,-135.500001959503,0.0742001150047561));
#7498=CARTESIAN_POINT('Ctrl Pts',(17.9461124073714,-136.000001959503,0.124829337000847));
#7499=CARTESIAN_POINT('Ctrl Pts',(17.9461124073714,-135.500001959503,0.124829337000847));
#7500=CARTESIAN_POINT('',(18.4965899121016,-136.000001959503,-0.0491134077310562));
#7501=CARTESIAN_POINT('Ctrl Pts',(18.4965899121016,-136.000001959503,-0.0491134077310562));
#7502=CARTESIAN_POINT('Ctrl Pts',(18.3876254193356,-136.000001959503,-0.044800775727748));
#7503=CARTESIAN_POINT('Ctrl Pts',(18.1873941802817,-136.000001959503,-0.0368759588659817));
#7504=CARTESIAN_POINT('Ctrl Pts',(18.0216566768327,-136.000001959503,0.0742001150047561));
#7505=CARTESIAN_POINT('Ctrl Pts',(17.9461124073714,-136.000001959503,0.124829337000847));
#7506=CARTESIAN_POINT('',(18.4965899121016,-135.500001959503,-0.0491134077310562));
#7507=CARTESIAN_POINT('',(18.4965899121016,-136.000001959503,-0.0491134077310562));
#7508=CARTESIAN_POINT('Ctrl Pts',(18.4965899121016,-135.500001959503,-0.0491134077310562));
#7509=CARTESIAN_POINT('Ctrl Pts',(18.3876254193356,-135.500001959503,-0.044800775727748));
#7510=CARTESIAN_POINT('Ctrl Pts',(18.1873941802817,-135.500001959503,-0.0368759588659817));
#7511=CARTESIAN_POINT('Ctrl Pts',(18.0216566768327,-135.500001959503,0.0742001150047561));
#7512=CARTESIAN_POINT('Ctrl Pts',(17.9461124073714,-135.500001959503,0.124829337000847));
#7513=CARTESIAN_POINT('Ctrl Pts',(18.9017739426345,-136.000001959503,0.0225102156400681));
#7514=CARTESIAN_POINT('Ctrl Pts',(18.9017739426345,-135.500001959503,0.0225102156400681));
#7515=CARTESIAN_POINT('Ctrl Pts',(18.8371631548933,-136.000001959503,0.00162206351163597));
#7516=CARTESIAN_POINT('Ctrl Pts',(18.8371631548933,-135.500001959503,0.00162206351163597));
#7517=CARTESIAN_POINT('Ctrl Pts',(18.7054426904965,-136.000001959503,-0.0409621115919467));
#7518=CARTESIAN_POINT('Ctrl Pts',(18.7054426904965,-135.500001959503,-0.0409621115919467));
#7519=CARTESIAN_POINT('Ctrl Pts',(18.5670824559007,-136.000001959503,-0.0463621606347925));
#7520=CARTESIAN_POINT('Ctrl Pts',(18.5670824559007,-135.500001959503,-0.0463621606347925));
#7521=CARTESIAN_POINT('Ctrl Pts',(18.4965899121016,-136.000001959503,-0.0491134077310562));
#7522=CARTESIAN_POINT('Ctrl Pts',(18.4965899121016,-135.500001959503,-0.0491134077310562));
#7523=CARTESIAN_POINT('',(18.9017739426345,-136.000001959503,0.0225102156400681));
#7524=CARTESIAN_POINT('Ctrl Pts',(18.9017739426345,-136.000001959503,0.0225102156400681));
#7525=CARTESIAN_POINT('Ctrl Pts',(18.8371631548933,-136.000001959503,0.00162206351163596));
#7526=CARTESIAN_POINT('Ctrl Pts',(18.7054426904965,-136.000001959503,-0.0409621115919467));
#7527=CARTESIAN_POINT('Ctrl Pts',(18.5670824559007,-136.000001959503,-0.0463621606347925));
#7528=CARTESIAN_POINT('Ctrl Pts',(18.4965899121016,-136.000001959503,-0.0491134077310562));
#7529=CARTESIAN_POINT('',(18.9017739426345,-135.500001959503,0.0225102156400681));
#7530=CARTESIAN_POINT('',(18.9017739426345,-136.000001959503,0.0225102156400681));
#7531=CARTESIAN_POINT('Ctrl Pts',(18.9017739426345,-135.500001959503,0.0225102156400681));
#7532=CARTESIAN_POINT('Ctrl Pts',(18.8371631548933,-135.500001959503,0.00162206351163596));
#7533=CARTESIAN_POINT('Ctrl Pts',(18.7054426904965,-135.500001959503,-0.0409621115919467));
#7534=CARTESIAN_POINT('Ctrl Pts',(18.5670824559007,-135.500001959503,-0.0463621606347925));
#7535=CARTESIAN_POINT('Ctrl Pts',(18.4965899121016,-135.500001959503,-0.0491134077310562));
#7536=CARTESIAN_POINT('Ctrl Pts',(19.2967262398452,-136.000001959503,0.268076285719872));
#7537=CARTESIAN_POINT('Ctrl Pts',(19.2967262398452,-135.500001959503,0.268076285719872));
#7538=CARTESIAN_POINT('Ctrl Pts',(19.2316982436817,-136.000001959503,0.215376038047864));
#7539=CARTESIAN_POINT('Ctrl Pts',(19.2316982436817,-135.500001959503,0.215376038047864));
#7540=CARTESIAN_POINT('Ctrl Pts',(19.1102239291038,-136.000001959503,0.116930340168062));
#7541=CARTESIAN_POINT('Ctrl Pts',(19.1102239291038,-135.500001959503,0.116930340168062));
#7542=CARTESIAN_POINT('Ctrl Pts',(18.9679058696169,-136.000001959503,0.0524655295584031));
#7543=CARTESIAN_POINT('Ctrl Pts',(18.9679058696169,-135.500001959503,0.0524655295584031));
#7544=CARTESIAN_POINT('Ctrl Pts',(18.9017739426345,-136.000001959503,0.0225102156400681));
#7545=CARTESIAN_POINT('Ctrl Pts',(18.9017739426345,-135.500001959503,0.0225102156400681));
#7546=CARTESIAN_POINT('',(19.2967262398452,-136.000001959503,0.268076285719872));
#7547=CARTESIAN_POINT('Ctrl Pts',(19.2967262398452,-136.000001959503,0.268076285719872));
#7548=CARTESIAN_POINT('Ctrl Pts',(19.2316982436817,-136.000001959503,0.215376038047864));
#7549=CARTESIAN_POINT('Ctrl Pts',(19.1102239291038,-136.000001959503,0.116930340168062));
#7550=CARTESIAN_POINT('Ctrl Pts',(18.9679058696169,-136.000001959503,0.0524655295584031));
#7551=CARTESIAN_POINT('Ctrl Pts',(18.9017739426345,-136.000001959503,0.0225102156400681));
#7552=CARTESIAN_POINT('',(19.2967262398452,-135.500001959503,0.268076285719872));
#7553=CARTESIAN_POINT('',(19.2967262398452,-136.000001959503,0.268076285719872));
#7554=CARTESIAN_POINT('Ctrl Pts',(19.2967262398452,-135.500001959503,0.268076285719872));
#7555=CARTESIAN_POINT('Ctrl Pts',(19.2316982436817,-135.500001959503,0.215376038047864));
#7556=CARTESIAN_POINT('Ctrl Pts',(19.1102239291038,-135.500001959503,0.116930340168062));
#7557=CARTESIAN_POINT('Ctrl Pts',(18.9679058696169,-135.500001959503,0.0524655295584031));
#7558=CARTESIAN_POINT('Ctrl Pts',(18.9017739426345,-135.500001959503,0.0225102156400681));
#7559=CARTESIAN_POINT('Ctrl Pts',(19.3703957926482,-136.000001959503,-7.45058059692383E-8));
#7560=CARTESIAN_POINT('Ctrl Pts',(19.3703957926482,-135.500001959503,-7.45058059692383E-8));
#7561=CARTESIAN_POINT('Ctrl Pts',(19.3528909405209,-136.000001959503,0.0409318924992164));
#7562=CARTESIAN_POINT('Ctrl Pts',(19.3528909405209,-135.500001959503,0.0409318924992164));
#7563=CARTESIAN_POINT('Ctrl Pts',(19.3161338276341,-136.000001959503,0.126881829176371));
#7564=CARTESIAN_POINT('Ctrl Pts',(19.3161338276341,-135.500001959503,0.126881829176371));
#7565=CARTESIAN_POINT('Ctrl Pts',(19.3033972650058,-136.000001959503,0.219543114962781));
#7566=CARTESIAN_POINT('Ctrl Pts',(19.3033972650058,-135.500001959503,0.219543114962781));
#7567=CARTESIAN_POINT('Ctrl Pts',(19.2967262398452,-136.000001959503,0.268076285719872));
#7568=CARTESIAN_POINT('Ctrl Pts',(19.2967262398452,-135.500001959503,0.268076285719872));
#7569=CARTESIAN_POINT('Ctrl Pts',(19.3703957926482,-136.000001959503,-7.45058059692383E-8));
#7570=CARTESIAN_POINT('Ctrl Pts',(19.3528909405209,-136.000001959503,0.0409318924992164));
#7571=CARTESIAN_POINT('Ctrl Pts',(19.3161338276341,-136.000001959503,0.126881829176371));
#7572=CARTESIAN_POINT('Ctrl Pts',(19.3033972650058,-136.000001959503,0.219543114962781));
#7573=CARTESIAN_POINT('Ctrl Pts',(19.2967262398452,-136.000001959503,0.268076285719872));
#7574=CARTESIAN_POINT('Ctrl Pts',(19.3703957926482,-135.500001959503,-7.45058059692383E-8));
#7575=CARTESIAN_POINT('Ctrl Pts',(19.3528909405209,-135.500001959503,0.0409318924992164));
#7576=CARTESIAN_POINT('Ctrl Pts',(19.3161338276341,-135.500001959503,0.126881829176371));
#7577=CARTESIAN_POINT('Ctrl Pts',(19.3033972650058,-135.500001959503,0.219543114962781));
#7578=CARTESIAN_POINT('Ctrl Pts',(19.2967262398452,-135.500001959503,0.268076285719872));
#7579=CARTESIAN_POINT('Origin',(19.7060026740655,-135.500001959503,1.48158244788647));
#7580=CARTESIAN_POINT('Origin',(20.5736687313765,-136.000001959503,1.13778971135616));
#7581=CARTESIAN_POINT('',(20.5736687313765,-136.000001959503,1.13778971135616));
#7582=CARTESIAN_POINT('',(20.5736687313765,-136.000001959503,-7.45058059692383E-8));
#7583=CARTESIAN_POINT('',(20.5736687313765,-136.000001959503,-0.431105144321869));
#7584=CARTESIAN_POINT('',(20.5736687313765,-135.500001959503,1.13778971135616));
#7585=CARTESIAN_POINT('',(20.5736687313765,-136.000001959503,1.13778971135616));
#7586=CARTESIAN_POINT('',(20.5736687313765,-135.500001959503,-7.45058059692383E-8));
#7587=CARTESIAN_POINT('',(20.5736687313765,-135.500001959503,1.13778971135616));
#7588=CARTESIAN_POINT('',(20.5736687313765,-136.000001959503,-7.45058059692383E-8));
#7589=CARTESIAN_POINT('Ctrl Pts',(20.6350603234023,-136.000001959503,1.56753070652485));
#7590=CARTESIAN_POINT('Ctrl Pts',(20.6350603234023,-135.500001959503,1.56753070652485));
#7591=CARTESIAN_POINT('Ctrl Pts',(20.6171590233084,-136.000001959503,1.49934780953437));
#7592=CARTESIAN_POINT('Ctrl Pts',(20.6171590233084,-135.500001959503,1.49934780953437));
#7593=CARTESIAN_POINT('Ctrl Pts',(20.5801799238689,-136.000001959503,1.35850093725843));
#7594=CARTESIAN_POINT('Ctrl Pts',(20.5801799238689,-135.500001959503,1.35850093725843));
#7595=CARTESIAN_POINT('Ctrl Pts',(20.5758846802885,-136.000001959503,1.21290418561993));
#7596=CARTESIAN_POINT('Ctrl Pts',(20.5758846802885,-135.500001959503,1.21290418561993));
#7597=CARTESIAN_POINT('Ctrl Pts',(20.5736687313765,-136.000001959503,1.13778971135616));
#7598=CARTESIAN_POINT('Ctrl Pts',(20.5736687313765,-135.500001959503,1.13778971135616));
#7599=CARTESIAN_POINT('',(20.6350603234023,-136.000001959503,1.56753070652485));
#7600=CARTESIAN_POINT('Ctrl Pts',(20.6350603234023,-136.000001959503,1.56753070652485));
#7601=CARTESIAN_POINT('Ctrl Pts',(20.6171590233084,-136.000001959503,1.49934780953437));
#7602=CARTESIAN_POINT('Ctrl Pts',(20.5801799238689,-136.000001959503,1.35850093725843));
#7603=CARTESIAN_POINT('Ctrl Pts',(20.5758846802885,-136.000001959503,1.21290418561993));
#7604=CARTESIAN_POINT('Ctrl Pts',(20.5736687313765,-136.000001959503,1.13778971135616));
#7605=CARTESIAN_POINT('',(20.6350603234023,-135.500001959503,1.56753070652485));
#7606=CARTESIAN_POINT('',(20.6350603234023,-136.000001959503,1.56753070652485));
#7607=CARTESIAN_POINT('Ctrl Pts',(20.6350603234023,-135.500001959503,1.56753070652485));
#7608=CARTESIAN_POINT('Ctrl Pts',(20.6171590233084,-135.500001959503,1.49934780953437));
#7609=CARTESIAN_POINT('Ctrl Pts',(20.5801799238689,-135.500001959503,1.35850093725843));
#7610=CARTESIAN_POINT('Ctrl Pts',(20.5758846802885,-135.500001959503,1.21290418561993));
#7611=CARTESIAN_POINT('Ctrl Pts',(20.5736687313765,-135.500001959503,1.13778971135616));
#7612=CARTESIAN_POINT('Ctrl Pts',(20.7721688877791,-136.000001959503,1.76807634532452));
#7613=CARTESIAN_POINT('Ctrl Pts',(20.7721688877791,-135.500001959503,1.76807634532452));
#7614=CARTESIAN_POINT('Ctrl Pts',(20.7422086729508,-136.000001959503,1.74115828308953));
#7615=CARTESIAN_POINT('Ctrl Pts',(20.7422086729508,-135.500001959503,1.74115828308953));
#7616=CARTESIAN_POINT('Ctrl Pts',(20.680285809539,-136.000001959503,1.68552305147853));
#7617=CARTESIAN_POINT('Ctrl Pts',(20.680285809539,-135.500001959503,1.68552305147853));
#7618=CARTESIAN_POINT('Ctrl Pts',(20.6504570154976,-136.000001959503,1.60770035333347));
#7619=CARTESIAN_POINT('Ctrl Pts',(20.6504570154976,-135.500001959503,1.60770035333347));
#7620=CARTESIAN_POINT('Ctrl Pts',(20.6350603234023,-136.000001959503,1.56753070652485));
#7621=CARTESIAN_POINT('Ctrl Pts',(20.6350603234023,-135.500001959503,1.56753070652485));
#7622=CARTESIAN_POINT('',(20.7721688877791,-136.000001959503,1.76807634532452));
#7623=CARTESIAN_POINT('Ctrl Pts',(20.7721688877791,-136.000001959503,1.76807634532452));
#7624=CARTESIAN_POINT('Ctrl Pts',(20.7422086729508,-136.000001959503,1.74115828308953));
#7625=CARTESIAN_POINT('Ctrl Pts',(20.680285809539,-136.000001959503,1.68552305147853));
#7626=CARTESIAN_POINT('Ctrl Pts',(20.6504570154976,-136.000001959503,1.60770035333347));
#7627=CARTESIAN_POINT('Ctrl Pts',(20.6350603234023,-136.000001959503,1.56753070652485));
#7628=CARTESIAN_POINT('',(20.7721688877791,-135.500001959503,1.76807634532452));
#7629=CARTESIAN_POINT('',(20.7721688877791,-136.000001959503,1.76807634532452));
#7630=CARTESIAN_POINT('Ctrl Pts',(20.7721688877791,-135.500001959503,1.76807634532452));
#7631=CARTESIAN_POINT('Ctrl Pts',(20.7422086729508,-135.500001959503,1.74115828308953));
#7632=CARTESIAN_POINT('Ctrl Pts',(20.680285809539,-135.500001959503,1.68552305147853));
#7633=CARTESIAN_POINT('Ctrl Pts',(20.6504570154976,-135.500001959503,1.60770035333347));
#7634=CARTESIAN_POINT('Ctrl Pts',(20.6350603234023,-135.500001959503,1.56753070652485));
#7635=CARTESIAN_POINT('Ctrl Pts',(20.9890856873244,-136.000001959503,1.84174619615078));
#7636=CARTESIAN_POINT('Ctrl Pts',(20.9890856873244,-135.500001959503,1.84174619615078));
#7637=CARTESIAN_POINT('Ctrl Pts',(20.9498481547317,-136.000001959503,1.83866524237193));
#7638=CARTESIAN_POINT('Ctrl Pts',(20.9498481547317,-135.500001959503,1.83866524237193));
#7639=CARTESIAN_POINT('Ctrl Pts',(20.871300447417,-136.000001959503,1.8324976309122));
#7640=CARTESIAN_POINT('Ctrl Pts',(20.871300447417,-135.500001959503,1.8324976309122));
#7641=CARTESIAN_POINT('Ctrl Pts',(20.8052331076894,-136.000001959503,1.78956334261737));
#7642=CARTESIAN_POINT('Ctrl Pts',(20.8052331076894,-135.500001959503,1.78956334261737));
#7643=CARTESIAN_POINT('Ctrl Pts',(20.7721688877791,-136.000001959503,1.76807634532452));
#7644=CARTESIAN_POINT('Ctrl Pts',(20.7721688877791,-135.500001959503,1.76807634532452));
#7645=CARTESIAN_POINT('',(20.9890856873244,-136.000001959503,1.84174619615078));
#7646=CARTESIAN_POINT('Ctrl Pts',(20.9890856873244,-136.000001959503,1.84174619615078));
#7647=CARTESIAN_POINT('Ctrl Pts',(20.9498481547317,-136.000001959503,1.83866524237193));
#7648=CARTESIAN_POINT('Ctrl Pts',(20.871300447417,-136.000001959503,1.8324976309122));
#7649=CARTESIAN_POINT('Ctrl Pts',(20.8052331076894,-136.000001959503,1.78956334261737));
#7650=CARTESIAN_POINT('Ctrl Pts',(20.7721688877791,-136.000001959503,1.76807634532452));
#7651=CARTESIAN_POINT('',(20.9890856873244,-135.500001959503,1.84174619615078));
#7652=CARTESIAN_POINT('',(20.9890856873244,-136.000001959503,1.84174619615078));
#7653=CARTESIAN_POINT('Ctrl Pts',(20.9890856873244,-135.500001959503,1.84174619615078));
#7654=CARTESIAN_POINT('Ctrl Pts',(20.9498481547317,-135.500001959503,1.83866524237193));
#7655=CARTESIAN_POINT('Ctrl Pts',(20.871300447417,-135.500001959503,1.8324976309122));
#7656=CARTESIAN_POINT('Ctrl Pts',(20.8052331076894,-135.500001959503,1.78956334261737));
#7657=CARTESIAN_POINT('Ctrl Pts',(20.7721688877791,-135.500001959503,1.76807634532452));
#7658=CARTESIAN_POINT('Ctrl Pts',(21.259207976982,-136.000001959503,1.76193721592426));
#7659=CARTESIAN_POINT('Ctrl Pts',(21.259207976982,-135.500001959503,1.76193721592426));
#7660=CARTESIAN_POINT('Ctrl Pts',(21.2151474173273,-136.000001959503,1.78520409646572));
#7661=CARTESIAN_POINT('Ctrl Pts',(21.2151474173273,-135.500001959503,1.78520409646572));
#7662=CARTESIAN_POINT('Ctrl Pts',(21.1303681255998,-136.000001959503,1.82997315224878));
#7663=CARTESIAN_POINT('Ctrl Pts',(21.1303681255998,-135.500001959503,1.82997315224878));
#7664=CARTESIAN_POINT('Ctrl Pts',(21.0349257856505,-136.000001959503,1.83792634779134));
#7665=CARTESIAN_POINT('Ctrl Pts',(21.0349257856505,-135.500001959503,1.83792634779134));
#7666=CARTESIAN_POINT('Ctrl Pts',(20.9890856873244,-136.000001959503,1.84174619615078));
#7667=CARTESIAN_POINT('Ctrl Pts',(20.9890856873244,-135.500001959503,1.84174619615078));
#7668=CARTESIAN_POINT('',(21.259207976982,-136.000001959503,1.76193721592426));
#7669=CARTESIAN_POINT('Ctrl Pts',(21.259207976982,-136.000001959503,1.76193721592426));
#7670=CARTESIAN_POINT('Ctrl Pts',(21.2151474173273,-136.000001959503,1.78520409646572));
#7671=CARTESIAN_POINT('Ctrl Pts',(21.1303681255998,-136.000001959503,1.82997315224878));
#7672=CARTESIAN_POINT('Ctrl Pts',(21.0349257856505,-136.000001959503,1.83792634779134));
#7673=CARTESIAN_POINT('Ctrl Pts',(20.9890856873244,-136.000001959503,1.84174619615078));
#7674=CARTESIAN_POINT('',(21.259207976982,-135.500001959503,1.76193721592426));
#7675=CARTESIAN_POINT('',(21.259207976982,-136.000001959503,1.76193721592426));
#7676=CARTESIAN_POINT('Ctrl Pts',(21.259207976982,-135.500001959503,1.76193721592426));
#7677=CARTESIAN_POINT('Ctrl Pts',(21.2151474173273,-135.500001959503,1.78520409646572));
#7678=CARTESIAN_POINT('Ctrl Pts',(21.1303681255998,-135.500001959503,1.82997315224878));
#7679=CARTESIAN_POINT('Ctrl Pts',(21.0349257856505,-135.500001959503,1.83792634779134));
#7680=CARTESIAN_POINT('Ctrl Pts',(20.9890856873244,-135.500001959503,1.84174619615078));
#7681=CARTESIAN_POINT('Origin',(21.3860836159438,-136.000001959503,2.1036834269762));
#7682=CARTESIAN_POINT('',(21.3860836159438,-136.000001959503,2.1036834269762));
#7683=CARTESIAN_POINT('',(40.5291357235729,-136.000001959503,53.6665017842672));
#7684=CARTESIAN_POINT('',(21.3860836159438,-135.500001959503,2.1036834269762));
#7685=CARTESIAN_POINT('',(21.3860836159438,-136.000001959503,2.1036834269762));
#7686=CARTESIAN_POINT('',(21.3860836159438,-135.500001959503,2.1036834269762));
#7687=CARTESIAN_POINT('Ctrl Pts',(21.0075023304671,-136.000001959503,2.2223737090826));
#7688=CARTESIAN_POINT('Ctrl Pts',(21.0075023304671,-135.500001959503,2.2223737090826));
#7689=CARTESIAN_POINT('Ctrl Pts',(21.0713125497325,-136.000001959503,2.2164908416281));
#7690=CARTESIAN_POINT('Ctrl Pts',(21.0713125497325,-135.500001959503,2.2164908416281));
#7691=CARTESIAN_POINT('Ctrl Pts',(21.2058083055812,-136.000001959503,2.20409124930637));
#7692=CARTESIAN_POINT('Ctrl Pts',(21.2058083055812,-135.500001959503,2.20409124930637));
#7693=CARTESIAN_POINT('Ctrl Pts',(21.3239782607495,-136.000001959503,2.13827420625459));
#7694=CARTESIAN_POINT('Ctrl Pts',(21.3239782607495,-135.500001959503,2.13827420625459));
#7695=CARTESIAN_POINT('Ctrl Pts',(21.3860836159438,-136.000001959503,2.1036834269762));
#7696=CARTESIAN_POINT('Ctrl Pts',(21.3860836159438,-135.500001959503,2.1036834269762));
#7697=CARTESIAN_POINT('',(21.0075023304671,-136.000001959503,2.2223737090826));
#7698=CARTESIAN_POINT('Ctrl Pts',(21.0075023304671,-136.000001959503,2.2223737090826));
#7699=CARTESIAN_POINT('Ctrl Pts',(21.0713125497325,-136.000001959503,2.2164908416281));
#7700=CARTESIAN_POINT('Ctrl Pts',(21.2058083055812,-136.000001959503,2.20409124930637));
#7701=CARTESIAN_POINT('Ctrl Pts',(21.3239782607495,-136.000001959503,2.13827420625459));
#7702=CARTESIAN_POINT('Ctrl Pts',(21.3860836159438,-136.000001959503,2.1036834269762));
#7703=CARTESIAN_POINT('',(21.0075023304671,-135.500001959503,2.2223737090826));
#7704=CARTESIAN_POINT('',(21.0075023304671,-136.000001959503,2.2223737090826));
#7705=CARTESIAN_POINT('Ctrl Pts',(21.0075023304671,-135.500001959503,2.2223737090826));
#7706=CARTESIAN_POINT('Ctrl Pts',(21.0713125497325,-135.500001959503,2.2164908416281));
#7707=CARTESIAN_POINT('Ctrl Pts',(21.2058083055812,-135.500001959503,2.20409124930637));
#7708=CARTESIAN_POINT('Ctrl Pts',(21.3239782607495,-135.500001959503,2.13827420625459));
#7709=CARTESIAN_POINT('Ctrl Pts',(21.3860836159438,-135.500001959503,2.1036834269762));
#7710=CARTESIAN_POINT('Ctrl Pts',(20.7701220642775,-136.000001959503,2.14870385825634));
#7711=CARTESIAN_POINT('Ctrl Pts',(20.7701220642775,-135.500001959503,2.14870385825634));
#7712=CARTESIAN_POINT('Ctrl Pts',(20.8070298965014,-136.000001959503,2.17019073562867));
#7713=CARTESIAN_POINT('Ctrl Pts',(20.8070298965014,-135.500001959503,2.17019073562867));
#7714=CARTESIAN_POINT('Ctrl Pts',(20.8805146065495,-136.000001959503,2.21297181645642));
#7715=CARTESIAN_POINT('Ctrl Pts',(20.8805146065495,-135.500001959503,2.21297181645642));
#7716=CARTESIAN_POINT('Ctrl Pts',(20.965300372884,-136.000001959503,2.21924916868161));
#7717=CARTESIAN_POINT('Ctrl Pts',(20.965300372884,-135.500001959503,2.21924916868161));
#7718=CARTESIAN_POINT('Ctrl Pts',(21.0075023304671,-136.000001959503,2.2223737090826));
#7719=CARTESIAN_POINT('Ctrl Pts',(21.0075023304671,-135.500001959503,2.2223737090826));
#7720=CARTESIAN_POINT('',(20.7701220642775,-136.000001959503,2.14870385825634));
#7721=CARTESIAN_POINT('Ctrl Pts',(20.7701220642775,-136.000001959503,2.14870385825634));
#7722=CARTESIAN_POINT('Ctrl Pts',(20.8070298965014,-136.000001959503,2.17019073562867));
#7723=CARTESIAN_POINT('Ctrl Pts',(20.8805146065495,-136.000001959503,2.21297181645642));
#7724=CARTESIAN_POINT('Ctrl Pts',(20.965300372884,-136.000001959503,2.21924916868161));
#7725=CARTESIAN_POINT('Ctrl Pts',(21.0075023304671,-136.000001959503,2.2223737090826));
#7726=CARTESIAN_POINT('',(20.7701220642775,-135.500001959503,2.14870385825634));
#7727=CARTESIAN_POINT('',(20.7701220642775,-136.000001959503,2.14870385825634));
#7728=CARTESIAN_POINT('Ctrl Pts',(20.7701220642775,-135.500001959503,2.14870385825634));
#7729=CARTESIAN_POINT('Ctrl Pts',(20.8070298965014,-135.500001959503,2.17019073562867));
#7730=CARTESIAN_POINT('Ctrl Pts',(20.8805146065495,-135.500001959503,2.21297181645642));
#7731=CARTESIAN_POINT('Ctrl Pts',(20.965300372884,-135.500001959503,2.21924916868161));
#7732=CARTESIAN_POINT('Ctrl Pts',(21.0075023304671,-135.500001959503,2.2223737090826));
#7733=CARTESIAN_POINT('Ctrl Pts',(20.5368342529982,-136.000001959503,1.84379257261753));
#7734=CARTESIAN_POINT('Ctrl Pts',(20.5368342529982,-135.500001959503,1.84379257261753));
#7735=CARTESIAN_POINT('Ctrl Pts',(20.573711817522,-136.000001959503,1.9106930464814));
#7736=CARTESIAN_POINT('Ctrl Pts',(20.573711817522,-135.500001959503,1.9106930464814));
#7737=CARTESIAN_POINT('Ctrl Pts',(20.6363639505683,-136.000001959503,2.02435178299249));
#7738=CARTESIAN_POINT('Ctrl Pts',(20.6363639505683,-135.500001959503,2.02435178299249));
#7739=CARTESIAN_POINT('Ctrl Pts',(20.731134319557,-136.000001959503,2.11245778068088));
#7740=CARTESIAN_POINT('Ctrl Pts',(20.731134319557,-135.500001959503,2.11245778068088));
#7741=CARTESIAN_POINT('Ctrl Pts',(20.7701220642775,-136.000001959503,2.14870385825634));
#7742=CARTESIAN_POINT('Ctrl Pts',(20.7701220642775,-135.500001959503,2.14870385825634));
#7743=CARTESIAN_POINT('',(20.5368342529982,-136.000001959503,1.84379257261753));
#7744=CARTESIAN_POINT('Ctrl Pts',(20.5368342529982,-136.000001959503,1.84379257261753));
#7745=CARTESIAN_POINT('Ctrl Pts',(20.573711817522,-136.000001959503,1.9106930464814));
#7746=CARTESIAN_POINT('Ctrl Pts',(20.6363639505683,-136.000001959503,2.02435178299249));
#7747=CARTESIAN_POINT('Ctrl Pts',(20.731134319557,-136.000001959503,2.11245778068088));
#7748=CARTESIAN_POINT('Ctrl Pts',(20.7701220642775,-136.000001959503,2.14870385825634));
#7749=CARTESIAN_POINT('',(20.5368342529982,-135.500001959503,1.84379257261753));
#7750=CARTESIAN_POINT('',(20.5368342529982,-136.000001959503,1.84379257261753));
#7751=CARTESIAN_POINT('Ctrl Pts',(20.5368342529982,-135.500001959503,1.84379257261753));
#7752=CARTESIAN_POINT('Ctrl Pts',(20.573711817522,-135.500001959503,1.9106930464814));
#7753=CARTESIAN_POINT('Ctrl Pts',(20.6363639505683,-135.500001959503,2.02435178299249));
#7754=CARTESIAN_POINT('Ctrl Pts',(20.731134319557,-135.500001959503,2.11245778068088));
#7755=CARTESIAN_POINT('Ctrl Pts',(20.7701220642775,-135.500001959503,2.14870385825634));
#7756=CARTESIAN_POINT('Origin',(20.5368342529982,-136.000001959503,2.17326052486897));
#7757=CARTESIAN_POINT('',(20.5368342529982,-136.000001959503,2.17326052486897));
#7758=CARTESIAN_POINT('',(20.5368342529982,-136.000001959503,0.0866302624345321));
#7759=CARTESIAN_POINT('',(20.5368342529982,-135.500001959503,2.17326052486897));
#7760=CARTESIAN_POINT('',(20.5368342529982,-136.000001959503,2.17326052486897));
#7761=CARTESIAN_POINT('',(20.5368342529982,-135.500001959503,2.17326052486897));
#7762=CARTESIAN_POINT('Origin',(20.2053203713149,-136.000001959503,2.17326052486897));
#7763=CARTESIAN_POINT('',(20.2053203713149,-136.000001959503,2.17326052486897));
#7764=CARTESIAN_POINT('',(184.352662759833,-136.000001959503,2.17326052486897));
#7765=CARTESIAN_POINT('',(20.2053203713149,-135.500001959503,2.17326052486897));
#7766=CARTESIAN_POINT('',(20.2053203713149,-136.000001959503,2.17326052486897));
#7767=CARTESIAN_POINT('',(20.2053203713149,-135.500001959503,2.17326052486897));
#7768=CARTESIAN_POINT('Origin',(20.2053203713149,-136.000001959503,-7.45058059692383E-8));
#7769=CARTESIAN_POINT('',(20.2053203713149,-136.000001959503,-7.45058059692383E-8));
#7770=CARTESIAN_POINT('',(20.2053203713149,-136.000001959503,-1.00000003725285));
#7771=CARTESIAN_POINT('',(20.2053203713149,-135.500001959503,-7.45058059692383E-8));
#7772=CARTESIAN_POINT('',(20.2053203713149,-136.000001959503,-7.45058059692383E-8));
#7773=CARTESIAN_POINT('',(20.2053203713149,-135.500001959503,-7.45058059692383E-8));
#7774=CARTESIAN_POINT('Origin',(20.5736687313765,-136.000001959503,-7.45058059692383E-8));
#7775=CARTESIAN_POINT('',(184.536836939864,-136.000001959503,-7.45058059692383E-8));
#7776=CARTESIAN_POINT('',(20.5736687313765,-135.500001959503,-7.45058059692383E-8));
#7777=CARTESIAN_POINT('Origin',(19.7060026740655,-135.500001959503,1.48158244788647));
#7778=CARTESIAN_POINT('Origin',(24.924283279106,-136.000001959503,1.27080492675304));
#7779=CARTESIAN_POINT('',(24.924283279106,-136.000001959503,1.27080492675304));
#7780=CARTESIAN_POINT('',(24.924283279106,-136.000001959503,0.900409147143364));
#7781=CARTESIAN_POINT('',(24.924283279106,-136.000001959503,-0.364597536623428));
#7782=CARTESIAN_POINT('',(24.924283279106,-135.500001959503,1.27080492675304));
#7783=CARTESIAN_POINT('',(24.924283279106,-136.000001959503,1.27080492675304));
#7784=CARTESIAN_POINT('',(24.924283279106,-135.500001959503,0.900409147143364));
#7785=CARTESIAN_POINT('',(24.924283279106,-135.500001959503,1.27080492675304));
#7786=CARTESIAN_POINT('',(24.924283279106,-136.000001959503,0.900409147143364));
#7787=CARTESIAN_POINT('Origin',(23.7926330696791,-136.000001959503,1.27080492675304));
#7788=CARTESIAN_POINT('',(23.7926330696791,-136.000001959503,1.27080492675304));
#7789=CARTESIAN_POINT('',(186.146319109015,-136.000001959503,1.27080492675304));
#7790=CARTESIAN_POINT('',(23.7926330696791,-135.500001959503,1.27080492675304));
#7791=CARTESIAN_POINT('',(23.7926330696791,-136.000001959503,1.27080492675304));
#7792=CARTESIAN_POINT('',(23.7926330696791,-135.500001959503,1.27080492675304));
#7793=CARTESIAN_POINT('Origin',(23.7926330696791,-136.000001959503,0.900409147143364));
#7794=CARTESIAN_POINT('',(23.7926330696791,-136.000001959503,0.900409147143364));
#7795=CARTESIAN_POINT('',(23.7926330696791,-136.000001959503,-0.549795426428269));
#7796=CARTESIAN_POINT('',(23.7926330696791,-135.500001959503,0.900409147143364));
#7797=CARTESIAN_POINT('',(23.7926330696791,-136.000001959503,0.900409147143364));
#7798=CARTESIAN_POINT('',(23.7926330696791,-135.500001959503,0.900409147143364));
#7799=CARTESIAN_POINT('Origin',(24.924283279106,-136.000001959503,0.900409147143364));
#7800=CARTESIAN_POINT('',(186.712144213729,-136.000001959503,0.900409147143364));
#7801=CARTESIAN_POINT('',(24.924283279106,-135.500001959503,0.900409147143364));
#7802=CARTESIAN_POINT('Origin',(19.7060026740655,-135.500001959503,1.48158244788647));
#7803=CARTESIAN_POINT('Origin',(27.8178718220443,-136.000001959503,3.00000004470348));
#7804=CARTESIAN_POINT('',(27.8178718220443,-136.000001959503,3.00000004470348));
#7805=CARTESIAN_POINT('',(26.6432466637343,-136.000001959503,-7.45058059692383E-8));
#7806=CARTESIAN_POINT('',(48.2827269909846,-136.000001959503,55.2673702028201));
#7807=CARTESIAN_POINT('',(27.8178718220443,-135.500001959503,3.00000004470348));
#7808=CARTESIAN_POINT('',(27.8178718220443,-136.000001959503,3.00000004470348));
#7809=CARTESIAN_POINT('',(26.6432466637343,-135.500001959503,-7.45058059692383E-8));
#7810=CARTESIAN_POINT('',(27.8178718220443,-135.500001959503,3.00000004470348));
#7811=CARTESIAN_POINT('',(26.6432466637343,-136.000001959503,-7.45058059692383E-8));
#7812=CARTESIAN_POINT('Origin',(27.4126877915114,-136.000001959503,3.00000004470348));
#7813=CARTESIAN_POINT('',(27.4126877915114,-136.000001959503,3.00000004470348));
#7814=CARTESIAN_POINT('',(187.956346469931,-136.000001959503,3.00000004470348));
#7815=CARTESIAN_POINT('',(27.4126877915114,-135.500001959503,3.00000004470348));
#7816=CARTESIAN_POINT('',(27.4126877915114,-136.000001959503,3.00000004470348));
#7817=CARTESIAN_POINT('',(27.4126877915114,-135.500001959503,3.00000004470348));
#7818=CARTESIAN_POINT('Origin',(26.6023185383528,-136.000001959503,0.820600315928459));
#7819=CARTESIAN_POINT('',(26.6023185383528,-136.000001959503,0.820600315928459));
#7820=CARTESIAN_POINT('',(45.6912729204425,-136.000001959503,52.1582613152462));
#7821=CARTESIAN_POINT('',(26.6023185383528,-135.500001959503,0.820600315928459));
#7822=CARTESIAN_POINT('',(26.6023185383528,-136.000001959503,0.820600315928459));
#7823=CARTESIAN_POINT('',(26.6023185383528,-135.500001959503,0.820600315928459));
#7824=CARTESIAN_POINT('Ctrl Pts',(26.4406540524215,-136.000001959503,0.329467877745628));
#7825=CARTESIAN_POINT('Ctrl Pts',(26.4406540524215,-135.500001959503,0.329467877745628));
#7826=CARTESIAN_POINT('Ctrl Pts',(26.4648873005333,-136.000001959503,0.411597917711951));
#7827=CARTESIAN_POINT('Ctrl Pts',(26.4648873005333,-135.500001959503,0.411597917711951));
#7828=CARTESIAN_POINT('Ctrl Pts',(26.5136858213033,-136.000001959503,0.576983277637166));
#7829=CARTESIAN_POINT('Ctrl Pts',(26.5136858213033,-135.500001959503,0.576983277637166));
#7830=CARTESIAN_POINT('Ctrl Pts',(26.5726405901578,-136.000001959503,0.739027121711676));
#7831=CARTESIAN_POINT('Ctrl Pts',(26.5726405901578,-135.500001959503,0.739027121711676));
#7832=CARTESIAN_POINT('Ctrl Pts',(26.6023185383528,-136.000001959503,0.820600315928459));
#7833=CARTESIAN_POINT('Ctrl Pts',(26.6023185383528,-135.500001959503,0.820600315928459));
#7834=CARTESIAN_POINT('',(26.4406540524215,-136.000001959503,0.329467877745628));
#7835=CARTESIAN_POINT('Ctrl Pts',(26.4406540524215,-136.000001959503,0.329467877745628));
#7836=CARTESIAN_POINT('Ctrl Pts',(26.4648873005333,-136.000001959503,0.411597917711951));
#7837=CARTESIAN_POINT('Ctrl Pts',(26.5136858213033,-136.000001959503,0.576983277637166));
#7838=CARTESIAN_POINT('Ctrl Pts',(26.5726405901578,-136.000001959503,0.739027121711676));
#7839=CARTESIAN_POINT('Ctrl Pts',(26.6023185383528,-136.000001959503,0.820600315928459));
#7840=CARTESIAN_POINT('',(26.4406540524215,-135.500001959503,0.329467877745628));
#7841=CARTESIAN_POINT('',(26.4406540524215,-136.000001959503,0.329467877745628));
#7842=CARTESIAN_POINT('Ctrl Pts',(26.4406540524215,-135.500001959503,0.329467877745628));
#7843=CARTESIAN_POINT('Ctrl Pts',(26.4648873005333,-135.500001959503,0.411597917711951));
#7844=CARTESIAN_POINT('Ctrl Pts',(26.5136858213033,-135.500001959503,0.576983277637166));
#7845=CARTESIAN_POINT('Ctrl Pts',(26.5726405901578,-135.500001959503,0.739027121711676));
#7846=CARTESIAN_POINT('Ctrl Pts',(26.6023185383528,-135.500001959503,0.820600315928459));
#7847=CARTESIAN_POINT('Ctrl Pts',(26.2830832134932,-136.000001959503,0.820600315928459));
#7848=CARTESIAN_POINT('Ctrl Pts',(26.2830832134932,-135.500001959503,0.820600315928459));
#7849=CARTESIAN_POINT('Ctrl Pts',(26.3127287486779,-136.000001959503,0.736280535785582));
#7850=CARTESIAN_POINT('Ctrl Pts',(26.3127287486779,-135.500001959503,0.736280535785582));
#7851=CARTESIAN_POINT('Ctrl Pts',(26.3697777708121,-136.000001959503,0.574017956488438));
#7852=CARTESIAN_POINT('Ctrl Pts',(26.3697777708121,-135.500001959503,0.574017956488438));
#7853=CARTESIAN_POINT('Ctrl Pts',(26.4176558339057,-136.000001959503,0.408820462577391));
#7854=CARTESIAN_POINT('Ctrl Pts',(26.4176558339057,-135.500001959503,0.408820462577391));
#7855=CARTESIAN_POINT('Ctrl Pts',(26.4406540524215,-136.000001959503,0.329467877745628));
#7856=CARTESIAN_POINT('Ctrl Pts',(26.4406540524215,-135.500001959503,0.329467877745628));
#7857=CARTESIAN_POINT('',(26.2830832134932,-136.000001959503,0.820600315928459));
#7858=CARTESIAN_POINT('Ctrl Pts',(26.2830832134932,-136.000001959503,0.820600315928459));
#7859=CARTESIAN_POINT('Ctrl Pts',(26.3127287486779,-136.000001959503,0.736280535785582));
#7860=CARTESIAN_POINT('Ctrl Pts',(26.3697777708121,-136.000001959503,0.574017956488438));
#7861=CARTESIAN_POINT('Ctrl Pts',(26.4176558339057,-136.000001959503,0.408820462577391));
#7862=CARTESIAN_POINT('Ctrl Pts',(26.4406540524215,-136.000001959503,0.329467877745628));
#7863=CARTESIAN_POINT('',(26.2830832134932,-135.500001959503,0.820600315928459));
#7864=CARTESIAN_POINT('',(26.2830832134932,-136.000001959503,0.820600315928459));
#7865=CARTESIAN_POINT('Ctrl Pts',(26.2830832134932,-135.500001959503,0.820600315928459));
#7866=CARTESIAN_POINT('Ctrl Pts',(26.3127287486779,-135.500001959503,0.736280535785582));
#7867=CARTESIAN_POINT('Ctrl Pts',(26.3697777708121,-135.500001959503,0.574017956488438));
#7868=CARTESIAN_POINT('Ctrl Pts',(26.4176558339057,-135.500001959503,0.408820462577391));
#7869=CARTESIAN_POINT('Ctrl Pts',(26.4406540524215,-135.500001959503,0.329467877745628));
#7870=CARTESIAN_POINT('Origin',(25.503410352394,-136.000001959503,3.00000004470348));
#7871=CARTESIAN_POINT('',(25.503410352394,-136.000001959503,3.00000004470348));
#7872=CARTESIAN_POINT('',(44.6201446136116,-136.000001959503,-50.4365212742793));
#7873=CARTESIAN_POINT('',(25.503410352394,-135.500001959503,3.00000004470348));
#7874=CARTESIAN_POINT('',(25.503410352394,-136.000001959503,3.00000004470348));
#7875=CARTESIAN_POINT('',(25.503410352394,-135.500001959503,3.00000004470348));
#7876=CARTESIAN_POINT('Origin',(25.0736692082137,-136.000001959503,3.00000004470348));
#7877=CARTESIAN_POINT('',(25.0736692082137,-136.000001959503,3.00000004470348));
#7878=CARTESIAN_POINT('',(186.786837178282,-136.000001959503,3.00000004470348));
#7879=CARTESIAN_POINT('',(25.0736692082137,-135.500001959503,3.00000004470348));
#7880=CARTESIAN_POINT('',(25.0736692082137,-136.000001959503,3.00000004470348));
#7881=CARTESIAN_POINT('',(25.0736692082137,-135.500001959503,3.00000004470348));
#7882=CARTESIAN_POINT('Origin',(26.2360158096999,-136.000001959503,-7.45058059692383E-8));
#7883=CARTESIAN_POINT('',(26.2360158096999,-136.000001959503,-7.45058059692383E-8));
#7884=CARTESIAN_POINT('',(47.6043169090813,-136.000001959503,-55.1512826295356));
#7885=CARTESIAN_POINT('',(26.2360158096999,-135.500001959503,-7.45058059692383E-8));
#7886=CARTESIAN_POINT('',(26.2360158096999,-136.000001959503,-7.45058059692383E-8));
#7887=CARTESIAN_POINT('',(26.2360158096999,-135.500001959503,-7.45058059692383E-8));
#7888=CARTESIAN_POINT('Origin',(26.6432466637343,-136.000001959503,-7.45058059692383E-8));
#7889=CARTESIAN_POINT('',(187.571625906043,-136.000001959503,-7.45058059692383E-8));
#7890=CARTESIAN_POINT('',(26.6432466637343,-135.500001959503,-7.45058059692383E-8));
#7891=CARTESIAN_POINT('Origin',(19.7060026740655,-135.500001959503,1.48158244788647));
#7892=CARTESIAN_POINT('Ctrl Pts',(22.4256482254714,-136.000001959503,1.91746227443218));
#7893=CARTESIAN_POINT('Ctrl Pts',(22.4256482254714,-135.500001959503,1.91746227443218));
#7894=CARTESIAN_POINT('Ctrl Pts',(22.3466730833318,-136.000001959503,1.90856113958701));
#7895=CARTESIAN_POINT('Ctrl Pts',(22.3466730833318,-135.500001959503,1.90856113958701));
#7896=CARTESIAN_POINT('Ctrl Pts',(22.1860366879631,-136.000001959503,1.89045612353409));
#7897=CARTESIAN_POINT('Ctrl Pts',(22.1860366879631,-135.500001959503,1.89045612353409));
#7898=CARTESIAN_POINT('Ctrl Pts',(22.072196705753,-136.000001959503,1.77540441770055));
#7899=CARTESIAN_POINT('Ctrl Pts',(22.072196705753,-135.500001959503,1.77540441770055));
#7900=CARTESIAN_POINT('Ctrl Pts',(22.0143249165267,-136.000001959503,1.71691663563251));
#7901=CARTESIAN_POINT('Ctrl Pts',(22.0143249165267,-135.500001959503,1.71691663563251));
#7902=CARTESIAN_POINT('',(22.4256482254714,-136.000001959503,1.91746227443218));
#7903=CARTESIAN_POINT('',(22.0143249165267,-136.000001959503,1.71691663563251));
#7904=CARTESIAN_POINT('Ctrl Pts',(22.4256482254714,-136.000001959503,1.91746227443218));
#7905=CARTESIAN_POINT('Ctrl Pts',(22.3466730833318,-136.000001959503,1.90856113958701));
#7906=CARTESIAN_POINT('Ctrl Pts',(22.1860366879631,-136.000001959503,1.89045612353409));
#7907=CARTESIAN_POINT('Ctrl Pts',(22.072196705753,-136.000001959503,1.77540441770055));
#7908=CARTESIAN_POINT('Ctrl Pts',(22.0143249165267,-136.000001959503,1.71691663563251));
#7909=CARTESIAN_POINT('',(22.4256482254714,-135.500001959503,1.91746227443218));
#7910=CARTESIAN_POINT('',(22.4256482254714,-136.000001959503,1.91746227443218));
#7911=CARTESIAN_POINT('',(22.0143249165267,-135.500001959503,1.71691663563251));
#7912=CARTESIAN_POINT('Ctrl Pts',(22.4256482254714,-135.500001959503,1.91746227443218));
#7913=CARTESIAN_POINT('Ctrl Pts',(22.3466730833318,-135.500001959503,1.90856113958701));
#7914=CARTESIAN_POINT('Ctrl Pts',(22.1860366879631,-135.500001959503,1.89045612353409));
#7915=CARTESIAN_POINT('Ctrl Pts',(22.072196705753,-135.500001959503,1.77540441770055));
#7916=CARTESIAN_POINT('Ctrl Pts',(22.0143249165267,-135.500001959503,1.71691663563251));
#7917=CARTESIAN_POINT('',(22.0143249165267,-136.000001959503,1.71691663563251));
#7918=CARTESIAN_POINT('Ctrl Pts',(22.8492500912398,-136.000001959503,1.70873112976551));
#7919=CARTESIAN_POINT('Ctrl Pts',(22.8492500912398,-135.500001959503,1.70873112976551));
#7920=CARTESIAN_POINT('Ctrl Pts',(22.7895298027153,-136.000001959503,1.76960346804283));
#7921=CARTESIAN_POINT('Ctrl Pts',(22.7895298027153,-135.500001959503,1.76960346804283));
#7922=CARTESIAN_POINT('Ctrl Pts',(22.6725153231967,-136.000001959503,1.88887524580178));
#7923=CARTESIAN_POINT('Ctrl Pts',(22.6725153231967,-135.500001959503,1.88887524580178));
#7924=CARTESIAN_POINT('Ctrl Pts',(22.5067919265026,-136.000001959503,1.90806589344043));
#7925=CARTESIAN_POINT('Ctrl Pts',(22.5067919265026,-135.500001959503,1.90806589344043));
#7926=CARTESIAN_POINT('Ctrl Pts',(22.4256482254714,-136.000001959503,1.91746227443218));
#7927=CARTESIAN_POINT('Ctrl Pts',(22.4256482254714,-135.500001959503,1.91746227443218));
#7928=CARTESIAN_POINT('',(22.8492500912398,-136.000001959503,1.70873112976551));
#7929=CARTESIAN_POINT('Ctrl Pts',(22.8492500912398,-136.000001959503,1.70873112976551));
#7930=CARTESIAN_POINT('Ctrl Pts',(22.7895298027153,-136.000001959503,1.76960346804283));
#7931=CARTESIAN_POINT('Ctrl Pts',(22.6725153231967,-136.000001959503,1.88887524580178));
#7932=CARTESIAN_POINT('Ctrl Pts',(22.5067919265026,-136.000001959503,1.90806589344043));
#7933=CARTESIAN_POINT('Ctrl Pts',(22.4256482254714,-136.000001959503,1.91746227443218));
#7934=CARTESIAN_POINT('',(22.8492500912398,-135.500001959503,1.70873112976551));
#7935=CARTESIAN_POINT('',(22.8492500912398,-136.000001959503,1.70873112976551));
#7936=CARTESIAN_POINT('Ctrl Pts',(22.8492500912398,-135.500001959503,1.70873112976551));
#7937=CARTESIAN_POINT('Ctrl Pts',(22.7895298027153,-135.500001959503,1.76960346804283));
#7938=CARTESIAN_POINT('Ctrl Pts',(22.6725153231967,-135.500001959503,1.88887524580178));
#7939=CARTESIAN_POINT('Ctrl Pts',(22.5067919265026,-135.500001959503,1.90806589344043));
#7940=CARTESIAN_POINT('Ctrl Pts',(22.4256482254714,-135.500001959503,1.91746227443218));
#7941=CARTESIAN_POINT('Ctrl Pts',(23.0211463104934,-136.000001959503,1.05388782918453));
#7942=CARTESIAN_POINT('Ctrl Pts',(23.0211463104934,-135.500001959503,1.05388782918453));
#7943=CARTESIAN_POINT('Ctrl Pts',(23.0186938468558,-136.000001959503,1.18621704010385));
#7944=CARTESIAN_POINT('Ctrl Pts',(23.0186938468558,-135.500001959503,1.18621704010385));
#7945=CARTESIAN_POINT('Ctrl Pts',(23.0143667066782,-136.000001959503,1.41969941941062));
#7946=CARTESIAN_POINT('Ctrl Pts',(23.0143667066782,-135.500001959503,1.41969941941062));
#7947=CARTESIAN_POINT('Ctrl Pts',(22.8991613123282,-136.000001959503,1.62136302596335));
#7948=CARTESIAN_POINT('Ctrl Pts',(22.8991613123282,-135.500001959503,1.62136302596335));
#7949=CARTESIAN_POINT('Ctrl Pts',(22.8492500912398,-136.000001959503,1.70873112976551));
#7950=CARTESIAN_POINT('Ctrl Pts',(22.8492500912398,-135.500001959503,1.70873112976551));
#7951=CARTESIAN_POINT('',(23.0211463104934,-136.000001959503,1.05388782918453));
#7952=CARTESIAN_POINT('Ctrl Pts',(23.0211463104934,-136.000001959503,1.05388782918453));
#7953=CARTESIAN_POINT('Ctrl Pts',(23.0186938468558,-136.000001959503,1.18621704010385));
#7954=CARTESIAN_POINT('Ctrl Pts',(23.0143667066782,-136.000001959503,1.41969941941062));
#7955=CARTESIAN_POINT('Ctrl Pts',(22.8991613123282,-136.000001959503,1.62136302596335));
#7956=CARTESIAN_POINT('Ctrl Pts',(22.8492500912398,-136.000001959503,1.70873112976551));
#7957=CARTESIAN_POINT('',(23.0211463104934,-135.500001959503,1.05388782918453));
#7958=CARTESIAN_POINT('',(23.0211463104934,-136.000001959503,1.05388782918453));
#7959=CARTESIAN_POINT('Ctrl Pts',(23.0211463104934,-135.500001959503,1.05388782918453));
#7960=CARTESIAN_POINT('Ctrl Pts',(23.0186938468558,-135.500001959503,1.18621704010385));
#7961=CARTESIAN_POINT('Ctrl Pts',(23.0143667066782,-135.500001959503,1.41969941941062));
#7962=CARTESIAN_POINT('Ctrl Pts',(22.8991613123282,-135.500001959503,1.62136302596335));
#7963=CARTESIAN_POINT('Ctrl Pts',(22.8492500912398,-135.500001959503,1.70873112976551));
#7964=CARTESIAN_POINT('Ctrl Pts',(22.8512969147414,-136.000001959503,0.450204536318779));
#7965=CARTESIAN_POINT('Ctrl Pts',(22.8512969147414,-135.500001959503,0.450204536318779));
#7966=CARTESIAN_POINT('Ctrl Pts',(22.9006592557445,-136.000001959503,0.53149606354404));
#7967=CARTESIAN_POINT('Ctrl Pts',(22.9006592557445,-135.500001959503,0.53149606354404));
#7968=CARTESIAN_POINT('Ctrl Pts',(23.0126271924526,-136.000001959503,0.715888545551749));
#7969=CARTESIAN_POINT('Ctrl Pts',(23.0126271924526,-135.500001959503,0.715888545551749));
#7970=CARTESIAN_POINT('Ctrl Pts',(23.0180911826486,-136.000001959503,0.932674457333684));
#7971=CARTESIAN_POINT('Ctrl Pts',(23.0180911826486,-135.500001959503,0.932674457333684));
#7972=CARTESIAN_POINT('Ctrl Pts',(23.0211463104934,-136.000001959503,1.05388782918453));
#7973=CARTESIAN_POINT('Ctrl Pts',(23.0211463104934,-135.500001959503,1.05388782918453));
#7974=CARTESIAN_POINT('',(22.8512969147414,-136.000001959503,0.450204536318779));
#7975=CARTESIAN_POINT('Ctrl Pts',(22.8512969147414,-136.000001959503,0.450204536318779));
#7976=CARTESIAN_POINT('Ctrl Pts',(22.9006592557445,-136.000001959503,0.53149606354404));
#7977=CARTESIAN_POINT('Ctrl Pts',(23.0126271924526,-136.000001959503,0.715888545551749));
#7978=CARTESIAN_POINT('Ctrl Pts',(23.0180911826486,-136.000001959503,0.932674457333684));
#7979=CARTESIAN_POINT('Ctrl Pts',(23.0211463104934,-136.000001959503,1.05388782918453));
#7980=CARTESIAN_POINT('',(22.8512969147414,-135.500001959503,0.450204536318779));
#7981=CARTESIAN_POINT('',(22.8512969147414,-136.000001959503,0.450204536318779));
#7982=CARTESIAN_POINT('Ctrl Pts',(22.8512969147414,-135.500001959503,0.450204536318779));
#7983=CARTESIAN_POINT('Ctrl Pts',(22.9006592557445,-135.500001959503,0.53149606354404));
#7984=CARTESIAN_POINT('Ctrl Pts',(23.0126271924526,-135.500001959503,0.715888545551749));
#7985=CARTESIAN_POINT('Ctrl Pts',(23.0180911826486,-135.500001959503,0.932674457333684));
#7986=CARTESIAN_POINT('Ctrl Pts',(23.0211463104934,-135.500001959503,1.05388782918453));
#7987=CARTESIAN_POINT('Ctrl Pts',(22.4420192372054,-136.000001959503,0.253751501441002));
#7988=CARTESIAN_POINT('Ctrl Pts',(22.4420192372054,-135.500001959503,0.253751501441002));
#7989=CARTESIAN_POINT('Ctrl Pts',(22.5199617578173,-136.000001959503,0.262555719896562));
#7990=CARTESIAN_POINT('Ctrl Pts',(22.5199617578173,-135.500001959503,0.262555719896562));
#7991=CARTESIAN_POINT('Ctrl Pts',(22.6789390541012,-136.000001959503,0.280513451247431));
#7992=CARTESIAN_POINT('Ctrl Pts',(22.6789390541012,-135.500001959503,0.280513451247431));
#7993=CARTESIAN_POINT('Ctrl Pts',(22.7931040894453,-136.000001959503,0.392912088900456));
#7994=CARTESIAN_POINT('Ctrl Pts',(22.7931040894453,-135.500001959503,0.392912088900456));
#7995=CARTESIAN_POINT('Ctrl Pts',(22.8512969147414,-136.000001959503,0.450204536318779));
#7996=CARTESIAN_POINT('Ctrl Pts',(22.8512969147414,-135.500001959503,0.450204536318779));
#7997=CARTESIAN_POINT('',(22.4420192372054,-136.000001959503,0.253751501441002));
#7998=CARTESIAN_POINT('Ctrl Pts',(22.4420192372054,-136.000001959503,0.253751501441002));
#7999=CARTESIAN_POINT('Ctrl Pts',(22.5199617578173,-136.000001959503,0.262555719896562));
#8000=CARTESIAN_POINT('Ctrl Pts',(22.6789390541012,-136.000001959503,0.280513451247431));
#8001=CARTESIAN_POINT('Ctrl Pts',(22.7931040894453,-136.000001959503,0.392912088900456));
#8002=CARTESIAN_POINT('Ctrl Pts',(22.8512969147414,-136.000001959503,0.450204536318779));
#8003=CARTESIAN_POINT('',(22.4420192372054,-135.500001959503,0.253751501441002));
#8004=CARTESIAN_POINT('',(22.4420192372054,-136.000001959503,0.253751501441002));
#8005=CARTESIAN_POINT('Ctrl Pts',(22.4420192372054,-135.500001959503,0.253751501441002));
#8006=CARTESIAN_POINT('Ctrl Pts',(22.5199617578173,-135.500001959503,0.262555719896562));
#8007=CARTESIAN_POINT('Ctrl Pts',(22.6789390541012,-135.500001959503,0.280513451247431));
#8008=CARTESIAN_POINT('Ctrl Pts',(22.7931040894453,-135.500001959503,0.392912088900456));
#8009=CARTESIAN_POINT('Ctrl Pts',(22.8512969147414,-135.500001959503,0.450204536318779));
#8010=CARTESIAN_POINT('Ctrl Pts',(22.0266034733504,-136.000001959503,0.460436567664146));
#8011=CARTESIAN_POINT('Ctrl Pts',(22.0266034733504,-135.500001959503,0.460436567664146));
#8012=CARTESIAN_POINT('Ctrl Pts',(22.0863684090516,-136.000001959503,0.400176707702449));
#8013=CARTESIAN_POINT('Ctrl Pts',(22.0863684090516,-135.500001959503,0.400176707702449));
#8014=CARTESIAN_POINT('Ctrl Pts',(22.2017338065462,-136.000001959503,0.283855948449706));
#8015=CARTESIAN_POINT('Ctrl Pts',(22.2017338065462,-135.500001959503,0.283855948449706));
#8016=CARTESIAN_POINT('Ctrl Pts',(22.3638750921549,-136.000001959503,0.263541883934271));
#8017=CARTESIAN_POINT('Ctrl Pts',(22.3638750921549,-135.500001959503,0.263541883934271));
#8018=CARTESIAN_POINT('Ctrl Pts',(22.4420192372054,-136.000001959503,0.253751501441002));
#8019=CARTESIAN_POINT('Ctrl Pts',(22.4420192372054,-135.500001959503,0.253751501441002));
#8020=CARTESIAN_POINT('',(22.0266034733504,-136.000001959503,0.460436567664146));
#8021=CARTESIAN_POINT('Ctrl Pts',(22.0266034733504,-136.000001959503,0.460436567664146));
#8022=CARTESIAN_POINT('Ctrl Pts',(22.0863684090516,-136.000001959503,0.400176707702449));
#8023=CARTESIAN_POINT('Ctrl Pts',(22.2017338065462,-136.000001959503,0.283855948449706));
#8024=CARTESIAN_POINT('Ctrl Pts',(22.3638750921549,-136.000001959503,0.263541883934271));
#8025=CARTESIAN_POINT('Ctrl Pts',(22.4420192372054,-136.000001959503,0.253751501441002));
#8026=CARTESIAN_POINT('',(22.0266034733504,-135.500001959503,0.460436567664146));
#8027=CARTESIAN_POINT('',(22.0266034733504,-136.000001959503,0.460436567664146));
#8028=CARTESIAN_POINT('Ctrl Pts',(22.0266034733504,-135.500001959503,0.460436567664146));
#8029=CARTESIAN_POINT('Ctrl Pts',(22.0863684090516,-135.500001959503,0.400176707702449));
#8030=CARTESIAN_POINT('Ctrl Pts',(22.2017338065462,-135.500001959503,0.283855948449706));
#8031=CARTESIAN_POINT('Ctrl Pts',(22.3638750921549,-135.500001959503,0.263541883934271));
#8032=CARTESIAN_POINT('Ctrl Pts',(22.4420192372054,-135.500001959503,0.253751501441002));
#8033=CARTESIAN_POINT('Ctrl Pts',(21.8506147991866,-136.000001959503,1.08458362519741));
#8034=CARTESIAN_POINT('Ctrl Pts',(21.8506147991866,-135.500001959503,1.08458362519741));
#8035=CARTESIAN_POINT('Ctrl Pts',(21.8538757458103,-136.000001959503,0.959524007258664));
#8036=CARTESIAN_POINT('Ctrl Pts',(21.8538757458103,-135.500001959503,0.959524007258664));
#8037=CARTESIAN_POINT('Ctrl Pts',(21.8597197262851,-136.000001959503,0.735403207456213));
#8038=CARTESIAN_POINT('Ctrl Pts',(21.8597197262851,-135.500001959503,0.735403207456213));
#8039=CARTESIAN_POINT('Ctrl Pts',(21.9754505559356,-136.000001959503,0.544718866356871));
#8040=CARTESIAN_POINT('Ctrl Pts',(21.9754505559356,-135.500001959503,0.544718866356871));
#8041=CARTESIAN_POINT('Ctrl Pts',(22.0266034733504,-136.000001959503,0.460436567664146));
#8042=CARTESIAN_POINT('Ctrl Pts',(22.0266034733504,-135.500001959503,0.460436567664146));
#8043=CARTESIAN_POINT('',(21.8506147991866,-136.000001959503,1.08458362519741));
#8044=CARTESIAN_POINT('Ctrl Pts',(21.8506147991866,-136.000001959503,1.08458362519741));
#8045=CARTESIAN_POINT('Ctrl Pts',(21.8538757458103,-136.000001959503,0.959524007258664));
#8046=CARTESIAN_POINT('Ctrl Pts',(21.8597197262851,-136.000001959503,0.735403207456213));
#8047=CARTESIAN_POINT('Ctrl Pts',(21.9754505559356,-136.000001959503,0.544718866356871));
#8048=CARTESIAN_POINT('Ctrl Pts',(22.0266034733504,-136.000001959503,0.460436567664146));
#8049=CARTESIAN_POINT('',(21.8506147991866,-135.500001959503,1.08458362519741));
#8050=CARTESIAN_POINT('',(21.8506147991866,-136.000001959503,1.08458362519741));
#8051=CARTESIAN_POINT('Ctrl Pts',(21.8506147991866,-135.500001959503,1.08458362519741));
#8052=CARTESIAN_POINT('Ctrl Pts',(21.8538757458103,-135.500001959503,0.959524007258664));
#8053=CARTESIAN_POINT('Ctrl Pts',(21.8597197262851,-135.500001959503,0.735403207456213));
#8054=CARTESIAN_POINT('Ctrl Pts',(21.9754505559356,-135.500001959503,0.544718866356871));
#8055=CARTESIAN_POINT('Ctrl Pts',(22.0266034733504,-135.500001959503,0.460436567664146));
#8056=CARTESIAN_POINT('Ctrl Pts',(22.0143249165267,-136.000001959503,1.71691663563251));
#8057=CARTESIAN_POINT('Ctrl Pts',(22.0143249165267,-135.500001959503,1.71691663563251));
#8058=CARTESIAN_POINT('Ctrl Pts',(21.9667984197456,-136.000001959503,1.63266924773742));
#8059=CARTESIAN_POINT('Ctrl Pts',(21.9667984197456,-135.500001959503,1.63266924773742));
#8060=CARTESIAN_POINT('Ctrl Pts',(21.8567652025169,-136.000001959503,1.43761992239113));
#8061=CARTESIAN_POINT('Ctrl Pts',(21.8567652025169,-135.500001959503,1.43761992239113));
#8062=CARTESIAN_POINT('Ctrl Pts',(21.8528429299416,-136.000001959503,1.21247947026234));
#8063=CARTESIAN_POINT('Ctrl Pts',(21.8528429299416,-135.500001959503,1.21247947026234));
#8064=CARTESIAN_POINT('Ctrl Pts',(21.8506147991866,-136.000001959503,1.08458362519741));
#8065=CARTESIAN_POINT('Ctrl Pts',(21.8506147991866,-135.500001959503,1.08458362519741));
#8066=CARTESIAN_POINT('Ctrl Pts',(22.0143249165267,-136.000001959503,1.71691663563251));
#8067=CARTESIAN_POINT('Ctrl Pts',(21.9667984197456,-136.000001959503,1.63266924773742));
#8068=CARTESIAN_POINT('Ctrl Pts',(21.8567652025169,-136.000001959503,1.43761992239113));
#8069=CARTESIAN_POINT('Ctrl Pts',(21.8528429299416,-136.000001959503,1.21247947026234));
#8070=CARTESIAN_POINT('Ctrl Pts',(21.8506147991866,-136.000001959503,1.08458362519741));
#8071=CARTESIAN_POINT('Ctrl Pts',(22.0143249165267,-135.500001959503,1.71691663563251));
#8072=CARTESIAN_POINT('Ctrl Pts',(21.9667984197456,-135.500001959503,1.63266924773742));
#8073=CARTESIAN_POINT('Ctrl Pts',(21.8567652025169,-135.500001959503,1.43761992239113));
#8074=CARTESIAN_POINT('Ctrl Pts',(21.8528429299416,-135.500001959503,1.21247947026234));
#8075=CARTESIAN_POINT('Ctrl Pts',(21.8506147991866,-135.500001959503,1.08458362519741));
#8076=CARTESIAN_POINT('Origin',(23.3567538391799,-136.000001959503,2.99999974668026));
#8077=CARTESIAN_POINT('',(23.3567538391799,-136.000001959503,2.99999974668026));
#8078=CARTESIAN_POINT('',(23.3567538391799,-136.000001959503,-7.45058059692383E-8));
#8079=CARTESIAN_POINT('',(23.3567538391799,-136.000001959503,0.499999873340179));
#8080=CARTESIAN_POINT('',(23.3567538391799,-135.500001959503,2.99999974668026));
#8081=CARTESIAN_POINT('',(23.3567538391799,-136.000001959503,2.99999974668026));
#8082=CARTESIAN_POINT('',(23.3567538391799,-135.500001959503,-7.45058059692383E-8));
#8083=CARTESIAN_POINT('',(23.3567538391799,-135.500001959503,2.99999974668026));
#8084=CARTESIAN_POINT('',(23.3567538391799,-136.000001959503,-7.45058059692383E-8));
#8085=CARTESIAN_POINT('Origin',(22.9904511105269,-136.000001959503,2.99999974668026));
#8086=CARTESIAN_POINT('',(22.9904511105269,-136.000001959503,2.99999974668026));
#8087=CARTESIAN_POINT('',(185.745228129439,-136.000001959503,2.99999974668026));
#8088=CARTESIAN_POINT('',(22.9904511105269,-135.500001959503,2.99999974668026));
#8089=CARTESIAN_POINT('',(22.9904511105269,-136.000001959503,2.99999974668026));
#8090=CARTESIAN_POINT('',(22.9904511105269,-135.500001959503,2.99999974668026));
#8091=CARTESIAN_POINT('Origin',(22.9904511105269,-136.000001959503,1.92360140383244));
#8092=CARTESIAN_POINT('',(22.9904511105269,-136.000001959503,1.92360140383244));
#8093=CARTESIAN_POINT('',(22.9904511105269,-136.000001959503,-0.0381992980837327));
#8094=CARTESIAN_POINT('',(22.9904511105269,-135.500001959503,1.92360140383244));
#8095=CARTESIAN_POINT('',(22.9904511105269,-136.000001959503,1.92360140383244));
#8096=CARTESIAN_POINT('',(22.9904511105269,-135.500001959503,1.92360140383244));
#8097=CARTESIAN_POINT('Ctrl Pts',(22.7407910954207,-136.000001959503,2.13847182691097));
#8098=CARTESIAN_POINT('Ctrl Pts',(22.7407910954207,-135.500001959503,2.13847182691097));
#8099=CARTESIAN_POINT('Ctrl Pts',(22.7893137760615,-136.000001959503,2.10939829434842));
#8100=CARTESIAN_POINT('Ctrl Pts',(22.7893137760615,-135.500001959503,2.10939829434842));
#8101=CARTESIAN_POINT('Ctrl Pts',(22.884918658842,-136.000001959503,2.05211432660479));
#8102=CARTESIAN_POINT('Ctrl Pts',(22.884918658842,-135.500001959503,2.05211432660479));
#8103=CARTESIAN_POINT('Ctrl Pts',(22.9556287562451,-136.000001959503,1.96600658304625));
#8104=CARTESIAN_POINT('Ctrl Pts',(22.9556287562451,-135.500001959503,1.96600658304625));
#8105=CARTESIAN_POINT('Ctrl Pts',(22.9904511105269,-136.000001959503,1.92360140383244));
#8106=CARTESIAN_POINT('Ctrl Pts',(22.9904511105269,-135.500001959503,1.92360140383244));
#8107=CARTESIAN_POINT('',(22.7407910954207,-136.000001959503,2.13847182691097));
#8108=CARTESIAN_POINT('Ctrl Pts',(22.7407910954207,-136.000001959503,2.13847182691097));
#8109=CARTESIAN_POINT('Ctrl Pts',(22.7893137760615,-136.000001959503,2.10939829434842));
#8110=CARTESIAN_POINT('Ctrl Pts',(22.884918658842,-136.000001959503,2.05211432660479));
#8111=CARTESIAN_POINT('Ctrl Pts',(22.9556287562451,-136.000001959503,1.96600658304625));
#8112=CARTESIAN_POINT('Ctrl Pts',(22.9904511105269,-136.000001959503,1.92360140383244));
#8113=CARTESIAN_POINT('',(22.7407910954207,-135.500001959503,2.13847182691097));
#8114=CARTESIAN_POINT('',(22.7407910954207,-136.000001959503,2.13847182691097));
#8115=CARTESIAN_POINT('Ctrl Pts',(22.7407910954207,-135.500001959503,2.13847182691097));
#8116=CARTESIAN_POINT('Ctrl Pts',(22.7893137760615,-135.500001959503,2.10939829434842));
#8117=CARTESIAN_POINT('Ctrl Pts',(22.884918658842,-135.500001959503,2.05211432660479));
#8118=CARTESIAN_POINT('Ctrl Pts',(22.9556287562451,-135.500001959503,1.96600658304625));
#8119=CARTESIAN_POINT('Ctrl Pts',(22.9904511105269,-135.500001959503,1.92360140383244));
#8120=CARTESIAN_POINT('Ctrl Pts',(22.3908593785018,-136.000001959503,2.22237356007099));
#8121=CARTESIAN_POINT('Ctrl Pts',(22.3908593785018,-135.500001959503,2.22237356007099));
#8122=CARTESIAN_POINT('Ctrl Pts',(22.4537234058995,-136.000001959503,2.21932256701144));
#8123=CARTESIAN_POINT('Ctrl Pts',(22.4537234058995,-135.500001959503,2.21932256701144));
#8124=CARTESIAN_POINT('Ctrl Pts',(22.5757433529106,-136.000001959503,2.2134005472671));
#8125=CARTESIAN_POINT('Ctrl Pts',(22.5757433529106,-135.500001959503,2.2134005472671));
#8126=CARTESIAN_POINT('Ctrl Pts',(22.6869011862943,-136.000001959503,2.16293688089801));
#8127=CARTESIAN_POINT('Ctrl Pts',(22.6869011862943,-135.500001959503,2.16293688089801));
#8128=CARTESIAN_POINT('Ctrl Pts',(22.7407910954207,-136.000001959503,2.13847182691097));
#8129=CARTESIAN_POINT('Ctrl Pts',(22.7407910954207,-135.500001959503,2.13847182691097));
#8130=CARTESIAN_POINT('',(22.3908593785018,-136.000001959503,2.22237356007099));
#8131=CARTESIAN_POINT('Ctrl Pts',(22.3908593785018,-136.000001959503,2.22237356007099));
#8132=CARTESIAN_POINT('Ctrl Pts',(22.4537234058995,-136.000001959503,2.21932256701144));
#8133=CARTESIAN_POINT('Ctrl Pts',(22.5757433529106,-136.000001959503,2.2134005472671));
#8134=CARTESIAN_POINT('Ctrl Pts',(22.6869011862943,-136.000001959503,2.16293688089801));
#8135=CARTESIAN_POINT('Ctrl Pts',(22.7407910954207,-136.000001959503,2.13847182691097));
#8136=CARTESIAN_POINT('',(22.3908593785018,-135.500001959503,2.22237356007099));
#8137=CARTESIAN_POINT('',(22.3908593785018,-136.000001959503,2.22237356007099));
#8138=CARTESIAN_POINT('Ctrl Pts',(22.3908593785018,-135.500001959503,2.22237356007099));
#8139=CARTESIAN_POINT('Ctrl Pts',(22.4537234058995,-135.500001959503,2.21932256701144));
#8140=CARTESIAN_POINT('Ctrl Pts',(22.5757433529106,-135.500001959503,2.2134005472671));
#8141=CARTESIAN_POINT('Ctrl Pts',(22.6869011862943,-135.500001959503,2.16293688089801));
#8142=CARTESIAN_POINT('Ctrl Pts',(22.7407910954207,-135.500001959503,2.13847182691097));
#8143=CARTESIAN_POINT('Ctrl Pts',(21.9058671128005,-136.000001959503,2.08117313683033));
#8144=CARTESIAN_POINT('Ctrl Pts',(21.9058671128005,-135.500001959503,2.08117313683033));
#8145=CARTESIAN_POINT('Ctrl Pts',(21.9807146047407,-136.000001959503,2.12235557570982));
#8146=CARTESIAN_POINT('Ctrl Pts',(21.9807146047407,-135.500001959503,2.12235557570982));
#8147=CARTESIAN_POINT('Ctrl Pts',(22.1318215704815,-136.000001959503,2.20549735133345));
#8148=CARTESIAN_POINT('Ctrl Pts',(22.1318215704815,-135.500001959503,2.20549735133345));
#8149=CARTESIAN_POINT('Ctrl Pts',(22.303977220458,-136.000001959503,2.21671322250899));
#8150=CARTESIAN_POINT('Ctrl Pts',(22.303977220458,-135.500001959503,2.21671322250899));
#8151=CARTESIAN_POINT('Ctrl Pts',(22.3908593785018,-136.000001959503,2.22237356007099));
#8152=CARTESIAN_POINT('Ctrl Pts',(22.3908593785018,-135.500001959503,2.22237356007099));
#8153=CARTESIAN_POINT('',(21.9058671128005,-136.000001959503,2.08117313683033));
#8154=CARTESIAN_POINT('Ctrl Pts',(21.9058671128005,-136.000001959503,2.08117313683033));
#8155=CARTESIAN_POINT('Ctrl Pts',(21.9807146047407,-136.000001959503,2.12235557570982));
#8156=CARTESIAN_POINT('Ctrl Pts',(22.1318215704815,-136.000001959503,2.20549735133345));
#8157=CARTESIAN_POINT('Ctrl Pts',(22.303977220458,-136.000001959503,2.21671322250899));
#8158=CARTESIAN_POINT('Ctrl Pts',(22.3908593785018,-136.000001959503,2.22237356007099));
#8159=CARTESIAN_POINT('',(21.9058671128005,-135.500001959503,2.08117313683033));
#8160=CARTESIAN_POINT('',(21.9058671128005,-136.000001959503,2.08117313683033));
#8161=CARTESIAN_POINT('Ctrl Pts',(21.9058671128005,-135.500001959503,2.08117313683033));
#8162=CARTESIAN_POINT('Ctrl Pts',(21.9807146047407,-135.500001959503,2.12235557570982));
#8163=CARTESIAN_POINT('Ctrl Pts',(22.1318215704815,-135.500001959503,2.20549735133345));
#8164=CARTESIAN_POINT('Ctrl Pts',(22.303977220458,-135.500001959503,2.21671322250899));
#8165=CARTESIAN_POINT('Ctrl Pts',(22.3908593785018,-135.500001959503,2.22237356007099));
#8166=CARTESIAN_POINT('Ctrl Pts',(21.5804913174361,-136.000001959503,1.67394258081913));
#8167=CARTESIAN_POINT('Ctrl Pts',(21.5804913174361,-135.500001959503,1.67394258081913));
#8168=CARTESIAN_POINT('Ctrl Pts',(21.6201029232397,-136.000001959503,1.756714746304));
#8169=CARTESIAN_POINT('Ctrl Pts',(21.6201029232397,-135.500001959503,1.756714746304));
#8170=CARTESIAN_POINT('Ctrl Pts',(21.6971739354451,-136.000001959503,1.91776185476954));
#8171=CARTESIAN_POINT('Ctrl Pts',(21.6971739354451,-135.500001959503,1.91776185476954));
#8172=CARTESIAN_POINT('Ctrl Pts',(21.8376099402615,-136.000001959503,2.02772629100726));
#8173=CARTESIAN_POINT('Ctrl Pts',(21.8376099402615,-135.500001959503,2.02772629100726));
#8174=CARTESIAN_POINT('Ctrl Pts',(21.9058671128005,-136.000001959503,2.08117313683033));
#8175=CARTESIAN_POINT('Ctrl Pts',(21.9058671128005,-135.500001959503,2.08117313683033));
#8176=CARTESIAN_POINT('',(21.5804913174361,-136.000001959503,1.67394258081913));
#8177=CARTESIAN_POINT('Ctrl Pts',(21.5804913174361,-136.000001959503,1.67394258081913));
#8178=CARTESIAN_POINT('Ctrl Pts',(21.6201029232397,-136.000001959503,1.756714746304));
#8179=CARTESIAN_POINT('Ctrl Pts',(21.6971739354451,-136.000001959503,1.91776185476954));
#8180=CARTESIAN_POINT('Ctrl Pts',(21.8376099402615,-136.000001959503,2.02772629100726));
#8181=CARTESIAN_POINT('Ctrl Pts',(21.9058671128005,-136.000001959503,2.08117313683033));
#8182=CARTESIAN_POINT('',(21.5804913174361,-135.500001959503,1.67394258081913));
#8183=CARTESIAN_POINT('',(21.5804913174361,-136.000001959503,1.67394258081913));
#8184=CARTESIAN_POINT('Ctrl Pts',(21.5804913174361,-135.500001959503,1.67394258081913));
#8185=CARTESIAN_POINT('Ctrl Pts',(21.6201029232397,-135.500001959503,1.756714746304));
#8186=CARTESIAN_POINT('Ctrl Pts',(21.6971739354451,-135.500001959503,1.91776185476954));
#8187=CARTESIAN_POINT('Ctrl Pts',(21.8376099402615,-135.500001959503,2.02772629100726));
#8188=CARTESIAN_POINT('Ctrl Pts',(21.9058671128005,-135.500001959503,2.08117313683033));
#8189=CARTESIAN_POINT('Ctrl Pts',(21.4720335137099,-136.000001959503,1.08458362519741));
#8190=CARTESIAN_POINT('Ctrl Pts',(21.4720335137099,-135.500001959503,1.08458362519741));
#8191=CARTESIAN_POINT('Ctrl Pts',(21.4759119364572,-136.000001959503,1.18889325137523));
#8192=CARTESIAN_POINT('Ctrl Pts',(21.4759119364572,-135.500001959503,1.18889325137523));
#8193=CARTESIAN_POINT('Ctrl Pts',(21.4834160940594,-136.000001959503,1.39071649893036));
#8194=CARTESIAN_POINT('Ctrl Pts',(21.4834160940594,-135.500001959503,1.39071649893036));
#8195=CARTESIAN_POINT('Ctrl Pts',(21.5488675598574,-136.000001959503,1.58167729785556));
#8196=CARTESIAN_POINT('Ctrl Pts',(21.5488675598574,-135.500001959503,1.58167729785556));
#8197=CARTESIAN_POINT('Ctrl Pts',(21.5804913174361,-136.000001959503,1.67394258081913));
#8198=CARTESIAN_POINT('Ctrl Pts',(21.5804913174361,-135.500001959503,1.67394258081913));
#8199=CARTESIAN_POINT('',(21.4720335137099,-136.000001959503,1.08458362519741));
#8200=CARTESIAN_POINT('Ctrl Pts',(21.4720335137099,-136.000001959503,1.08458362519741));
#8201=CARTESIAN_POINT('Ctrl Pts',(21.4759119364572,-136.000001959503,1.18889325137523));
#8202=CARTESIAN_POINT('Ctrl Pts',(21.4834160940594,-136.000001959503,1.39071649893036));
#8203=CARTESIAN_POINT('Ctrl Pts',(21.5488675598574,-136.000001959503,1.58167729785556));
#8204=CARTESIAN_POINT('Ctrl Pts',(21.5804913174361,-136.000001959503,1.67394258081913));
#8205=CARTESIAN_POINT('',(21.4720335137099,-135.500001959503,1.08458362519741));
#8206=CARTESIAN_POINT('',(21.4720335137099,-136.000001959503,1.08458362519741));
#8207=CARTESIAN_POINT('Ctrl Pts',(21.4720335137099,-135.500001959503,1.08458362519741));
#8208=CARTESIAN_POINT('Ctrl Pts',(21.4759119364572,-135.500001959503,1.18889325137523));
#8209=CARTESIAN_POINT('Ctrl Pts',(21.4834160940594,-135.500001959503,1.39071649893036));
#8210=CARTESIAN_POINT('Ctrl Pts',(21.5488675598574,-135.500001959503,1.58167729785556));
#8211=CARTESIAN_POINT('Ctrl Pts',(21.5804913174361,-135.500001959503,1.67394258081913));
#8212=CARTESIAN_POINT('Ctrl Pts',(21.5907230507582,-136.000001959503,0.493178591132164));
#8213=CARTESIAN_POINT('Ctrl Pts',(21.5907230507582,-135.500001959503,0.493178591132164));
#8214=CARTESIAN_POINT('Ctrl Pts',(21.5561217656572,-136.000001959503,0.584423946342643));
#8215=CARTESIAN_POINT('Ctrl Pts',(21.5561217656572,-135.500001959503,0.584423946342643));
#8216=CARTESIAN_POINT('Ctrl Pts',(21.4839092338135,-136.000001959503,0.774852079271726));
#8217=CARTESIAN_POINT('Ctrl Pts',(21.4839092338135,-135.500001959503,0.774852079271726));
#8218=CARTESIAN_POINT('Ctrl Pts',(21.4761005804673,-136.000001959503,0.97851015233244));
#8219=CARTESIAN_POINT('Ctrl Pts',(21.4761005804673,-135.500001959503,0.97851015233244));
#8220=CARTESIAN_POINT('Ctrl Pts',(21.4720335137099,-136.000001959503,1.08458362519741));
#8221=CARTESIAN_POINT('Ctrl Pts',(21.4720335137099,-135.500001959503,1.08458362519741));
#8222=CARTESIAN_POINT('',(21.5907230507582,-136.000001959503,0.493178591132164));
#8223=CARTESIAN_POINT('Ctrl Pts',(21.5907230507582,-136.000001959503,0.493178591132164));
#8224=CARTESIAN_POINT('Ctrl Pts',(21.5561217656572,-136.000001959503,0.584423946342643));
#8225=CARTESIAN_POINT('Ctrl Pts',(21.4839092338135,-136.000001959503,0.774852079271726));
#8226=CARTESIAN_POINT('Ctrl Pts',(21.4761005804673,-136.000001959503,0.97851015233244));
#8227=CARTESIAN_POINT('Ctrl Pts',(21.4720335137099,-136.000001959503,1.08458362519741));
#8228=CARTESIAN_POINT('',(21.5907230507582,-135.500001959503,0.493178591132164));
#8229=CARTESIAN_POINT('',(21.5907230507582,-136.000001959503,0.493178591132164));
#8230=CARTESIAN_POINT('Ctrl Pts',(21.5907230507582,-135.500001959503,0.493178591132164));
#8231=CARTESIAN_POINT('Ctrl Pts',(21.5561217656572,-135.500001959503,0.584423946342643));
#8232=CARTESIAN_POINT('Ctrl Pts',(21.4839092338135,-135.500001959503,0.774852079271726));
#8233=CARTESIAN_POINT('Ctrl Pts',(21.4761005804673,-135.500001959503,0.97851015233244));
#8234=CARTESIAN_POINT('Ctrl Pts',(21.4720335137099,-135.500001959503,1.08458362519741));
#8235=CARTESIAN_POINT('Ctrl Pts',(21.9283774029464,-136.000001959503,0.0941335409879684));
#8236=CARTESIAN_POINT('Ctrl Pts',(21.9283774029464,-135.500001959503,0.0941335409879684));
#8237=CARTESIAN_POINT('Ctrl Pts',(21.8596534531726,-136.000001959503,0.147486733855253));
#8238=CARTESIAN_POINT('Ctrl Pts',(21.8596534531726,-135.500001959503,0.147486733855253));
#8239=CARTESIAN_POINT('Ctrl Pts',(21.7190673143137,-136.000001959503,0.256629462200948));
#8240=CARTESIAN_POINT('Ctrl Pts',(21.7190673143137,-135.500001959503,0.256629462200948));
#8241=CARTESIAN_POINT('Ctrl Pts',(21.6341364295543,-136.000001959503,0.413164131165926));
#8242=CARTESIAN_POINT('Ctrl Pts',(21.6341364295543,-135.500001959503,0.413164131165926));
#8243=CARTESIAN_POINT('Ctrl Pts',(21.5907230507582,-136.000001959503,0.493178591132164));
#8244=CARTESIAN_POINT('Ctrl Pts',(21.5907230507582,-135.500001959503,0.493178591132164));
#8245=CARTESIAN_POINT('',(21.9283774029464,-136.000001959503,0.0941335409879684));
#8246=CARTESIAN_POINT('Ctrl Pts',(21.9283774029464,-136.000001959503,0.0941335409879684));
#8247=CARTESIAN_POINT('Ctrl Pts',(21.8596534531726,-136.000001959503,0.147486733855253));
#8248=CARTESIAN_POINT('Ctrl Pts',(21.7190673143137,-136.000001959503,0.256629462200948));
#8249=CARTESIAN_POINT('Ctrl Pts',(21.6341364295543,-136.000001959503,0.413164131165926));
#8250=CARTESIAN_POINT('Ctrl Pts',(21.5907230507582,-136.000001959503,0.493178591132164));
#8251=CARTESIAN_POINT('',(21.9283774029464,-135.500001959503,0.0941335409879684));
#8252=CARTESIAN_POINT('',(21.9283774029464,-136.000001959503,0.0941335409879684));
#8253=CARTESIAN_POINT('Ctrl Pts',(21.9283774029464,-135.500001959503,0.0941335409879684));
#8254=CARTESIAN_POINT('Ctrl Pts',(21.8596534531726,-135.500001959503,0.147486733855253));
#8255=CARTESIAN_POINT('Ctrl Pts',(21.7190673143137,-135.500001959503,0.256629462200948));
#8256=CARTESIAN_POINT('Ctrl Pts',(21.6341364295543,-135.500001959503,0.413164131165926));
#8257=CARTESIAN_POINT('Ctrl Pts',(21.5907230507582,-135.500001959503,0.493178591132164));
#8258=CARTESIAN_POINT('Ctrl Pts',(22.4072303902358,-136.000001959503,-0.0491134077310562));
#8259=CARTESIAN_POINT('Ctrl Pts',(22.4072303902358,-135.500001959503,-0.0491134077310562));
#8260=CARTESIAN_POINT('Ctrl Pts',(22.3222398620258,-136.000001959503,-0.0431019042533948));
#8261=CARTESIAN_POINT('Ctrl Pts',(22.3222398620258,-135.500001959503,-0.0431019042533948));
#8262=CARTESIAN_POINT('Ctrl Pts',(22.1519518600843,-136.000001959503,-0.0310571865956077));
#8263=CARTESIAN_POINT('Ctrl Pts',(22.1519518600843,-135.500001959503,-0.0310571865956077));
#8264=CARTESIAN_POINT('Ctrl Pts',(22.0029917226159,-136.000001959503,0.0523531825017437));
#8265=CARTESIAN_POINT('Ctrl Pts',(22.0029917226159,-135.500001959503,0.0523531825017437));
#8266=CARTESIAN_POINT('Ctrl Pts',(21.9283774029464,-136.000001959503,0.0941335409879684));
#8267=CARTESIAN_POINT('Ctrl Pts',(21.9283774029464,-135.500001959503,0.0941335409879684));
#8268=CARTESIAN_POINT('',(22.4072303902358,-136.000001959503,-0.0491134077310562));
#8269=CARTESIAN_POINT('Ctrl Pts',(22.4072303902358,-136.000001959503,-0.0491134077310562));
#8270=CARTESIAN_POINT('Ctrl Pts',(22.3222398620258,-136.000001959503,-0.0431019042533948));
#8271=CARTESIAN_POINT('Ctrl Pts',(22.1519518600843,-136.000001959503,-0.0310571865956077));
#8272=CARTESIAN_POINT('Ctrl Pts',(22.0029917226159,-136.000001959503,0.0523531825017437));
#8273=CARTESIAN_POINT('Ctrl Pts',(21.9283774029464,-136.000001959503,0.0941335409879684));
#8274=CARTESIAN_POINT('',(22.4072303902358,-135.500001959503,-0.0491134077310562));
#8275=CARTESIAN_POINT('',(22.4072303902358,-136.000001959503,-0.0491134077310562));
#8276=CARTESIAN_POINT('Ctrl Pts',(22.4072303902358,-135.500001959503,-0.0491134077310562));
#8277=CARTESIAN_POINT('Ctrl Pts',(22.3222398620258,-135.500001959503,-0.0431019042533948));
#8278=CARTESIAN_POINT('Ctrl Pts',(22.1519518600843,-135.500001959503,-0.0310571865956077));
#8279=CARTESIAN_POINT('Ctrl Pts',(22.0029917226159,-135.500001959503,0.0523531825017437));
#8280=CARTESIAN_POINT('Ctrl Pts',(21.9283774029464,-135.500001959503,0.0941335409879684));
#8281=CARTESIAN_POINT('Ctrl Pts',(23.0150070320815,-136.000001959503,0.274215564131737));
#8282=CARTESIAN_POINT('Ctrl Pts',(23.0150070320815,-135.500001959503,0.274215564131737));
#8283=CARTESIAN_POINT('Ctrl Pts',(22.9371391978929,-136.000001959503,0.179916028045092));
#8284=CARTESIAN_POINT('Ctrl Pts',(22.9371391978929,-135.500001959503,0.179916028045092));
#8285=CARTESIAN_POINT('Ctrl Pts',(22.779294378462,-136.000001959503,-0.0112372690911433));
#8286=CARTESIAN_POINT('Ctrl Pts',(22.779294378462,-135.500001959503,-0.0112372690911433));
#8287=CARTESIAN_POINT('Ctrl Pts',(22.5323516176037,-136.000001959503,-0.0363760584993433));
#8288=CARTESIAN_POINT('Ctrl Pts',(22.5323516176037,-135.500001959503,-0.0363760584993433));
#8289=CARTESIAN_POINT('Ctrl Pts',(22.4072303902358,-136.000001959503,-0.0491134077310562));
#8290=CARTESIAN_POINT('Ctrl Pts',(22.4072303902358,-135.500001959503,-0.0491134077310562));
#8291=CARTESIAN_POINT('',(23.0150070320815,-136.000001959503,0.274215564131737));
#8292=CARTESIAN_POINT('Ctrl Pts',(23.0150070320815,-136.000001959503,0.274215564131737));
#8293=CARTESIAN_POINT('Ctrl Pts',(22.9371391978929,-136.000001959503,0.179916028045092));
#8294=CARTESIAN_POINT('Ctrl Pts',(22.779294378462,-136.000001959503,-0.0112372690911433));
#8295=CARTESIAN_POINT('Ctrl Pts',(22.5323516176037,-136.000001959503,-0.0363760584993433));
#8296=CARTESIAN_POINT('Ctrl Pts',(22.4072303902358,-136.000001959503,-0.0491134077310562));
#8297=CARTESIAN_POINT('',(23.0150070320815,-135.500001959503,0.274215564131737));
#8298=CARTESIAN_POINT('',(23.0150070320815,-136.000001959503,0.274215564131737));
#8299=CARTESIAN_POINT('Ctrl Pts',(23.0150070320815,-135.500001959503,0.274215564131737));
#8300=CARTESIAN_POINT('Ctrl Pts',(22.9371391978929,-135.500001959503,0.179916028045092));
#8301=CARTESIAN_POINT('Ctrl Pts',(22.779294378462,-135.500001959503,-0.0112372690911433));
#8302=CARTESIAN_POINT('Ctrl Pts',(22.5323516176037,-135.500001959503,-0.0363760584993433));
#8303=CARTESIAN_POINT('Ctrl Pts',(22.4072303902358,-135.500001959503,-0.0491134077310562));
#8304=CARTESIAN_POINT('Origin',(23.0150070320815,-136.000001959503,-7.45058059692383E-8));
#8305=CARTESIAN_POINT('',(23.0150070320815,-136.000001959503,-7.45058059692383E-8));
#8306=CARTESIAN_POINT('',(23.0150070320815,-136.000001959503,-1.00000003725285));
#8307=CARTESIAN_POINT('',(23.0150070320815,-135.500001959503,-7.45058059692383E-8));
#8308=CARTESIAN_POINT('',(23.0150070320815,-136.000001959503,-7.45058059692383E-8));
#8309=CARTESIAN_POINT('',(23.0150070320815,-135.500001959503,-7.45058059692383E-8));
#8310=CARTESIAN_POINT('Origin',(23.3567538391799,-136.000001959503,-7.45058059692383E-8));
#8311=CARTESIAN_POINT('',(185.928379493766,-136.000001959503,-7.45058059692383E-8));
#8312=CARTESIAN_POINT('',(23.3567538391799,-135.500001959503,-7.45058059692383E-8));
#8313=CARTESIAN_POINT('Origin',(19.7060026740655,-135.500001959503,1.48158244788647));
#8314=CARTESIAN_POINT('Origin',(29.174623740837,-136.000001959503,3.01227830350399));
#8315=CARTESIAN_POINT('',(29.174623740837,-136.000001959503,3.01227830350399));
#8316=CARTESIAN_POINT('',(29.4120051991194,-136.000001959503,3.01227830350399));
#8317=CARTESIAN_POINT('',(188.837314444594,-136.000001959503,3.01227830350399));
#8318=CARTESIAN_POINT('',(29.174623740837,-135.500001959503,3.01227830350399));
#8319=CARTESIAN_POINT('',(29.174623740837,-136.000001959503,3.01227830350399));
#8320=CARTESIAN_POINT('',(29.4120051991194,-135.500001959503,3.01227830350399));
#8321=CARTESIAN_POINT('',(29.174623740837,-135.500001959503,3.01227830350399));
#8322=CARTESIAN_POINT('',(29.4120051991194,-136.000001959503,3.01227830350399));
#8323=CARTESIAN_POINT('Ctrl Pts',(28.8472023140639,-136.000001959503,2.61118702590466));
#8324=CARTESIAN_POINT('Ctrl Pts',(28.8472023140639,-135.500001959503,2.61118702590466));
#8325=CARTESIAN_POINT('Ctrl Pts',(28.9168053811756,-136.000001959503,2.67602851503745));
#8326=CARTESIAN_POINT('Ctrl Pts',(28.9168053811756,-135.500001959503,2.67602851503745));
#8327=CARTESIAN_POINT('Ctrl Pts',(29.0444163848841,-136.000001959503,2.79490959102379));
#8328=CARTESIAN_POINT('Ctrl Pts',(29.0444163848841,-135.500001959503,2.79490959102379));
#8329=CARTESIAN_POINT('Ctrl Pts',(29.1339325266962,-136.000001959503,2.94434821796994));
#8330=CARTESIAN_POINT('Ctrl Pts',(29.1339325266962,-135.500001959503,2.94434821796994));
#8331=CARTESIAN_POINT('Ctrl Pts',(29.174623740837,-136.000001959503,3.01227830350399));
#8332=CARTESIAN_POINT('Ctrl Pts',(29.174623740837,-135.500001959503,3.01227830350399));
#8333=CARTESIAN_POINT('',(28.8472023140639,-136.000001959503,2.61118702590466));
#8334=CARTESIAN_POINT('Ctrl Pts',(28.8472023140639,-136.000001959503,2.61118702590466));
#8335=CARTESIAN_POINT('Ctrl Pts',(28.9168053811756,-136.000001959503,2.67602851503745));
#8336=CARTESIAN_POINT('Ctrl Pts',(29.0444163848841,-136.000001959503,2.79490959102379));
#8337=CARTESIAN_POINT('Ctrl Pts',(29.1339325266962,-136.000001959503,2.94434821796994));
#8338=CARTESIAN_POINT('Ctrl Pts',(29.174623740837,-136.000001959503,3.01227830350399));
#8339=CARTESIAN_POINT('',(28.8472023140639,-135.500001959503,2.61118702590466));
#8340=CARTESIAN_POINT('',(28.8472023140639,-136.000001959503,2.61118702590466));
#8341=CARTESIAN_POINT('Ctrl Pts',(28.8472023140639,-135.500001959503,2.61118702590466));
#8342=CARTESIAN_POINT('Ctrl Pts',(28.9168053811756,-135.500001959503,2.67602851503745));
#8343=CARTESIAN_POINT('Ctrl Pts',(29.0444163848841,-135.500001959503,2.79490959102379));
#8344=CARTESIAN_POINT('Ctrl Pts',(29.1339325266962,-135.500001959503,2.94434821796994));
#8345=CARTESIAN_POINT('Ctrl Pts',(29.174623740837,-135.500001959503,3.01227830350399));
#8346=CARTESIAN_POINT('Ctrl Pts',(28.3069577347487,-136.000001959503,2.25920863449574));
#8347=CARTESIAN_POINT('Ctrl Pts',(28.3069577347487,-135.500001959503,2.25920863449574));
#8348=CARTESIAN_POINT('Ctrl Pts',(28.4057271509716,-136.000001959503,2.30931800879644));
#8349=CARTESIAN_POINT('Ctrl Pts',(28.4057271509716,-135.500001959503,2.30931800879644));
#8350=CARTESIAN_POINT('Ctrl Pts',(28.5985595227815,-136.000001959503,2.40714899601738));
#8351=CARTESIAN_POINT('Ctrl Pts',(28.5985595227815,-135.500001959503,2.40714899601738));
#8352=CARTESIAN_POINT('Ctrl Pts',(28.7656810287727,-136.000001959503,2.54429008367316));
#8353=CARTESIAN_POINT('Ctrl Pts',(28.7656810287727,-135.500001959503,2.54429008367316));
#8354=CARTESIAN_POINT('Ctrl Pts',(28.8472023140639,-136.000001959503,2.61118702590466));
#8355=CARTESIAN_POINT('Ctrl Pts',(28.8472023140639,-135.500001959503,2.61118702590466));
#8356=CARTESIAN_POINT('',(28.3069577347487,-136.000001959503,2.25920863449574));
#8357=CARTESIAN_POINT('Ctrl Pts',(28.3069577347487,-136.000001959503,2.25920863449574));
#8358=CARTESIAN_POINT('Ctrl Pts',(28.4057271509716,-136.000001959503,2.30931800879644));
#8359=CARTESIAN_POINT('Ctrl Pts',(28.5985595227815,-136.000001959503,2.40714899601738));
#8360=CARTESIAN_POINT('Ctrl Pts',(28.7656810287727,-136.000001959503,2.54429008367316));
#8361=CARTESIAN_POINT('Ctrl Pts',(28.8472023140639,-136.000001959503,2.61118702590466));
#8362=CARTESIAN_POINT('',(28.3069577347487,-135.500001959503,2.25920863449574));
#8363=CARTESIAN_POINT('',(28.3069577347487,-136.000001959503,2.25920863449574));
#8364=CARTESIAN_POINT('Ctrl Pts',(28.3069577347487,-135.500001959503,2.25920863449574));
#8365=CARTESIAN_POINT('Ctrl Pts',(28.4057271509716,-135.500001959503,2.30931800879644));
#8366=CARTESIAN_POINT('Ctrl Pts',(28.5985595227815,-135.500001959503,2.40714899601738));
#8367=CARTESIAN_POINT('Ctrl Pts',(28.7656810287727,-135.500001959503,2.54429008367316));
#8368=CARTESIAN_POINT('Ctrl Pts',(28.8472023140639,-135.500001959503,2.61118702590466));
#8369=CARTESIAN_POINT('Origin',(28.3069577347487,-136.000001959503,1.90313778817654));
#8370=CARTESIAN_POINT('',(28.3069577347487,-136.000001959503,1.90313778817654));
#8371=CARTESIAN_POINT('',(28.3069577347487,-136.000001959503,-0.0484311059116822));
#8372=CARTESIAN_POINT('',(28.3069577347487,-135.500001959503,1.90313778817654));
#8373=CARTESIAN_POINT('',(28.3069577347487,-136.000001959503,1.90313778817654));
#8374=CARTESIAN_POINT('',(28.3069577347487,-135.500001959503,1.90313778817654));
#8375=CARTESIAN_POINT('Ctrl Pts',(28.693723930046,-136.000001959503,2.09345154464245));
#8376=CARTESIAN_POINT('Ctrl Pts',(28.693723930046,-135.500001959503,2.09345154464245));
#8377=CARTESIAN_POINT('Ctrl Pts',(28.6264910794065,-136.000001959503,2.05478768253957));
#8378=CARTESIAN_POINT('Ctrl Pts',(28.6264910794065,-135.500001959503,2.05478768253957));
#8379=CARTESIAN_POINT('Ctrl Pts',(28.5016459584761,-136.000001959503,1.98299250363579));
#8380=CARTESIAN_POINT('Ctrl Pts',(28.5016459584761,-135.500001959503,1.98299250363579));
#8381=CARTESIAN_POINT('Ctrl Pts',(28.3684319808331,-136.000001959503,1.9283525049948));
#8382=CARTESIAN_POINT('Ctrl Pts',(28.3684319808331,-135.500001959503,1.9283525049948));
#8383=CARTESIAN_POINT('Ctrl Pts',(28.3069577347487,-136.000001959503,1.90313778817654));
#8384=CARTESIAN_POINT('Ctrl Pts',(28.3069577347487,-135.500001959503,1.90313778817654));
#8385=CARTESIAN_POINT('',(28.693723930046,-136.000001959503,2.09345154464245));
#8386=CARTESIAN_POINT('Ctrl Pts',(28.693723930046,-136.000001959503,2.09345154464245));
#8387=CARTESIAN_POINT('Ctrl Pts',(28.6264910794065,-136.000001959503,2.05478768253957));
#8388=CARTESIAN_POINT('Ctrl Pts',(28.5016459584761,-136.000001959503,1.98299250363579));
#8389=CARTESIAN_POINT('Ctrl Pts',(28.3684319808331,-136.000001959503,1.9283525049948));
#8390=CARTESIAN_POINT('Ctrl Pts',(28.3069577347487,-136.000001959503,1.90313778817654));
#8391=CARTESIAN_POINT('',(28.693723930046,-135.500001959503,2.09345154464245));
#8392=CARTESIAN_POINT('',(28.693723930046,-136.000001959503,2.09345154464245));
#8393=CARTESIAN_POINT('Ctrl Pts',(28.693723930046,-135.500001959503,2.09345154464245));
#8394=CARTESIAN_POINT('Ctrl Pts',(28.6264910794065,-135.500001959503,2.05478768253957));
#8395=CARTESIAN_POINT('Ctrl Pts',(28.5016459584761,-135.500001959503,1.98299250363579));
#8396=CARTESIAN_POINT('Ctrl Pts',(28.3684319808331,-135.500001959503,1.9283525049948));
#8397=CARTESIAN_POINT('Ctrl Pts',(28.3069577347487,-135.500001959503,1.90313778817654));
#8398=CARTESIAN_POINT('Ctrl Pts',(29.0436556469649,-136.000001959503,2.34720326960087));
#8399=CARTESIAN_POINT('Ctrl Pts',(29.0436556469649,-135.500001959503,2.34720326960087));
#8400=CARTESIAN_POINT('Ctrl Pts',(28.9933618861204,-136.000001959503,2.30349584506928));
#8401=CARTESIAN_POINT('Ctrl Pts',(28.9933618861204,-135.500001959503,2.30349584506928));
#8402=CARTESIAN_POINT('Ctrl Pts',(28.8842274527554,-136.000001959503,2.20865336500812));
#8403=CARTESIAN_POINT('Ctrl Pts',(28.8842274527554,-135.500001959503,2.20865336500812));
#8404=CARTESIAN_POINT('Ctrl Pts',(28.7604561719139,-136.000001959503,2.13380605164017));
#8405=CARTESIAN_POINT('Ctrl Pts',(28.7604561719139,-135.500001959503,2.13380605164017));
#8406=CARTESIAN_POINT('Ctrl Pts',(28.693723930046,-136.000001959503,2.09345154464245));
#8407=CARTESIAN_POINT('Ctrl Pts',(28.693723930046,-135.500001959503,2.09345154464245));
#8408=CARTESIAN_POINT('',(29.0436556469649,-136.000001959503,2.34720326960087));
#8409=CARTESIAN_POINT('Ctrl Pts',(29.0436556469649,-136.000001959503,2.34720326960087));
#8410=CARTESIAN_POINT('Ctrl Pts',(28.9933618861204,-136.000001959503,2.30349584506928));
#8411=CARTESIAN_POINT('Ctrl Pts',(28.8842274527554,-136.000001959503,2.20865336500812));
#8412=CARTESIAN_POINT('Ctrl Pts',(28.7604561719139,-136.000001959503,2.13380605164017));
#8413=CARTESIAN_POINT('Ctrl Pts',(28.693723930046,-136.000001959503,2.09345154464245));
#8414=CARTESIAN_POINT('',(29.0436556469649,-135.500001959503,2.34720326960087));
#8415=CARTESIAN_POINT('',(29.0436556469649,-136.000001959503,2.34720326960087));
#8416=CARTESIAN_POINT('Ctrl Pts',(29.0436556469649,-135.500001959503,2.34720326960087));
#8417=CARTESIAN_POINT('Ctrl Pts',(28.9933618861204,-135.500001959503,2.30349584506928));
#8418=CARTESIAN_POINT('Ctrl Pts',(28.8842274527554,-135.500001959503,2.20865336500812));
#8419=CARTESIAN_POINT('Ctrl Pts',(28.7604561719139,-135.500001959503,2.13380605164017));
#8420=CARTESIAN_POINT('Ctrl Pts',(28.693723930046,-135.500001959503,2.09345154464245));
#8421=CARTESIAN_POINT('Origin',(29.0436556469649,-136.000001959503,-7.45058059692383E-8));
#8422=CARTESIAN_POINT('',(29.0436556469649,-136.000001959503,-7.45058059692383E-8));
#8423=CARTESIAN_POINT('',(29.0436556469649,-136.000001959503,-1.00000003725285));
#8424=CARTESIAN_POINT('',(29.0436556469649,-135.500001959503,-7.45058059692383E-8));
#8425=CARTESIAN_POINT('',(29.0436556469649,-136.000001959503,-7.45058059692383E-8));
#8426=CARTESIAN_POINT('',(29.0436556469649,-135.500001959503,-7.45058059692383E-8));
#8427=CARTESIAN_POINT('Origin',(29.4120051991194,-136.000001959503,-7.45058059692383E-8));
#8428=CARTESIAN_POINT('',(29.4120051991194,-136.000001959503,-7.45058059692383E-8));
#8429=CARTESIAN_POINT('',(188.956005173735,-136.000001959503,-7.45058059692383E-8));
#8430=CARTESIAN_POINT('',(29.4120051991194,-135.500001959503,-7.45058059692383E-8));
#8431=CARTESIAN_POINT('',(29.4120051991194,-136.000001959503,-7.45058059692383E-8));
#8432=CARTESIAN_POINT('',(29.4120051991194,-135.500001959503,-7.45058059692383E-8));
#8433=CARTESIAN_POINT('Origin',(29.4120051991194,-136.000001959503,3.01227830350399));
#8434=CARTESIAN_POINT('',(29.4120051991194,-136.000001959503,0.506139151752045));
#8435=CARTESIAN_POINT('',(29.4120051991194,-135.500001959503,3.01227830350399));
#8436=CARTESIAN_POINT('Origin',(19.7060026740655,-135.500001959503,1.48158244788647));
#8437=CARTESIAN_POINT('Ctrl Pts',(16.429741634056,-136.000001959503,1.91746242344379));
#8438=CARTESIAN_POINT('Ctrl Pts',(16.429741634056,-135.500001959503,1.91746242344379));
#8439=CARTESIAN_POINT('Ctrl Pts',(16.3416012847103,-136.000001959503,1.90887848355764));
#8440=CARTESIAN_POINT('Ctrl Pts',(16.3416012847103,-135.500001959503,1.90887848355764));
#8441=CARTESIAN_POINT('Ctrl Pts',(16.1654633921487,-136.000001959503,1.89172451159533));
#8442=CARTESIAN_POINT('Ctrl Pts',(16.1654633921487,-135.500001959503,1.89172451159533));
#8443=CARTESIAN_POINT('Ctrl Pts',(16.0360200956391,-136.000001959503,1.77106066409011));
#8444=CARTESIAN_POINT('Ctrl Pts',(16.0360200956391,-135.500001959503,1.77106066409011));
#8445=CARTESIAN_POINT('Ctrl Pts',(15.9713509213179,-136.000001959503,1.71077765524387));
#8446=CARTESIAN_POINT('Ctrl Pts',(15.9713509213179,-135.500001959503,1.71077765524387));
#8447=CARTESIAN_POINT('',(16.429741634056,-136.000001959503,1.91746242344379));
#8448=CARTESIAN_POINT('',(15.9713509213179,-136.000001959503,1.71077765524387));
#8449=CARTESIAN_POINT('Ctrl Pts',(16.429741634056,-136.000001959503,1.91746242344379));
#8450=CARTESIAN_POINT('Ctrl Pts',(16.3416012847103,-136.000001959503,1.90887848355764));
#8451=CARTESIAN_POINT('Ctrl Pts',(16.1654633921487,-136.000001959503,1.89172451159533));
#8452=CARTESIAN_POINT('Ctrl Pts',(16.0360200956391,-136.000001959503,1.77106066409011));
#8453=CARTESIAN_POINT('Ctrl Pts',(15.9713509213179,-136.000001959503,1.71077765524387));
#8454=CARTESIAN_POINT('',(16.429741634056,-135.500001959503,1.91746242344379));
#8455=CARTESIAN_POINT('',(16.429741634056,-136.000001959503,1.91746242344379));
#8456=CARTESIAN_POINT('',(15.9713509213179,-135.500001959503,1.71077765524387));
#8457=CARTESIAN_POINT('Ctrl Pts',(16.429741634056,-135.500001959503,1.91746242344379));
#8458=CARTESIAN_POINT('Ctrl Pts',(16.3416012847103,-135.500001959503,1.90887848355764));
#8459=CARTESIAN_POINT('Ctrl Pts',(16.1654633921487,-135.500001959503,1.89172451159533));
#8460=CARTESIAN_POINT('Ctrl Pts',(16.0360200956391,-135.500001959503,1.77106066409011));
#8461=CARTESIAN_POINT('Ctrl Pts',(15.9713509213179,-135.500001959503,1.71077765524387));
#8462=CARTESIAN_POINT('',(15.9713509213179,-136.000001959503,1.71077765524387));
#8463=CARTESIAN_POINT('Ctrl Pts',(16.8840386997908,-136.000001959503,1.70873112976551));
#8464=CARTESIAN_POINT('Ctrl Pts',(16.8840386997908,-135.500001959503,1.70873112976551));
#8465=CARTESIAN_POINT('Ctrl Pts',(16.819809611021,-136.000001959503,1.76961064175241));
#8466=CARTESIAN_POINT('Ctrl Pts',(16.819809611021,-135.500001959503,1.76961064175241));
#8467=CARTESIAN_POINT('Ctrl Pts',(16.6919989105212,-136.000001959503,1.89075595491435));
#8468=CARTESIAN_POINT('Ctrl Pts',(16.6919989105212,-135.500001959503,1.89075595491435));
#8469=CARTESIAN_POINT('Ctrl Pts',(16.5168649888621,-136.000001959503,1.90859038311503));
#8470=CARTESIAN_POINT('Ctrl Pts',(16.5168649888621,-135.500001959503,1.90859038311503));
#8471=CARTESIAN_POINT('Ctrl Pts',(16.429741634056,-136.000001959503,1.91746242344379));
#8472=CARTESIAN_POINT('Ctrl Pts',(16.429741634056,-135.500001959503,1.91746242344379));
#8473=CARTESIAN_POINT('',(16.8840386997908,-136.000001959503,1.70873112976551));
#8474=CARTESIAN_POINT('Ctrl Pts',(16.8840386997908,-136.000001959503,1.70873112976551));
#8475=CARTESIAN_POINT('Ctrl Pts',(16.819809611021,-136.000001959503,1.76961064175241));
#8476=CARTESIAN_POINT('Ctrl Pts',(16.6919989105212,-136.000001959503,1.89075595491435));
#8477=CARTESIAN_POINT('Ctrl Pts',(16.5168649888621,-136.000001959503,1.90859038311503));
#8478=CARTESIAN_POINT('Ctrl Pts',(16.429741634056,-136.000001959503,1.91746242344379));
#8479=CARTESIAN_POINT('',(16.8840386997908,-135.500001959503,1.70873112976551));
#8480=CARTESIAN_POINT('',(16.8840386997908,-136.000001959503,1.70873112976551));
#8481=CARTESIAN_POINT('Ctrl Pts',(16.8840386997908,-135.500001959503,1.70873112976551));
#8482=CARTESIAN_POINT('Ctrl Pts',(16.819809611021,-135.500001959503,1.76961064175241));
#8483=CARTESIAN_POINT('Ctrl Pts',(16.6919989105212,-135.500001959503,1.89075595491435));
#8484=CARTESIAN_POINT('Ctrl Pts',(16.5168649888621,-135.500001959503,1.90859038311503));
#8485=CARTESIAN_POINT('Ctrl Pts',(16.429741634056,-135.500001959503,1.91746242344379));
#8486=CARTESIAN_POINT('Ctrl Pts',(17.0682134758681,-136.000001959503,1.09890840947628));
#8487=CARTESIAN_POINT('Ctrl Pts',(17.0682134758681,-135.500001959503,1.09890840947628));
#8488=CARTESIAN_POINT('Ctrl Pts',(17.0642188261147,-136.000001959503,1.22058136288402));
#8489=CARTESIAN_POINT('Ctrl Pts',(17.0642188261147,-135.500001959503,1.22058136288402));
#8490=CARTESIAN_POINT('Ctrl Pts',(17.0569713251517,-136.000001959503,1.44133284334303));
#8491=CARTESIAN_POINT('Ctrl Pts',(17.0569713251517,-135.500001959503,1.44133284334303));
#8492=CARTESIAN_POINT('Ctrl Pts',(16.9376106267443,-136.000001959503,1.62589516149283));
#8493=CARTESIAN_POINT('Ctrl Pts',(16.9376106267443,-135.500001959503,1.62589516149283));
#8494=CARTESIAN_POINT('Ctrl Pts',(16.8840386997908,-136.000001959503,1.70873112976551));
#8495=CARTESIAN_POINT('Ctrl Pts',(16.8840386997908,-135.500001959503,1.70873112976551));
#8496=CARTESIAN_POINT('',(17.0682134758681,-136.000001959503,1.09890840947628));
#8497=CARTESIAN_POINT('Ctrl Pts',(17.0682134758681,-136.000001959503,1.09890840947628));
#8498=CARTESIAN_POINT('Ctrl Pts',(17.0642188261147,-136.000001959503,1.22058136288402));
#8499=CARTESIAN_POINT('Ctrl Pts',(17.0569713251517,-136.000001959503,1.44133284334303));
#8500=CARTESIAN_POINT('Ctrl Pts',(16.9376106267443,-136.000001959503,1.62589516149283));
#8501=CARTESIAN_POINT('Ctrl Pts',(16.8840386997908,-136.000001959503,1.70873112976551));
#8502=CARTESIAN_POINT('',(17.0682134758681,-135.500001959503,1.09890840947628));
#8503=CARTESIAN_POINT('',(17.0682134758681,-136.000001959503,1.09890840947628));
#8504=CARTESIAN_POINT('Ctrl Pts',(17.0682134758681,-135.500001959503,1.09890840947628));
#8505=CARTESIAN_POINT('Ctrl Pts',(17.0642188261147,-135.500001959503,1.22058136288402));
#8506=CARTESIAN_POINT('Ctrl Pts',(17.0569713251517,-135.500001959503,1.44133284334303));
#8507=CARTESIAN_POINT('Ctrl Pts',(16.9376106267443,-135.500001959503,1.62589516149283));
#8508=CARTESIAN_POINT('Ctrl Pts',(16.8840386997908,-135.500001959503,1.70873112976551));
#8509=CARTESIAN_POINT('Ctrl Pts',(16.886084927246,-136.000001959503,0.462482795119286));
#8510=CARTESIAN_POINT('Ctrl Pts',(16.886084927246,-135.500001959503,0.462482795119286));
#8511=CARTESIAN_POINT('Ctrl Pts',(16.9390186387653,-136.000001959503,0.548018192246827));
#8512=CARTESIAN_POINT('Ctrl Pts',(16.9390186387653,-135.500001959503,0.548018192246827));
#8513=CARTESIAN_POINT('Ctrl Pts',(17.0589670749822,-136.000001959503,0.741842445868102));
#8514=CARTESIAN_POINT('Ctrl Pts',(17.0589670749822,-135.500001959503,0.741842445868102));
#8515=CARTESIAN_POINT('Ctrl Pts',(17.0648992132787,-136.000001959503,0.970922355255584));
#8516=CARTESIAN_POINT('Ctrl Pts',(17.0648992132787,-135.500001959503,0.970922355255584));
#8517=CARTESIAN_POINT('Ctrl Pts',(17.0682134758681,-136.000001959503,1.09890840947628));
#8518=CARTESIAN_POINT('Ctrl Pts',(17.0682134758681,-135.500001959503,1.09890840947628));
#8519=CARTESIAN_POINT('',(16.886084927246,-136.000001959503,0.462482795119286));
#8520=CARTESIAN_POINT('Ctrl Pts',(16.886084927246,-136.000001959503,0.462482795119286));
#8521=CARTESIAN_POINT('Ctrl Pts',(16.9390186387653,-136.000001959503,0.548018192246827));
#8522=CARTESIAN_POINT('Ctrl Pts',(17.0589670749822,-136.000001959503,0.741842445868102));
#8523=CARTESIAN_POINT('Ctrl Pts',(17.0648992132787,-136.000001959503,0.970922355255584));
#8524=CARTESIAN_POINT('Ctrl Pts',(17.0682134758681,-136.000001959503,1.09890840947628));
#8525=CARTESIAN_POINT('',(16.886084927246,-135.500001959503,0.462482795119286));
#8526=CARTESIAN_POINT('',(16.886084927246,-136.000001959503,0.462482795119286));
#8527=CARTESIAN_POINT('Ctrl Pts',(16.886084927246,-135.500001959503,0.462482795119286));
#8528=CARTESIAN_POINT('Ctrl Pts',(16.9390186387653,-135.500001959503,0.548018192246827));
#8529=CARTESIAN_POINT('Ctrl Pts',(17.0589670749822,-135.500001959503,0.741842445868102));
#8530=CARTESIAN_POINT('Ctrl Pts',(17.0648992132787,-135.500001959503,0.970922355255584));
#8531=CARTESIAN_POINT('Ctrl Pts',(17.0682134758681,-135.500001959503,1.09890840947628));
#8532=CARTESIAN_POINT('Ctrl Pts',(16.429741634056,-136.000001959503,0.253751501441002));
#8533=CARTESIAN_POINT('Ctrl Pts',(16.429741634056,-135.500001959503,0.253751501441002));
#8534=CARTESIAN_POINT('Ctrl Pts',(16.5173975696603,-136.000001959503,0.262549812151274));
#8535=CARTESIAN_POINT('Ctrl Pts',(16.5173975696603,-135.500001959503,0.262549812151274));
#8536=CARTESIAN_POINT('Ctrl Pts',(16.6932226470994,-136.000001959503,0.280197945746565));
#8537=CARTESIAN_POINT('Ctrl Pts',(16.6932226470994,-135.500001959503,0.280197945746565));
#8538=CARTESIAN_POINT('Ctrl Pts',(16.8216725254154,-136.000001959503,0.401603057741435));
#8539=CARTESIAN_POINT('Ctrl Pts',(16.8216725254154,-135.500001959503,0.401603057741435));
#8540=CARTESIAN_POINT('Ctrl Pts',(16.886084927246,-136.000001959503,0.462482795119286));
#8541=CARTESIAN_POINT('Ctrl Pts',(16.886084927246,-135.500001959503,0.462482795119286));
#8542=CARTESIAN_POINT('',(16.429741634056,-136.000001959503,0.253751501441002));
#8543=CARTESIAN_POINT('Ctrl Pts',(16.429741634056,-136.000001959503,0.253751501441002));
#8544=CARTESIAN_POINT('Ctrl Pts',(16.5173975696603,-136.000001959503,0.262549812151274));
#8545=CARTESIAN_POINT('Ctrl Pts',(16.6932226470994,-136.000001959503,0.280197945746565));
#8546=CARTESIAN_POINT('Ctrl Pts',(16.8216725254154,-136.000001959503,0.401603057741435));
#8547=CARTESIAN_POINT('Ctrl Pts',(16.886084927246,-136.000001959503,0.462482795119286));
#8548=CARTESIAN_POINT('',(16.429741634056,-135.500001959503,0.253751501441002));
#8549=CARTESIAN_POINT('',(16.429741634056,-136.000001959503,0.253751501441002));
#8550=CARTESIAN_POINT('Ctrl Pts',(16.429741634056,-135.500001959503,0.253751501441002));
#8551=CARTESIAN_POINT('Ctrl Pts',(16.5173975696603,-135.500001959503,0.262549812151274));
#8552=CARTESIAN_POINT('Ctrl Pts',(16.6932226470994,-135.500001959503,0.280197945746565));
#8553=CARTESIAN_POINT('Ctrl Pts',(16.8216725254154,-135.500001959503,0.401603057741435));
#8554=CARTESIAN_POINT('Ctrl Pts',(16.886084927246,-135.500001959503,0.462482795119286));
#8555=CARTESIAN_POINT('Ctrl Pts',(15.9713509213179,-136.000001959503,0.460436567664146));
#8556=CARTESIAN_POINT('Ctrl Pts',(15.9713509213179,-135.500001959503,0.460436567664146));
#8557=CARTESIAN_POINT('Ctrl Pts',(16.0360200796514,-136.000001959503,0.400153434651991));
#8558=CARTESIAN_POINT('Ctrl Pts',(16.0360200796514,-135.500001959503,0.400153434651991));
#8559=CARTESIAN_POINT('Ctrl Pts',(16.1654632990431,-136.000001959503,0.279489380670095));
#8560=CARTESIAN_POINT('Ctrl Pts',(16.1654632990431,-135.500001959503,0.279489380670095));
#8561=CARTESIAN_POINT('Ctrl Pts',(16.3416012741002,-136.000001959503,0.262335428457345));
#8562=CARTESIAN_POINT('Ctrl Pts',(16.3416012741002,-135.500001959503,0.262335428457345));
#8563=CARTESIAN_POINT('Ctrl Pts',(16.429741634056,-136.000001959503,0.253751501441002));
#8564=CARTESIAN_POINT('Ctrl Pts',(16.429741634056,-135.500001959503,0.253751501441002));
#8565=CARTESIAN_POINT('',(15.9713509213179,-136.000001959503,0.460436567664146));
#8566=CARTESIAN_POINT('Ctrl Pts',(15.9713509213179,-136.000001959503,0.460436567664146));
#8567=CARTESIAN_POINT('Ctrl Pts',(16.0360200796514,-136.000001959503,0.400153434651991));
#8568=CARTESIAN_POINT('Ctrl Pts',(16.1654632990431,-136.000001959503,0.279489380670095));
#8569=CARTESIAN_POINT('Ctrl Pts',(16.3416012741002,-136.000001959503,0.262335428457345));
#8570=CARTESIAN_POINT('Ctrl Pts',(16.429741634056,-136.000001959503,0.253751501441002));
#8571=CARTESIAN_POINT('',(15.9713509213179,-135.500001959503,0.460436567664146));
#8572=CARTESIAN_POINT('',(15.9713509213179,-136.000001959503,0.460436567664146));
#8573=CARTESIAN_POINT('Ctrl Pts',(15.9713509213179,-135.500001959503,0.460436567664146));
#8574=CARTESIAN_POINT('Ctrl Pts',(16.0360200796514,-135.500001959503,0.400153434651991));
#8575=CARTESIAN_POINT('Ctrl Pts',(16.1654632990431,-135.500001959503,0.279489380670095));
#8576=CARTESIAN_POINT('Ctrl Pts',(16.3416012741002,-135.500001959503,0.262335428457345));
#8577=CARTESIAN_POINT('Ctrl Pts',(16.429741634056,-135.500001959503,0.253751501441002));
#8578=CARTESIAN_POINT('Ctrl Pts',(15.7892229687423,-136.000001959503,1.08663015067577));
#8579=CARTESIAN_POINT('Ctrl Pts',(15.7892229687423,-135.500001959503,1.08663015067577));
#8580=CARTESIAN_POINT('Ctrl Pts',(15.792808081455,-136.000001959503,0.961244318338967));
#8581=CARTESIAN_POINT('Ctrl Pts',(15.792808081455,-135.500001959503,0.961244318338967));
#8582=CARTESIAN_POINT('Ctrl Pts',(15.799261500069,-136.000001959503,0.735542275151192));
#8583=CARTESIAN_POINT('Ctrl Pts',(15.799261500069,-135.500001959503,0.735542275151192));
#8584=CARTESIAN_POINT('Ctrl Pts',(15.918398798382,-136.000001959503,0.545086926399262));
#8585=CARTESIAN_POINT('Ctrl Pts',(15.918398798382,-135.500001959503,0.545086926399262));
#8586=CARTESIAN_POINT('Ctrl Pts',(15.9713509213179,-136.000001959503,0.460436567664146));
#8587=CARTESIAN_POINT('Ctrl Pts',(15.9713509213179,-135.500001959503,0.460436567664146));
#8588=CARTESIAN_POINT('',(15.7892229687423,-136.000001959503,1.08663015067577));
#8589=CARTESIAN_POINT('Ctrl Pts',(15.7892229687423,-136.000001959503,1.08663015067577));
#8590=CARTESIAN_POINT('Ctrl Pts',(15.792808081455,-136.000001959503,0.961244318338967));
#8591=CARTESIAN_POINT('Ctrl Pts',(15.799261500069,-136.000001959503,0.735542275151192));
#8592=CARTESIAN_POINT('Ctrl Pts',(15.918398798382,-136.000001959503,0.545086926399262));
#8593=CARTESIAN_POINT('Ctrl Pts',(15.9713509213179,-136.000001959503,0.460436567664146));
#8594=CARTESIAN_POINT('',(15.7892229687423,-135.500001959503,1.08663015067577));
#8595=CARTESIAN_POINT('',(15.7892229687423,-136.000001959503,1.08663015067577));
#8596=CARTESIAN_POINT('Ctrl Pts',(15.7892229687423,-135.500001959503,1.08663015067577));
#8597=CARTESIAN_POINT('Ctrl Pts',(15.792808081455,-135.500001959503,0.961244318338967));
#8598=CARTESIAN_POINT('Ctrl Pts',(15.799261500069,-135.500001959503,0.735542275151192));
#8599=CARTESIAN_POINT('Ctrl Pts',(15.918398798382,-135.500001959503,0.545086926399262));
#8600=CARTESIAN_POINT('Ctrl Pts',(15.9713509213179,-135.500001959503,0.460436567664146));
#8601=CARTESIAN_POINT('Ctrl Pts',(15.9713509213179,-136.000001959503,1.71077765524387));
#8602=CARTESIAN_POINT('Ctrl Pts',(15.9713509213179,-135.500001959503,1.71077765524387));
#8603=CARTESIAN_POINT('Ctrl Pts',(15.9184034453142,-136.000001959503,1.62664798828756));
#8604=CARTESIAN_POINT('Ctrl Pts',(15.9184034453142,-135.500001959503,1.62664798828756));
#8605=CARTESIAN_POINT('Ctrl Pts',(15.7990615172144,-136.000001959503,1.43702239283407));
#8606=CARTESIAN_POINT('Ctrl Pts',(15.7990615172144,-135.500001959503,1.43702239283407));
#8607=CARTESIAN_POINT('Ctrl Pts',(15.7927399159043,-136.000001959503,1.21188348506448));
#8608=CARTESIAN_POINT('Ctrl Pts',(15.7927399159043,-135.500001959503,1.21188348506448));
#8609=CARTESIAN_POINT('Ctrl Pts',(15.7892229687423,-136.000001959503,1.08663015067577));
#8610=CARTESIAN_POINT('Ctrl Pts',(15.7892229687423,-135.500001959503,1.08663015067577));
#8611=CARTESIAN_POINT('Ctrl Pts',(15.9713509213179,-136.000001959503,1.71077765524387));
#8612=CARTESIAN_POINT('Ctrl Pts',(15.9184034453142,-136.000001959503,1.62664798828756));
#8613=CARTESIAN_POINT('Ctrl Pts',(15.7990615172144,-136.000001959503,1.43702239283407));
#8614=CARTESIAN_POINT('Ctrl Pts',(15.7927399159043,-136.000001959503,1.21188348506448));
#8615=CARTESIAN_POINT('Ctrl Pts',(15.7892229687423,-136.000001959503,1.08663015067577));
#8616=CARTESIAN_POINT('Ctrl Pts',(15.9713509213179,-135.500001959503,1.71077765524387));
#8617=CARTESIAN_POINT('Ctrl Pts',(15.9184034453142,-135.500001959503,1.62664798828756));
#8618=CARTESIAN_POINT('Ctrl Pts',(15.7990615172144,-135.500001959503,1.43702239283407));
#8619=CARTESIAN_POINT('Ctrl Pts',(15.7927399159043,-135.500001959503,1.21188348506448));
#8620=CARTESIAN_POINT('Ctrl Pts',(15.7892229687423,-135.500001959503,1.08663015067577));
#8621=CARTESIAN_POINT('Ctrl Pts',(16.429741634056,-136.000001959503,-0.0491134077310562));
#8622=CARTESIAN_POINT('Ctrl Pts',(16.429741634056,-135.500001959503,-0.0491134077310562));
#8623=CARTESIAN_POINT('Ctrl Pts',(16.28652240545,-136.000001959503,-0.0385848624986973));
#8624=CARTESIAN_POINT('Ctrl Pts',(16.28652240545,-135.500001959503,-0.0385848624986973));
#8625=CARTESIAN_POINT('Ctrl Pts',(16.0090974824948,-136.000001959503,-0.0181903883882767));
#8626=CARTESIAN_POINT('Ctrl Pts',(16.0090974824948,-135.500001959503,-0.0181903883882767));
#8627=CARTESIAN_POINT('Ctrl Pts',(15.7947081934092,-136.000001959503,0.158193284140824));
#8628=CARTESIAN_POINT('Ctrl Pts',(15.7947081934092,-135.500001959503,0.158193284140824));
#8629=CARTESIAN_POINT('Ctrl Pts',(15.6909963022918,-136.000001959503,0.243519768118858));
#8630=CARTESIAN_POINT('Ctrl Pts',(15.6909963022918,-135.500001959503,0.243519768118858));
#8631=CARTESIAN_POINT('',(16.429741634056,-136.000001959503,-0.0491134077310562));
#8632=CARTESIAN_POINT('',(15.6909963022918,-136.000001959503,0.243519768118858));
#8633=CARTESIAN_POINT('Ctrl Pts',(16.429741634056,-136.000001959503,-0.0491134077310562));
#8634=CARTESIAN_POINT('Ctrl Pts',(16.28652240545,-136.000001959503,-0.0385848624986973));
#8635=CARTESIAN_POINT('Ctrl Pts',(16.0090974824948,-136.000001959503,-0.0181903883882767));
#8636=CARTESIAN_POINT('Ctrl Pts',(15.7947081934092,-136.000001959503,0.158193284140824));
#8637=CARTESIAN_POINT('Ctrl Pts',(15.6909963022918,-136.000001959503,0.243519768118858));
#8638=CARTESIAN_POINT('',(16.429741634056,-135.500001959503,-0.0491134077310562));
#8639=CARTESIAN_POINT('',(16.429741634056,-136.000001959503,-0.0491134077310562));
#8640=CARTESIAN_POINT('',(15.6909963022918,-135.500001959503,0.243519768118858));
#8641=CARTESIAN_POINT('Ctrl Pts',(16.429741634056,-135.500001959503,-0.0491134077310562));
#8642=CARTESIAN_POINT('Ctrl Pts',(16.28652240545,-135.500001959503,-0.0385848624986973));
#8643=CARTESIAN_POINT('Ctrl Pts',(16.0090974824948,-135.500001959503,-0.0181903883882767));
#8644=CARTESIAN_POINT('Ctrl Pts',(15.7947081934092,-135.500001959503,0.158193284140824));
#8645=CARTESIAN_POINT('Ctrl Pts',(15.6909963022918,-135.500001959503,0.243519768118858));
#8646=CARTESIAN_POINT('',(15.6909963022918,-136.000001959503,0.243519768118858));
#8647=CARTESIAN_POINT('Ctrl Pts',(16.9536157976836,-136.000001959503,0.0839018076658249));
#8648=CARTESIAN_POINT('Ctrl Pts',(16.9536157976836,-135.500001959503,0.0839018076658249));
#8649=CARTESIAN_POINT('Ctrl Pts',(16.8714695887386,-136.000001959503,0.0451067455815496));
#8650=CARTESIAN_POINT('Ctrl Pts',(16.8714695887386,-135.500001959503,0.0451067455815496));
#8651=CARTESIAN_POINT('Ctrl Pts',(16.7055315756907,-136.000001959503,-0.0332605412478382));
#8652=CARTESIAN_POINT('Ctrl Pts',(16.7055315756907,-135.500001959503,-0.0332605412478382));
#8653=CARTESIAN_POINT('Ctrl Pts',(16.522277387402,-136.000001959503,-0.0437942980709161));
#8654=CARTESIAN_POINT('Ctrl Pts',(16.522277387402,-135.500001959503,-0.0437942980709161));
#8655=CARTESIAN_POINT('Ctrl Pts',(16.429741634056,-136.000001959503,-0.0491134077310562));
#8656=CARTESIAN_POINT('Ctrl Pts',(16.429741634056,-135.500001959503,-0.0491134077310562));
#8657=CARTESIAN_POINT('',(16.9536157976836,-136.000001959503,0.0839018076658249));
#8658=CARTESIAN_POINT('Ctrl Pts',(16.9536157976836,-136.000001959503,0.0839018076658249));
#8659=CARTESIAN_POINT('Ctrl Pts',(16.8714695887386,-136.000001959503,0.0451067455815496));
#8660=CARTESIAN_POINT('Ctrl Pts',(16.7055315756907,-136.000001959503,-0.0332605412478382));
#8661=CARTESIAN_POINT('Ctrl Pts',(16.522277387402,-136.000001959503,-0.0437942980709161));
#8662=CARTESIAN_POINT('Ctrl Pts',(16.429741634056,-136.000001959503,-0.0491134077310562));
#8663=CARTESIAN_POINT('',(16.9536157976836,-135.500001959503,0.0839018076658249));
#8664=CARTESIAN_POINT('',(16.9536157976836,-136.000001959503,0.0839018076658249));
#8665=CARTESIAN_POINT('Ctrl Pts',(16.9536157976836,-135.500001959503,0.0839018076658249));
#8666=CARTESIAN_POINT('Ctrl Pts',(16.8714695887386,-135.500001959503,0.0451067455815496));
#8667=CARTESIAN_POINT('Ctrl Pts',(16.7055315756907,-135.500001959503,-0.0332605412478382));
#8668=CARTESIAN_POINT('Ctrl Pts',(16.522277387402,-135.500001959503,-0.0437942980709161));
#8669=CARTESIAN_POINT('Ctrl Pts',(16.429741634056,-135.500001959503,-0.0491134077310562));
#8670=CARTESIAN_POINT('Ctrl Pts',(17.3199185263366,-136.000001959503,0.456343814730644));
#8671=CARTESIAN_POINT('Ctrl Pts',(17.3199185263366,-135.500001959503,0.456343814730644));
#8672=CARTESIAN_POINT('Ctrl Pts',(17.2732276160338,-136.000001959503,0.380847353757549));
#8673=CARTESIAN_POINT('Ctrl Pts',(17.2732276160338,-135.500001959503,0.380847353757549));
#8674=CARTESIAN_POINT('Ctrl Pts',(17.1793252348873,-136.000001959503,0.229012715975906));
#8675=CARTESIAN_POINT('Ctrl Pts',(17.1793252348873,-135.500001959503,0.229012715975906));
#8676=CARTESIAN_POINT('Ctrl Pts',(17.0291298196128,-136.000001959503,0.132450545583265));
#8677=CARTESIAN_POINT('Ctrl Pts',(17.0291298196128,-135.500001959503,0.132450545583265));
#8678=CARTESIAN_POINT('Ctrl Pts',(16.9536157976836,-136.000001959503,0.0839018076658249));
#8679=CARTESIAN_POINT('Ctrl Pts',(16.9536157976836,-135.500001959503,0.0839018076658249));
#8680=CARTESIAN_POINT('',(17.3199185263366,-136.000001959503,0.456343814730644));
#8681=CARTESIAN_POINT('Ctrl Pts',(17.3199185263366,-136.000001959503,0.456343814730644));
#8682=CARTESIAN_POINT('Ctrl Pts',(17.2732276160338,-136.000001959503,0.380847353757549));
#8683=CARTESIAN_POINT('Ctrl Pts',(17.1793252348873,-136.000001959503,0.229012715975906));
#8684=CARTESIAN_POINT('Ctrl Pts',(17.0291298196128,-136.000001959503,0.132450545583265));
#8685=CARTESIAN_POINT('Ctrl Pts',(16.9536157976836,-136.000001959503,0.0839018076658249));
#8686=CARTESIAN_POINT('',(17.3199185263366,-135.500001959503,0.456343814730644));
#8687=CARTESIAN_POINT('',(17.3199185263366,-136.000001959503,0.456343814730644));
#8688=CARTESIAN_POINT('Ctrl Pts',(17.3199185263366,-135.500001959503,0.456343814730644));
#8689=CARTESIAN_POINT('Ctrl Pts',(17.2732276160338,-135.500001959503,0.380847353757549));
#8690=CARTESIAN_POINT('Ctrl Pts',(17.1793252348873,-135.500001959503,0.229012715975906));
#8691=CARTESIAN_POINT('Ctrl Pts',(17.0291298196128,-135.500001959503,0.132450545583265));
#8692=CARTESIAN_POINT('Ctrl Pts',(16.9536157976836,-135.500001959503,0.0839018076658249));
#8693=CARTESIAN_POINT('Ctrl Pts',(17.4467947613448,-136.000001959503,1.11732594668865));
#8694=CARTESIAN_POINT('Ctrl Pts',(17.4467947613448,-135.500001959503,1.11732594668865));
#8695=CARTESIAN_POINT('Ctrl Pts',(17.4442824502744,-136.000001959503,0.990668467399807));
#8696=CARTESIAN_POINT('Ctrl Pts',(17.4442824502744,-135.500001959503,0.990668467399807));
#8697=CARTESIAN_POINT('Ctrl Pts',(17.4397581097814,-136.000001959503,0.76257507202007));
#8698=CARTESIAN_POINT('Ctrl Pts',(17.4397581097814,-135.500001959503,0.76257507202007));
#8699=CARTESIAN_POINT('Ctrl Pts',(17.3568076208952,-136.000001959503,0.550608109400489));
#8700=CARTESIAN_POINT('Ctrl Pts',(17.3568076208952,-135.500001959503,0.550608109400489));
#8701=CARTESIAN_POINT('Ctrl Pts',(17.3199185263366,-136.000001959503,0.456343814730644));
#8702=CARTESIAN_POINT('Ctrl Pts',(17.3199185263366,-135.500001959503,0.456343814730644));
#8703=CARTESIAN_POINT('',(17.4467947613448,-136.000001959503,1.11732594668865));
#8704=CARTESIAN_POINT('Ctrl Pts',(17.4467947613448,-136.000001959503,1.11732594668865));
#8705=CARTESIAN_POINT('Ctrl Pts',(17.4442824502744,-136.000001959503,0.990668467399807));
#8706=CARTESIAN_POINT('Ctrl Pts',(17.4397581097814,-136.000001959503,0.76257507202007));
#8707=CARTESIAN_POINT('Ctrl Pts',(17.3568076208952,-136.000001959503,0.550608109400489));
#8708=CARTESIAN_POINT('Ctrl Pts',(17.3199185263366,-136.000001959503,0.456343814730644));
#8709=CARTESIAN_POINT('',(17.4467947613448,-135.500001959503,1.11732594668865));
#8710=CARTESIAN_POINT('',(17.4467947613448,-136.000001959503,1.11732594668865));
#8711=CARTESIAN_POINT('Ctrl Pts',(17.4467947613448,-135.500001959503,1.11732594668865));
#8712=CARTESIAN_POINT('Ctrl Pts',(17.4442824502744,-135.500001959503,0.990668467399807));
#8713=CARTESIAN_POINT('Ctrl Pts',(17.4397581097814,-135.500001959503,0.76257507202007));
#8714=CARTESIAN_POINT('Ctrl Pts',(17.3568076208952,-135.500001959503,0.550608109400489));
#8715=CARTESIAN_POINT('Ctrl Pts',(17.3199185263366,-135.500001959503,0.456343814730644));
#8716=CARTESIAN_POINT('Ctrl Pts',(17.1623470913619,-136.000001959503,1.92769430577755));
#8717=CARTESIAN_POINT('Ctrl Pts',(17.1623470913619,-135.500001959503,1.92769430577755));
#8718=CARTESIAN_POINT('Ctrl Pts',(17.2452136840518,-136.000001959503,1.81569346410177));
#8719=CARTESIAN_POINT('Ctrl Pts',(17.2452136840518,-135.500001959503,1.81569346410177));
#8720=CARTESIAN_POINT('Ctrl Pts',(17.4226881988233,-136.000001959503,1.57582243302428));
#8721=CARTESIAN_POINT('Ctrl Pts',(17.4226881988233,-135.500001959503,1.57582243302428));
#8722=CARTESIAN_POINT('Ctrl Pts',(17.4384124790664,-136.000001959503,1.27675336271603));
#8723=CARTESIAN_POINT('Ctrl Pts',(17.4384124790664,-135.500001959503,1.27675336271603));
#8724=CARTESIAN_POINT('Ctrl Pts',(17.4467947613448,-136.000001959503,1.11732594668865));
#8725=CARTESIAN_POINT('Ctrl Pts',(17.4467947613448,-135.500001959503,1.11732594668865));
#8726=CARTESIAN_POINT('',(17.1623470913619,-136.000001959503,1.92769430577755));
#8727=CARTESIAN_POINT('Ctrl Pts',(17.1623470913619,-136.000001959503,1.92769430577755));
#8728=CARTESIAN_POINT('Ctrl Pts',(17.2452136840518,-136.000001959503,1.81569346410177));
#8729=CARTESIAN_POINT('Ctrl Pts',(17.4226881988233,-136.000001959503,1.57582243302428));
#8730=CARTESIAN_POINT('Ctrl Pts',(17.4384124790664,-136.000001959503,1.27675336271603));
#8731=CARTESIAN_POINT('Ctrl Pts',(17.4467947613448,-136.000001959503,1.11732594668865));
#8732=CARTESIAN_POINT('',(17.1623470913619,-135.500001959503,1.92769430577755));
#8733=CARTESIAN_POINT('',(17.1623470913619,-136.000001959503,1.92769430577755));
#8734=CARTESIAN_POINT('Ctrl Pts',(17.1623470913619,-135.500001959503,1.92769430577755));
#8735=CARTESIAN_POINT('Ctrl Pts',(17.2452136840518,-135.500001959503,1.81569346410177));
#8736=CARTESIAN_POINT('Ctrl Pts',(17.4226881988233,-135.500001959503,1.57582243302428));
#8737=CARTESIAN_POINT('Ctrl Pts',(17.4384124790664,-135.500001959503,1.27675336271603));
#8738=CARTESIAN_POINT('Ctrl Pts',(17.4467947613448,-135.500001959503,1.11732594668865));
#8739=CARTESIAN_POINT('Ctrl Pts',(16.429741634056,-136.000001959503,2.2223737090826));
#8740=CARTESIAN_POINT('Ctrl Pts',(16.429741634056,-135.500001959503,2.2223737090826));
#8741=CARTESIAN_POINT('Ctrl Pts',(16.5710303103681,-136.000001959503,2.211391683638));
#8742=CARTESIAN_POINT('Ctrl Pts',(16.5710303103681,-135.500001959503,2.211391683638));
#8743=CARTESIAN_POINT('Ctrl Pts',(16.8466077904119,-136.000001959503,2.18997171583311));
#8744=CARTESIAN_POINT('Ctrl Pts',(16.8466077904119,-135.500001959503,2.18997171583311));
#8745=CARTESIAN_POINT('Ctrl Pts',(17.0588981015473,-136.000001959503,2.01362701367867));
#8746=CARTESIAN_POINT('Ctrl Pts',(17.0588981015473,-135.500001959503,2.01362701367867));
#8747=CARTESIAN_POINT('Ctrl Pts',(17.1623470913619,-136.000001959503,1.92769430577755));
#8748=CARTESIAN_POINT('Ctrl Pts',(17.1623470913619,-135.500001959503,1.92769430577755));
#8749=CARTESIAN_POINT('',(16.429741634056,-136.000001959503,2.2223737090826));
#8750=CARTESIAN_POINT('Ctrl Pts',(16.429741634056,-136.000001959503,2.2223737090826));
#8751=CARTESIAN_POINT('Ctrl Pts',(16.5710303103681,-136.000001959503,2.211391683638));
#8752=CARTESIAN_POINT('Ctrl Pts',(16.8466077904119,-136.000001959503,2.18997171583311));
#8753=CARTESIAN_POINT('Ctrl Pts',(17.0588981015473,-136.000001959503,2.01362701367867));
#8754=CARTESIAN_POINT('Ctrl Pts',(17.1623470913619,-136.000001959503,1.92769430577755));
#8755=CARTESIAN_POINT('',(16.429741634056,-135.500001959503,2.2223737090826));
#8756=CARTESIAN_POINT('',(16.429741634056,-136.000001959503,2.2223737090826));
#8757=CARTESIAN_POINT('Ctrl Pts',(16.429741634056,-135.500001959503,2.2223737090826));
#8758=CARTESIAN_POINT('Ctrl Pts',(16.5710303103681,-135.500001959503,2.211391683638));
#8759=CARTESIAN_POINT('Ctrl Pts',(16.8466077904119,-135.500001959503,2.18997171583311));
#8760=CARTESIAN_POINT('Ctrl Pts',(17.0588981015473,-135.500001959503,2.01362701367867));
#8761=CARTESIAN_POINT('Ctrl Pts',(17.1623470913619,-135.500001959503,1.92769430577755));
#8762=CARTESIAN_POINT('Ctrl Pts',(15.7462486159056,-136.000001959503,1.9809003919363));
#8763=CARTESIAN_POINT('Ctrl Pts',(15.7462486159056,-135.500001959503,1.9809003919363));
#8764=CARTESIAN_POINT('Ctrl Pts',(15.8463320754691,-136.000001959503,2.05131919626462));
#8765=CARTESIAN_POINT('Ctrl Pts',(15.8463320754691,-135.500001959503,2.05131919626462));
#8766=CARTESIAN_POINT('Ctrl Pts',(16.0513288644057,-136.000001959503,2.19555510528511));
#8767=CARTESIAN_POINT('Ctrl Pts',(16.0513288644057,-135.500001959503,2.19555510528511));
#8768=CARTESIAN_POINT('Ctrl Pts',(16.3016382221447,-136.000001959503,2.2132948541266));
#8769=CARTESIAN_POINT('Ctrl Pts',(16.3016382221447,-135.500001959503,2.2132948541266));
#8770=CARTESIAN_POINT('Ctrl Pts',(16.429741634056,-136.000001959503,2.2223737090826));
#8771=CARTESIAN_POINT('Ctrl Pts',(16.429741634056,-135.500001959503,2.2223737090826));
#8772=CARTESIAN_POINT('',(15.7462486159056,-136.000001959503,1.9809003919363));
#8773=CARTESIAN_POINT('Ctrl Pts',(15.7462486159056,-136.000001959503,1.9809003919363));
#8774=CARTESIAN_POINT('Ctrl Pts',(15.8463320754691,-136.000001959503,2.05131919626462));
#8775=CARTESIAN_POINT('Ctrl Pts',(16.0513288644057,-136.000001959503,2.19555510528511));
#8776=CARTESIAN_POINT('Ctrl Pts',(16.3016382221447,-136.000001959503,2.2132948541266));
#8777=CARTESIAN_POINT('Ctrl Pts',(16.429741634056,-136.000001959503,2.2223737090826));
#8778=CARTESIAN_POINT('',(15.7462486159056,-135.500001959503,1.9809003919363));
#8779=CARTESIAN_POINT('',(15.7462486159056,-136.000001959503,1.9809003919363));
#8780=CARTESIAN_POINT('Ctrl Pts',(15.7462486159056,-135.500001959503,1.9809003919363));
#8781=CARTESIAN_POINT('Ctrl Pts',(15.8463320754691,-135.500001959503,2.05131919626462));
#8782=CARTESIAN_POINT('Ctrl Pts',(16.0513288644057,-135.500001959503,2.19555510528511));
#8783=CARTESIAN_POINT('Ctrl Pts',(16.3016382221447,-135.500001959503,2.2132948541266));
#8784=CARTESIAN_POINT('Ctrl Pts',(16.429741634056,-135.500001959503,2.2223737090826));
#8785=CARTESIAN_POINT('Ctrl Pts',(15.4106416832656,-136.000001959503,1.08663015067577));
#8786=CARTESIAN_POINT('Ctrl Pts',(15.4106416832656,-135.500001959503,1.08663015067577));
#8787=CARTESIAN_POINT('Ctrl Pts',(15.419036158499,-136.000001959503,1.2695519688722));
#8788=CARTESIAN_POINT('Ctrl Pts',(15.419036158499,-135.500001959503,1.2695519688722));
#8789=CARTESIAN_POINT('Ctrl Pts',(15.4344760317325,-136.000001959503,1.60599821548402));
#8790=CARTESIAN_POINT('Ctrl Pts',(15.4344760317325,-135.500001959503,1.60599821548402));
#8791=CARTESIAN_POINT('Ctrl Pts',(15.6485596924244,-136.000001959503,1.86343082633766));
#8792=CARTESIAN_POINT('Ctrl Pts',(15.6485596924244,-135.500001959503,1.86343082633766));
#8793=CARTESIAN_POINT('Ctrl Pts',(15.7462486159056,-136.000001959503,1.9809003919363));
#8794=CARTESIAN_POINT('Ctrl Pts',(15.7462486159056,-135.500001959503,1.9809003919363));
#8795=CARTESIAN_POINT('',(15.4106416832656,-136.000001959503,1.08663015067577));
#8796=CARTESIAN_POINT('Ctrl Pts',(15.4106416832656,-136.000001959503,1.08663015067577));
#8797=CARTESIAN_POINT('Ctrl Pts',(15.419036158499,-136.000001959503,1.2695519688722));
#8798=CARTESIAN_POINT('Ctrl Pts',(15.4344760317325,-136.000001959503,1.60599821548402));
#8799=CARTESIAN_POINT('Ctrl Pts',(15.6485596924244,-136.000001959503,1.86343082633766));
#8800=CARTESIAN_POINT('Ctrl Pts',(15.7462486159056,-136.000001959503,1.9809003919363));
#8801=CARTESIAN_POINT('',(15.4106416832656,-135.500001959503,1.08663015067577));
#8802=CARTESIAN_POINT('',(15.4106416832656,-136.000001959503,1.08663015067577));
#8803=CARTESIAN_POINT('Ctrl Pts',(15.4106416832656,-135.500001959503,1.08663015067577));
#8804=CARTESIAN_POINT('Ctrl Pts',(15.419036158499,-135.500001959503,1.2695519688722));
#8805=CARTESIAN_POINT('Ctrl Pts',(15.4344760317325,-135.500001959503,1.60599821548402));
#8806=CARTESIAN_POINT('Ctrl Pts',(15.6485596924244,-135.500001959503,1.86343082633766));
#8807=CARTESIAN_POINT('Ctrl Pts',(15.7462486159056,-135.500001959503,1.9809003919363));
#8808=CARTESIAN_POINT('Ctrl Pts',(15.6909963022918,-136.000001959503,0.243519768118858));
#8809=CARTESIAN_POINT('Ctrl Pts',(15.6909963022918,-135.500001959503,0.243519768118858));
#8810=CARTESIAN_POINT('Ctrl Pts',(15.6093807523729,-136.000001959503,0.358503498526415));
#8811=CARTESIAN_POINT('Ctrl Pts',(15.6093807523729,-135.500001959503,0.358503498526415));
#8812=CARTESIAN_POINT('Ctrl Pts',(15.4310548178638,-136.000001959503,0.60973725482222));
#8813=CARTESIAN_POINT('Ctrl Pts',(15.4310548178638,-135.500001959503,0.60973725482222));
#8814=CARTESIAN_POINT('Ctrl Pts',(15.4178195065587,-136.000001959503,0.918941404995303));
#8815=CARTESIAN_POINT('Ctrl Pts',(15.4178195065587,-135.500001959503,0.918941404995303));
#8816=CARTESIAN_POINT('Ctrl Pts',(15.4106416832656,-136.000001959503,1.08663015067577));
#8817=CARTESIAN_POINT('Ctrl Pts',(15.4106416832656,-135.500001959503,1.08663015067577));
#8818=CARTESIAN_POINT('Ctrl Pts',(15.6909963022918,-136.000001959503,0.243519768118858));
#8819=CARTESIAN_POINT('Ctrl Pts',(15.6093807523729,-136.000001959503,0.358503498526415));
#8820=CARTESIAN_POINT('Ctrl Pts',(15.4310548178638,-136.000001959503,0.60973725482222));
#8821=CARTESIAN_POINT('Ctrl Pts',(15.4178195065587,-136.000001959503,0.918941404995303));
#8822=CARTESIAN_POINT('Ctrl Pts',(15.4106416832656,-136.000001959503,1.08663015067577));
#8823=CARTESIAN_POINT('Ctrl Pts',(15.6909963022918,-135.500001959503,0.243519768118858));
#8824=CARTESIAN_POINT('Ctrl Pts',(15.6093807523729,-135.500001959503,0.358503498526415));
#8825=CARTESIAN_POINT('Ctrl Pts',(15.4310548178638,-135.500001959503,0.60973725482222));
#8826=CARTESIAN_POINT('Ctrl Pts',(15.4178195065587,-135.500001959503,0.918941404995303));
#8827=CARTESIAN_POINT('Ctrl Pts',(15.4106416832656,-135.500001959503,1.08663015067577));
#8828=CARTESIAN_POINT('Origin',(19.7060026740655,-135.500001959503,1.48158244788647));
#8829=CARTESIAN_POINT('Origin',(12.3717601131648,-136.000001959503,0.354024395346642));
#8830=CARTESIAN_POINT('',(12.3717601131648,-136.000001959503,0.354024395346642));
#8831=CARTESIAN_POINT('',(12.3717601131648,-136.000001959503,-7.45058059692383E-8));
#8832=CARTESIAN_POINT('',(12.3717601131648,-136.000001959503,-0.82298780232663));
#8833=CARTESIAN_POINT('',(12.3717601131648,-135.500001959503,0.354024395346642));
#8834=CARTESIAN_POINT('',(12.3717601131648,-136.000001959503,0.354024395346642));
#8835=CARTESIAN_POINT('',(12.3717601131648,-135.500001959503,-7.45058059692383E-8));
#8836=CARTESIAN_POINT('',(12.3717601131648,-135.500001959503,0.354024395346642));
#8837=CARTESIAN_POINT('',(12.3717601131648,-136.000001959503,-7.45058059692383E-8));
#8838=CARTESIAN_POINT('Origin',(10.456343954429,-136.000001959503,0.354024395346642));
#8839=CARTESIAN_POINT('',(10.456343954429,-136.000001959503,0.354024395346642));
#8840=CARTESIAN_POINT('',(179.47817455139,-136.000001959503,0.354024395346642));
#8841=CARTESIAN_POINT('',(10.456343954429,-135.500001959503,0.354024395346642));
#8842=CARTESIAN_POINT('',(10.456343954429,-136.000001959503,0.354024395346642));
#8843=CARTESIAN_POINT('',(10.456343954429,-135.500001959503,0.354024395346642));
#8844=CARTESIAN_POINT('Origin',(10.638472167775,-136.000001959503,0.564802214503288));
#8845=CARTESIAN_POINT('',(10.638472167775,-136.000001959503,0.564802214503288));
#8846=CARTESIAN_POINT('',(82.2166267480004,-136.000001959503,83.4025297938928));
#8847=CARTESIAN_POINT('',(10.638472167775,-135.500001959503,0.564802214503288));
#8848=CARTESIAN_POINT('',(10.638472167775,-136.000001959503,0.564802214503288));
#8849=CARTESIAN_POINT('',(10.638472167775,-135.500001959503,0.564802214503288));
#8850=CARTESIAN_POINT('Origin',(12.3226467799395,-136.000001959503,2.64597527682781));
#8851=CARTESIAN_POINT('',(12.3226467799395,-136.000001959503,2.64597527682781));
#8852=CARTESIAN_POINT('',(77.703490679367,-136.000001959503,83.4385784503537));
#8853=CARTESIAN_POINT('',(12.3226467799395,-135.500001959503,2.64597527682781));
#8854=CARTESIAN_POINT('',(12.3226467799395,-136.000001959503,2.64597527682781));
#8855=CARTESIAN_POINT('',(12.3226467799395,-135.500001959503,2.64597527682781));
#8856=CARTESIAN_POINT('Origin',(12.3226467799395,-136.000001959503,3.00000004470348));
#8857=CARTESIAN_POINT('',(12.3226467799395,-136.000001959503,3.00000004470348));
#8858=CARTESIAN_POINT('',(12.3226467799395,-136.000001959503,0.500000022351791));
#8859=CARTESIAN_POINT('',(12.3226467799395,-135.500001959503,3.00000004470348));
#8860=CARTESIAN_POINT('',(12.3226467799395,-136.000001959503,3.00000004470348));
#8861=CARTESIAN_POINT('',(12.3226467799395,-135.500001959503,3.00000004470348));
#8862=CARTESIAN_POINT('Origin',(10.1739428471774,-136.000001959503,3.00000004470348));
#8863=CARTESIAN_POINT('',(10.1739428471774,-136.000001959503,3.00000004470348));
#8864=CARTESIAN_POINT('',(179.336973997764,-136.000001959503,3.00000004470348));
#8865=CARTESIAN_POINT('',(10.1739428471774,-135.500001959503,3.00000004470348));
#8866=CARTESIAN_POINT('',(10.1739428471774,-136.000001959503,3.00000004470348));
#8867=CARTESIAN_POINT('',(10.1739428471774,-135.500001959503,3.00000004470348));
#8868=CARTESIAN_POINT('Origin',(10.1739428471774,-136.000001959503,2.64597527682781));
#8869=CARTESIAN_POINT('',(10.1739428471774,-136.000001959503,2.64597527682781));
#8870=CARTESIAN_POINT('',(10.1739428471774,-136.000001959503,0.322987638413956));
#8871=CARTESIAN_POINT('',(10.1739428471774,-135.500001959503,2.64597527682781));
#8872=CARTESIAN_POINT('',(10.1739428471774,-136.000001959503,2.64597527682781));
#8873=CARTESIAN_POINT('',(10.1739428471774,-135.500001959503,2.64597527682781));
#8874=CARTESIAN_POINT('Origin',(11.8478856515139,-136.000001959503,2.64597527682781));
#8875=CARTESIAN_POINT('',(11.8478856515139,-136.000001959503,2.64597527682781));
#8876=CARTESIAN_POINT('',(180.173945399933,-136.000001959503,2.64597527682781));
#8877=CARTESIAN_POINT('',(11.8478856515139,-135.500001959503,2.64597527682781));
#8878=CARTESIAN_POINT('',(11.8478856515139,-136.000001959503,2.64597527682781));
#8879=CARTESIAN_POINT('',(11.8478856515139,-135.500001959503,2.64597527682781));
#8880=CARTESIAN_POINT('Ctrl Pts',(11.5368350874633,-136.000001959503,2.28990443050861));
#8881=CARTESIAN_POINT('Ctrl Pts',(11.5368350874633,-135.500001959503,2.28990443050861));
#8882=CARTESIAN_POINT('Ctrl Pts',(11.5892496869723,-136.000001959503,2.35437661275588));
#8883=CARTESIAN_POINT('Ctrl Pts',(11.5892496869723,-135.500001959503,2.35437661275588));
#8884=CARTESIAN_POINT('Ctrl Pts',(11.6887331492455,-136.000001959503,2.4767454941428));
#8885=CARTESIAN_POINT('Ctrl Pts',(11.6887331492455,-135.500001959503,2.4767454941428));
#8886=CARTESIAN_POINT('Ctrl Pts',(11.7967699337255,-136.000001959503,2.5916229940184));
#8887=CARTESIAN_POINT('Ctrl Pts',(11.7967699337255,-135.500001959503,2.5916229940184));
#8888=CARTESIAN_POINT('Ctrl Pts',(11.8478856515139,-136.000001959503,2.64597527682781));
#8889=CARTESIAN_POINT('Ctrl Pts',(11.8478856515139,-135.500001959503,2.64597527682781));
#8890=CARTESIAN_POINT('',(11.5368350874633,-136.000001959503,2.28990443050861));
#8891=CARTESIAN_POINT('Ctrl Pts',(11.5368350874633,-136.000001959503,2.28990443050861));
#8892=CARTESIAN_POINT('Ctrl Pts',(11.5892496869723,-136.000001959503,2.35437661275588));
#8893=CARTESIAN_POINT('Ctrl Pts',(11.6887331492455,-136.000001959503,2.4767454941428));
#8894=CARTESIAN_POINT('Ctrl Pts',(11.7967699337255,-136.000001959503,2.5916229940184));
#8895=CARTESIAN_POINT('Ctrl Pts',(11.8478856515139,-136.000001959503,2.64597527682781));
#8896=CARTESIAN_POINT('',(11.5368350874633,-135.500001959503,2.28990443050861));
#8897=CARTESIAN_POINT('',(11.5368350874633,-136.000001959503,2.28990443050861));
#8898=CARTESIAN_POINT('Ctrl Pts',(11.5368350874633,-135.500001959503,2.28990443050861));
#8899=CARTESIAN_POINT('Ctrl Pts',(11.5892496869723,-135.500001959503,2.35437661275588));
#8900=CARTESIAN_POINT('Ctrl Pts',(11.6887331492455,-135.500001959503,2.4767454941428));
#8901=CARTESIAN_POINT('Ctrl Pts',(11.7967699337255,-135.500001959503,2.5916229940184));
#8902=CARTESIAN_POINT('Ctrl Pts',(11.8478856515139,-135.500001959503,2.64597527682781));
#8903=CARTESIAN_POINT('Origin',(10.0000001490116,-136.000001959503,0.368349179625511));
#8904=CARTESIAN_POINT('',(10.0000001490116,-136.000001959503,0.368349179625511));
#8905=CARTESIAN_POINT('',(75.4497234541312,-136.000001959503,82.2022900532671));
#8906=CARTESIAN_POINT('',(10.0000001490116,-135.500001959503,0.368349179625511));
#8907=CARTESIAN_POINT('',(10.0000001490116,-136.000001959503,0.368349179625511));
#8908=CARTESIAN_POINT('',(10.0000001490116,-135.500001959503,0.368349179625511));
#8909=CARTESIAN_POINT('Origin',(10.0000001490116,-136.000001959503,-7.45058059692383E-8));
#8910=CARTESIAN_POINT('',(10.0000001490116,-136.000001959503,-7.45058059692383E-8));
#8911=CARTESIAN_POINT('',(10.0000001490116,-136.000001959503,-1.00000003725285));
#8912=CARTESIAN_POINT('',(10.0000001490116,-135.500001959503,-7.45058059692383E-8));
#8913=CARTESIAN_POINT('',(10.0000001490116,-136.000001959503,-7.45058059692383E-8));
#8914=CARTESIAN_POINT('',(10.0000001490116,-135.500001959503,-7.45058059692383E-8));
#8915=CARTESIAN_POINT('Origin',(12.3717601131648,-136.000001959503,-7.45058059692383E-8));
#8916=CARTESIAN_POINT('',(180.435882630758,-136.000001959503,-7.45058059692383E-8));
#8917=CARTESIAN_POINT('',(12.3717601131648,-135.500001959503,-7.45058059692383E-8));
#8918=CARTESIAN_POINT('Origin',(19.7060026740655,-135.500001959503,1.48158244788647));
#8919=CARTESIAN_POINT('Origin',(348.500005148351,-136.000001959503,-1.9999999999999));
#8920=CARTESIAN_POINT('Origin',(348.500005148351,-136.000001959503,-1.9999999999999));
#8921=CARTESIAN_POINT('Origin',(348.500005148351,-136.000001959503,-1.9999999999999));
#8922=CARTESIAN_POINT('Origin',(348.500005148351,-136.000001959503,-1.9999999999999));
#8923=CARTESIAN_POINT('Origin',(348.500005148351,-136.000001959503,-1.9999999999999));
#8924=CARTESIAN_POINT('Origin',(7.00000527501103,-8.00000208616257,-1.99999999999995));
#8925=CARTESIAN_POINT('',(6.00000527501103,-8.00000208616257,5.0000000000001));
#8926=CARTESIAN_POINT('',(7.00000527501103,-7.00000208616256,5.));
#8927=CARTESIAN_POINT('Origin',(7.00000527501103,-8.00000208616257,5.0000000000001));
#8928=CARTESIAN_POINT('',(7.00000527501103,-7.00000208616257,-3.99999999999999));
#8929=CARTESIAN_POINT('',(7.00000527501103,-7.00000208616257,-1.99999999999995));
#8930=CARTESIAN_POINT('',(6.00000527501103,-8.00000208616257,-3.99999999999999));
#8931=CARTESIAN_POINT('Origin',(7.00000527501103,-8.00000208616257,-3.9999999999999));
#8932=CARTESIAN_POINT('',(6.00000527501103,-8.00000208616257,-1.99999999999995));
#8933=CARTESIAN_POINT('Origin',(7.00000527501103,-7.00000208616257,-1.99999999999999));
#8934=CARTESIAN_POINT('',(326.500004865229,-7.00000208616256,5.));
#8935=CARTESIAN_POINT('',(348.500005148351,-7.00000208616256,5.));
#8936=CARTESIAN_POINT('',(326.500004865229,-7.00000208616257,1.50000010430813));
#8937=CARTESIAN_POINT('',(326.500004865229,-7.00000208616257,2.25000005215407));
#8938=CARTESIAN_POINT('',(327.000004865229,-7.00000208616257,1.0000001043081));
#8939=CARTESIAN_POINT('Origin',(327.000004865229,-7.00000208616257,1.50000010430807));
#8940=CARTESIAN_POINT('',(338.000005044043,-7.00000208616257,1.0000001043081));
#8941=CARTESIAN_POINT('',(167.00000507012,-7.00000208616257,1.00000010430767));
#8942=CARTESIAN_POINT('',(338.500005044043,-7.00000208616257,1.50000010430813));
#8943=CARTESIAN_POINT('Origin',(338.000005044043,-7.00000208616257,1.50000010430807));
#8944=CARTESIAN_POINT('',(338.500005044043,-7.00000208616256,5.));
#8945=CARTESIAN_POINT('',(338.500005044043,-7.00000208616257,-0.249999947845934));
#8946=CARTESIAN_POINT('',(350.000005148351,-7.00000208616256,5.));
#8947=CARTESIAN_POINT('',(348.500005148351,-7.00000208616256,5.));
#8948=CARTESIAN_POINT('',(350.000005148351,-7.00000208616257,-3.99999999999999));
#8949=CARTESIAN_POINT('',(350.000005148351,-7.00000208616257,-1.99999999999999));
#8950=CARTESIAN_POINT('',(349.500005148351,-7.00000208616257,-3.99999999999999));
#8951=CARTESIAN_POINT('Origin',(177.750005211681,-71.2500020228326,5.0000000000001));
#8952=CARTESIAN_POINT('',(6.00000527501103,-135.000001959503,5.0000000000001));
#8953=CARTESIAN_POINT('',(6.00000527501103,-134.500001959503,5.0000000000001));
#8954=CARTESIAN_POINT('',(7.00000527501103,-136.000001959503,5.0000000000001));
#8955=CARTESIAN_POINT('Origin',(7.00000527501103,-135.000001959503,5.0000000000001));
#8956=CARTESIAN_POINT('',(350.000005148351,-136.000001959503,5.0000000000001));
#8957=CARTESIAN_POINT('',(349.500005148351,-136.000001959503,5.0000000000001));
#8958=CARTESIAN_POINT('',(351.000005148351,-135.000001959503,5.));
#8959=CARTESIAN_POINT('Origin',(350.000005148351,-135.000001959503,5.0000000000001));
#8960=CARTESIAN_POINT('',(351.000005148351,-8.00000208616257,5.));
#8961=CARTESIAN_POINT('',(351.000005148351,-8.00000208616256,5.));
#8962=CARTESIAN_POINT('Origin',(350.000005148351,-8.00000208616257,5.0000000000001));
#8963=CARTESIAN_POINT('',(338.500005044043,-11.5000020861626,5.0000000000001));
#8964=CARTESIAN_POINT('',(338.500005044043,-39.1250020544976,5.0000000000001));
#8965=CARTESIAN_POINT('',(345.500005148351,-11.5000001713633,5.00000000000001));
#8966=CARTESIAN_POINT('',(94.6250026915222,-11.5000001713633,5.0000000000001));
#8967=CARTESIAN_POINT('',(345.500005148351,-41.375001097098,5.0000000000001));
#8968=CARTESIAN_POINT('',(11.5000001713634,-11.5000001713633,5.00000000000001));
#8969=CARTESIAN_POINT('',(11.5000001713634,-101.375001991168,5.0000000000001));
#8970=CARTESIAN_POINT('',(326.500004865229,-11.5000020861626,5.0000000000001));
#8971=CARTESIAN_POINT('',(94.6250026915222,-11.5000001713633,5.0000000000001));
#8972=CARTESIAN_POINT('',(326.500004865229,-39.1250020544976,5.0000000000001));
#8973=CARTESIAN_POINT('',(11.2500001341105,-10.0000001490116,5.0000000000001));
#8974=CARTESIAN_POINT('Origin',(9.00000013411045,-10.0000001490116,5.0000000000001));
#8975=CARTESIAN_POINT('',(350.250005185604,-133.000001981854,5.0000000000001));
#8976=CARTESIAN_POINT('Origin',(348.000005185604,-133.000001981854,5.0000000000001));
#8977=CARTESIAN_POINT('',(350.250005185604,-10.0000001490116,5.0000000000001));
#8978=CARTESIAN_POINT('Origin',(348.000005185604,-10.0000001490116,5.0000000000001));
#8979=CARTESIAN_POINT('',(11.2500001341105,-133.000001981854,5.0000000000001));
#8980=CARTESIAN_POINT('Origin',(9.00000013411045,-133.000001981854,5.0000000000001));
#8981=CARTESIAN_POINT('Origin',(350.000005148351,-8.00000208616257,-1.99999999999999));
#8982=CARTESIAN_POINT('',(351.000005148351,-8.00000208616257,-3.9999999999999));
#8983=CARTESIAN_POINT('',(351.000005148351,-8.00000208616257,-1.99999999999999));
#8984=CARTESIAN_POINT('Origin',(350.000005148351,-8.00000208616257,-3.9999999999999));
#8985=CARTESIAN_POINT('Origin',(351.000005148351,-8.00000208616257,-1.99999999999999));
#8986=CARTESIAN_POINT('',(351.000005148351,-135.000001959503,-3.9999999999999));
#8987=CARTESIAN_POINT('',(351.000005148351,-135.000001959503,-1.99999999999995));
#8988=CARTESIAN_POINT('',(351.000005148351,-134.500001959503,-3.9999999999999));
#8989=CARTESIAN_POINT('Origin',(7.00000527501103,-135.000001959503,-1.9999999999999));
#8990=CARTESIAN_POINT('',(6.00000527501103,-135.000001959503,-3.99999999999999));
#8991=CARTESIAN_POINT('',(7.00000527501103,-136.000001959503,-3.9999999999999));
#8992=CARTESIAN_POINT('Origin',(7.00000527501103,-135.000001959503,-3.9999999999999));
#8993=CARTESIAN_POINT('',(7.00000527501103,-136.000001959503,-1.9999999999999));
#8994=CARTESIAN_POINT('',(6.00000527501103,-135.000001959503,-1.9999999999999));
#8995=CARTESIAN_POINT('Origin',(348.500005148351,-136.000001959503,-1.9999999999999));
#8996=CARTESIAN_POINT('',(350.000005148351,-136.000001959503,-3.9999999999999));
#8997=CARTESIAN_POINT('',(348.500005148351,-136.000001959503,-3.9999999999999));
#8998=CARTESIAN_POINT('',(350.000005148351,-136.000001959503,-1.99999999999995));
#8999=CARTESIAN_POINT('Origin',(350.000005148351,-135.000001959503,-1.99999999999995));
#9000=CARTESIAN_POINT('Origin',(350.000005148351,-135.000001959503,-3.9999999999999));
#9001=CARTESIAN_POINT('Origin',(326.500004865229,-7.00000208616257,6.50000010430813));
#9002=CARTESIAN_POINT('',(326.500004865229,-11.5000020861626,1.50000010430813));
#9003=CARTESIAN_POINT('',(326.500004865229,-11.5000001713633,2.25000005215407));
#9004=CARTESIAN_POINT('',(326.500004865229,-7.00000208616257,1.50000010430813));
#9005=CARTESIAN_POINT('Origin',(338.500005044043,-7.00000208616257,1.50000010430813));
#9006=CARTESIAN_POINT('',(338.500005044043,-11.5000020861626,1.50000010430813));
#9007=CARTESIAN_POINT('',(338.500005044043,-7.00000208616257,1.50000010430813));
#9008=CARTESIAN_POINT('',(338.500005044043,-11.5000001713634,-0.24999994784593));
#9009=CARTESIAN_POINT('Origin',(338.000005044043,-7.00000208616257,1.50000010430807));
#9010=CARTESIAN_POINT('',(338.000005044043,-11.5000020861626,1.0000001043081));
#9011=CARTESIAN_POINT('',(338.000005044043,-7.00000208616257,1.0000001043081));
#9012=CARTESIAN_POINT('Origin',(338.000005044043,-11.5000001713634,1.50000010430807));
#9013=CARTESIAN_POINT('Origin',(327.000004865229,-7.00000208616257,1.0000001043081));
#9014=CARTESIAN_POINT('',(327.000004865229,-11.5000020861626,1.0000001043081));
#9015=CARTESIAN_POINT('',(327.000004865229,-7.00000208616257,1.0000001043081));
#9016=CARTESIAN_POINT('',(169.250002518296,-11.5000001713634,1.00000010430767));
#9017=CARTESIAN_POINT('Origin',(327.000004865229,-7.00000208616257,1.50000010430807));
#9018=CARTESIAN_POINT('Origin',(327.000004865229,-11.5000001713634,1.50000010430807));
#9019=CARTESIAN_POINT('Origin',(9.00000013411045,-133.000001981854,6.5));
#9020=CARTESIAN_POINT('',(11.2500001341105,-133.000001981854,1.9));
#9021=CARTESIAN_POINT('',(11.2500001341105,-133.000001981854,6.5));
#9022=CARTESIAN_POINT('Origin',(9.00000013411045,-133.000001981854,1.9));
#9023=CARTESIAN_POINT('Origin',(9.00000013411045,-133.000001981854,1.9));
#9024=CARTESIAN_POINT('',(10.5000001564622,-133.000001981854,1.9));
#9025=CARTESIAN_POINT('Origin',(9.00000013411045,-133.000001981854,1.9));
#9026=CARTESIAN_POINT('Origin',(348.000005185604,-10.0000001490116,6.5));
#9027=CARTESIAN_POINT('',(350.250005185604,-10.0000001490116,1.9));
#9028=CARTESIAN_POINT('',(350.250005185604,-10.0000001490116,6.5));
#9029=CARTESIAN_POINT('Origin',(348.000005185604,-10.0000001490116,1.9));
#9030=CARTESIAN_POINT('Origin',(348.000005185604,-10.0000001490116,1.9));
#9031=CARTESIAN_POINT('',(349.500005207956,-10.0000001490116,1.9));
#9032=CARTESIAN_POINT('Origin',(348.000005185604,-10.0000001490116,1.9));
#9033=CARTESIAN_POINT('Origin',(348.000005185604,-133.000001981854,6.5));
#9034=CARTESIAN_POINT('',(350.250005185604,-133.000001981854,1.9));
#9035=CARTESIAN_POINT('',(350.250005185604,-133.000001981854,6.5));
#9036=CARTESIAN_POINT('Origin',(348.000005185604,-133.000001981854,1.9));
#9037=CARTESIAN_POINT('Origin',(348.000005185604,-133.000001981854,1.9));
#9038=CARTESIAN_POINT('',(349.500005207956,-133.000001981854,1.9));
#9039=CARTESIAN_POINT('Origin',(348.000005185604,-133.000001981854,1.9));
#9040=CARTESIAN_POINT('Origin',(9.00000013411045,-10.0000001490116,6.5));
#9041=CARTESIAN_POINT('',(11.2500001341105,-10.0000001490116,1.9));
#9042=CARTESIAN_POINT('',(11.2500001341105,-10.0000001490116,6.5));
#9043=CARTESIAN_POINT('Origin',(9.00000013411045,-10.0000001490116,1.9));
#9044=CARTESIAN_POINT('Origin',(9.00000013411045,-10.0000001490116,1.9));
#9045=CARTESIAN_POINT('',(10.4999997653068,-10.0000001490116,1.9));
#9046=CARTESIAN_POINT('Origin',(9.00000013411045,-10.0000001490116,1.9));
#9047=CARTESIAN_POINT('Origin',(348.000005185604,-133.000001981854,6.5));
#9048=CARTESIAN_POINT('',(349.500005207956,-133.000001981854,-1.5));
#9049=CARTESIAN_POINT('',(349.500005207956,-133.000001981854,6.5));
#9050=CARTESIAN_POINT('Origin',(348.000005185604,-133.000001981854,-1.5));
#9051=CARTESIAN_POINT('Origin',(348.000005185604,-133.000001981854,-1.5));
#9052=CARTESIAN_POINT('Origin',(9.00000013411045,-133.000001981854,6.5));
#9053=CARTESIAN_POINT('',(10.5000001564622,-133.000001981854,-1.5));
#9054=CARTESIAN_POINT('',(10.5000001564622,-133.000001981854,6.5));
#9055=CARTESIAN_POINT('Origin',(9.00000013411045,-133.000001981854,-1.5));
#9056=CARTESIAN_POINT('Origin',(9.00000013411045,-133.000001981854,-1.5));
#9057=CARTESIAN_POINT('Origin',(348.000005185604,-10.0000001490116,6.5));
#9058=CARTESIAN_POINT('',(349.500005207956,-10.0000001490116,-1.5));
#9059=CARTESIAN_POINT('',(349.500005207956,-10.0000001490116,6.5));
#9060=CARTESIAN_POINT('Origin',(348.000005185604,-10.0000001490116,-1.5));
#9061=CARTESIAN_POINT('Origin',(348.000005185604,-10.0000001490116,-1.5));
#9062=CARTESIAN_POINT('Origin',(9.00000013411045,-10.0000001490116,6.5));
#9063=CARTESIAN_POINT('',(10.4999997653068,-10.0000001490116,-1.5));
#9064=CARTESIAN_POINT('',(10.4999997653068,-10.0000001490116,6.5));
#9065=CARTESIAN_POINT('Origin',(9.00000013411045,-10.0000001490116,-1.5));
#9066=CARTESIAN_POINT('Origin',(9.00000013411045,-10.0000001490116,-1.5));
#9067=CARTESIAN_POINT('Origin',(6.00000527501103,-134.500001959503,-1.9999999999999));
#9068=CARTESIAN_POINT('',(6.00000527501103,-8.00000208616257,-3.99999999999999));
#9069=CARTESIAN_POINT('Origin',(11.5000001713634,-131.500001959503,-1.9999999999999));
#9070=CARTESIAN_POINT('',(11.5000001713634,-11.5000001713634,-1.99999999999999));
#9071=CARTESIAN_POINT('',(11.5000001713634,-101.375001991168,-1.99999999999993));
#9072=CARTESIAN_POINT('',(11.5000001713634,-11.5000001713633,4.50000000000001));
#9073=CARTESIAN_POINT('Origin',(345.500005148351,-11.5000001713634,-1.99999999999999));
#9074=CARTESIAN_POINT('',(345.500005148351,-11.5000001713634,-1.99999999999999));
#9075=CARTESIAN_POINT('',(345.500005148351,-11.5000001713634,-1.99999999999999));
#9076=CARTESIAN_POINT('',(345.500005148351,-41.375001097098,-1.99999999999997));
#9077=CARTESIAN_POINT('Origin',(11.5000001713634,-11.5000001713634,-1.99999999999999));
#9078=CARTESIAN_POINT('',(94.6250026915222,-11.5000001713634,-1.99999999999999));
#9079=CARTESIAN_POINT('Origin',(177.750005211681,-71.2500020228326,-1.99999999999995));
#9080=CARTESIAN_POINT('Origin',(177.750005211681,-71.2500020228326,-3.9999999999999));
#9081=CARTESIAN_POINT('',(0.,0.,0.));
#9082=UNCERTAINTY_MEASURE_WITH_UNIT(LENGTH_MEASURE(0.01),#9088,
'DISTANCE_ACCURACY_VALUE',
'Maximum model space distance between geometric entities at asserted c
onnectivities');
#9083=UNCERTAINTY_MEASURE_WITH_UNIT(LENGTH_MEASURE(0.01),#9088,
'DISTANCE_ACCURACY_VALUE',
'Maximum model space distance between geometric entities at asserted c
onnectivities');
#9084=UNCERTAINTY_MEASURE_WITH_UNIT(LENGTH_MEASURE(0.01),#9088,
'DISTANCE_ACCURACY_VALUE',
'Maximum model space distance between geometric entities at asserted c
onnectivities');
#9085=(
GEOMETRIC_REPRESENTATION_CONTEXT(3)
GLOBAL_UNCERTAINTY_ASSIGNED_CONTEXT((#9082))
GLOBAL_UNIT_ASSIGNED_CONTEXT((#9088,#9090,#9091))
REPRESENTATION_CONTEXT('','3D')
);
#9086=(
GEOMETRIC_REPRESENTATION_CONTEXT(3)
GLOBAL_UNCERTAINTY_ASSIGNED_CONTEXT((#9083))
GLOBAL_UNIT_ASSIGNED_CONTEXT((#9088,#9090,#9091))
REPRESENTATION_CONTEXT('','3D')
);
#9087=(
GEOMETRIC_REPRESENTATION_CONTEXT(3)
GLOBAL_UNCERTAINTY_ASSIGNED_CONTEXT((#9084))
GLOBAL_UNIT_ASSIGNED_CONTEXT((#9088,#9090,#9091))
REPRESENTATION_CONTEXT('','3D')
);
#9088=(
LENGTH_UNIT()
NAMED_UNIT(*)
SI_UNIT(.MILLI.,.METRE.)
);
#9089=(
LENGTH_UNIT()
NAMED_UNIT(*)
SI_UNIT($,.METRE.)
);
#9090=(
NAMED_UNIT(*)
PLANE_ANGLE_UNIT()
SI_UNIT($,.RADIAN.)
);
#9091=(
NAMED_UNIT(*)
SI_UNIT($,.STERADIAN.)
SOLID_ANGLE_UNIT()
);
#9092=SHAPE_DEFINITION_REPRESENTATION(#9094,#9097);
#9093=SHAPE_DEFINITION_REPRESENTATION(#9095,#9098);
#9094=PRODUCT_DEFINITION_SHAPE('',$,#9100);
#9095=PRODUCT_DEFINITION_SHAPE('',$,#9101);
#9096=PRODUCT_DEFINITION_SHAPE($,$,#14);
#9097=SHAPE_REPRESENTATION('',(#4846,#5034),#9085);
#9098=SHAPE_REPRESENTATION('',(#4847),#9086);
#9099=PRODUCT_DEFINITION_CONTEXT('part definition',#9107,'design');
#9100=PRODUCT_DEFINITION('ZBoard-V1-PCB 1','ZBoard-V1 v50',#9102,#9099);
#9101=PRODUCT_DEFINITION('2026-03-23-20-33-15-679','Body (1)',#9103,#9099);
#9102=PRODUCT_DEFINITION_FORMATION('',$,#9109);
#9103=PRODUCT_DEFINITION_FORMATION('',$,#9110);
#9104=PRODUCT_RELATED_PRODUCT_CATEGORY('ZBoard-V1 v50','ZBoard-V1 v50',
(#9109));
#9105=PRODUCT_RELATED_PRODUCT_CATEGORY('Body (1)','Body (1)',(#9110));
#9106=APPLICATION_PROTOCOL_DEFINITION('international standard',
'automotive_design',2009,#9107);
#9107=APPLICATION_CONTEXT(
'Core Data for Automotive Mechanical Design Process');
#9108=PRODUCT_CONTEXT('part definition',#9107,'mechanical');
#9109=PRODUCT('ZBoard-V1-PCB 1','ZBoard-V1 v50',
'KiCad electronic assembly',(#9108));
#9110=PRODUCT('2026-03-23-20-33-15-679','Body (1)',$,(#9108));
#9111=PRESENTATION_STYLE_ASSIGNMENT((#9113));
#9112=PRESENTATION_STYLE_ASSIGNMENT((#9114));
#9113=SURFACE_STYLE_USAGE(.BOTH.,#9115);
#9114=SURFACE_STYLE_USAGE(.BOTH.,#9116);
#9115=SURFACE_SIDE_STYLE('',(#9117));
#9116=SURFACE_SIDE_STYLE('',(#9118));
#9117=SURFACE_STYLE_FILL_AREA(#9119);
#9118=SURFACE_STYLE_FILL_AREA(#9120);
#9119=FILL_AREA_STYLE('Steel - Satin',(#9121));
#9120=FILL_AREA_STYLE('Steel - Satin',(#9122));
#9121=FILL_AREA_STYLE_COLOUR('Steel - Satin',#9123);
#9122=FILL_AREA_STYLE_COLOUR('Steel - Satin',#9124);
#9123=COLOUR_RGB('Steel - Satin',0.627450980392157,0.627450980392157,0.627450980392157);
#9124=COLOUR_RGB('Steel - Satin',0.466666666666667,0.466666666666667,0.466666666666667);
ENDSEC;
END-ISO-10303-21;
